<?xml version="1.0" encoding="UTF-8"?>
<!DOCTYPE listofactions SYSTEM "actions.dtd">
<listofactions>
	<objecttype name="part" resourceBundle="com.itc.resource.CustomResourceRB">
		<action name="panel" type="part">
		<!--<component name="AttributePanelBuilder" windowType="page" />  -->
		<command url="netmarkets/jsp/training/AttributePanel.jsp" windowType="popup"/> 
		<label> Test </label>
		</action>
	

	<action name="createPartCustom" type="part"  class="wt.part.WTPart">
        <command url="/netmarkets/jsp/itc/createObject2.jsp"
		class="com.itc.processor.CreateObjectFormProcessor" windowType="popup"/>

     <!-- <includeFilter name="showNewActionPreValidation"/> -->
      </action>
	  
	  
	<action name="selectObject2" type="part"> 
	<command url="/netmarkets/jsp/itc/selectObject2.jsp" windowType="wizard_step"  />
	</action>
	<action name="setAttribute2" type="part" required="true"> 
	<command url="/netmarkets/jsp/itc/setAttribute2.jsp" windowType="wizard_step" />
	</action>
	
	<action name="createPartCustom2" type="part"  class="wt.part.WTPart">
        <command url="/netmarkets/jsp/itc/createObject.jsp"
		class="com.itc.processor.CreateObjectFormProcessor" windowType="popup"/>

     <!-- <includeFilter name="showNewActionPreValidation"/> -->
      </action>
	  
	  
	<action name="selectObject" type="part" required="true" afterJS="displayResult" >
	<command url="/netmarkets/jsp/itc/selectObject.jsp" windowType="wizard_step"  />
	</action>
	
	<action name="setAttribute" type="part" hidden="true" afterJS="checkResult">
	<command url="/netmarkets/jsp/itc/setAttribute.jsp" windowType="wizard_step" />
	</action>
	  </objecttype>
</listofactions>
