<?xml version="1.0" encoding="UTF-8"?>
<scheme>
	<series name="StateBased">
		<seed name="NUMERIC">
			<value>1</value>
			<value>2</value>
			<value>3</value>
			<value>4</value>
			<value>5</value>
			<value>6</value>
			<value>7</value>
			<value>8</value>
			<value>9</value>
			<value>10</value>
			<value>11</value>
			<value>12</value>
			<value>13</value>
			<value>14</value>
			<value>15</value>
			<value>16</value>
			<value>17</value>
			<value>18</value>
			<value>19</value>
			<value>20</value>
			<value>21</value>
			<value>22</value>
			<value>23</value>
			<value>24</value>
			<value>25</value>
			<value>26</value>
			<value>27</value>
			<value>28</value>
			<value>29</value>
			<value>30</value>
			<value>31</value>
			<value>32</value>
			<value>33</value>
			<value>34</value>
			<value>35</value>
			<value>36</value>
			<value>37</value>
			<value>38</value>
			<value>39</value>
			<value>40</value>
			<value>41</value>
			<value>42</value>
			<value>43</value>
			<value>44</value>
			<value>45</value>
			<value>46</value>
			<value>47</value>
			<value>48</value>
			<value>49</value>
			<value>50</value>
			<value>51</value>
			<value>52</value>
			<value>53</value>
			<value>54</value>
			<value>55</value>
			<value>56</value>
			<value>57</value>
			<value>58</value>
			<value>59</value>
			<value>60</value>
			<value>61</value>
			<value>62</value>
			<value>63</value>
			<value>64</value>
			<value>65</value>
			<value>66</value>
			<value>67</value>
			<value>68</value>
			<value>69</value>
			<value>70</value>
			<value>71</value>
			<value>72</value>
			<value>73</value>
			<value>74</value>
			<value>75</value>
			<value>76</value>
			<value>77</value>
			<value>78</value>
			<value>79</value>
			<value>80</value>
			<value>81</value>
			<value>82</value>
			<value>83</value>
			<value>84</value>
			<value>85</value>
			<value>86</value>
			<value>87</value>
			<value>88</value>
			<value>89</value>
			<value>90</value>
			<value>91</value>
			<value>92</value>
			<value>93</value>
			<value>94</value>
			<value>95</value>
			<value>96</value>
			<value>97</value>
			<value>98</value>
			<value>99</value>
		</seed>
		<seed name="MILSTD">
			<value>-</value>
			<value>A</value>
			<value>B</value>
			<value>C</value>
			<value>D</value>
			<value>E</value>
			<value>F</value>
			<value>G</value>
			<value>H</value>
			<value>J</value>
			<value>K</value>
			<value>L</value>
			<value>M</value>
			<value>N</value>
			<value>P</value>
			<value>R</value>
			<value>T</value>
			<value>U</value>
			<value>V</value>
			<value>W</value>
			<value>Y</value>
			<value>AA</value>
			<value>AB</value>
			<value>AC</value>
			<value>AD</value>
			<value>AE</value>
			<value>AF</value>
			<value>AG</value>
			<value>AH</value>
			<value>AJ</value>
			<value>AK</value>
			<value>AL</value>
			<value>AM</value>
			<value>AN</value>
			<value>AP</value>
			<value>AR</value>
			<value>AT</value>
			<value>AU</value>
			<value>AV</value>
			<value>AW</value>
			<value>AY</value>
		</seed>
	</series>
	<series name="NewNum">
		<seed name="SEEDA">
		<value>P1</value>
		<value>P2</value>
		<value>P3</value>
		<value>P4</value>
		<value>P5</value>
		</seed>
		<seed name="SEEDB">
		<value>A1</value>
		<value>A2</value>
		<value>A3</value>
		<value>A4</value>
		<value>A5</value>
		</seed>
	</series>
</scheme>
