<?xml version="1.0" encoding="UTF-8"?>
<!DOCTYPE listofactions SYSTEM "actions.dtd">

<!--<objecttype name="amit" resourceBundle="">	  
		<action name="ViewJSP1" >
		</action>  
</objecttype>-->
<objecttype name="saurabh" class="" resourceBundle="com.itc.training.Action_RB">
		 <action name="ViewJSP" > 
			<command class="com.itc.training.Test" method="execute" 
			 windowType ="popup" url ="/netmarkets/jsp/part/ViewJSP.jsp"/>
		</action>
</objecttype>
<objecttype name="xyz" class="" resourceBundle="com.itc.training.Action_RB">
		 <action name="docedit" > 
			<!--<command class="com.itc.training.Test" method="execute" 
			 windowType ="popup" url ="/netmarkets/jsp/part/ViewJSP.jsp"/>-->
		</action>
</objecttype>
<listofactions/>
