<?xml version="1.0"?>
<!DOCTYPE actionmodels SYSTEM '../../actionmodels.dtd'>

<!-- define the actions on the UI components -->
<actionmodels resourceBundle="com.ptc.arbortext.windchill.asps.structure.client.ASPSActionsRB">

 <model name="sis is templates toolbar actions">
	<action name="addISTemplate" type="corestruct" shortcut="true" />
	<action name="removeISPSTemplate" type="corestruct" shortcut="true" />
 </model>
 <model name="sis is template row actions">
    <action name="view" type="object"/>                         <!-- View Information -->
	<action name="addISTemplate" type="corestruct" shortcut="true" />
	<action name="removeISPSTemplate" type="corestruct" shortcut="true" />
	<action name="openInInfoStructureEditorView" type="asps"/>  <!-- Open in Info Structure Editor -->
 </model>
<!-- from the menu best practice guide:
	To follow UI standards, the action service is designed to only show the icons in the actions menu if those icons also appear in some toolbar anywhere in the system.
	the following model is the suggested work-around for actions who use icons but don't appear in toolbars-->
	<model name="toolbarModelNotUsedAnywhere">
	  <action name="openInIsoDrawJSP" type="asps"/>
	  <action name="openInCreoIllustrateJSP" type="asps"/>
	</model>

   <model name="ASPS.toolbar">
      <action name="editingGroup" type="asps"/>
      <action name="insertExisting" type="asps"/>
      <action name="insertExistingContent" type="asps"/>
      <action name="insertExistingSystem" type="asps"/>
      <action name="insertExistingStructure" type="asps"/>
      <action name="aspsRemove" type="asps"/>
      <action name="insertNew" type="asps"/>
      <action name="insertNewSystem" type="asps"/>
      <action name="insertMultipleNewSystem" type="asps"/>
	  <action name="insertNewDynamicDocument" type="corestruct"/>
	  <action name="insertNewGraphicDynamicDocument" type="corestruct"/>
	  <action name="insertNewPartsList" type="corestruct"/>
	  <!-- <action name="insertNewPlaceholder" type="corestruct"/> -->

      <action name="editSplitGWT" type="corestruct"/>
      <action name="editGWT" type="corestruct"/>
	  <!-- Start - Enable this code when this property is false structuresGraphicalNavigationReady -->
	  <!--<action name="editUsageLinkGWT" type="asps" />-->
	  <!-- End - Enable this code when this property is false structuresGraphicalNavigationReady-->
      <action name="renameGWT" type="corestruct"/>

      <action name="checkInOutGroup" type="asps"/>
      <action name="checkoutGWT" type="psb"/>
      <action name="undocheckoutGWT" type="psb"/>
      <action name="checkinGWT" type="psb"/>
      <action name="checkoutItems" type="corestruct" />
      <action name="findCheckoutItemsGWT" type="asps" />
      <action name="findAllCheckoutItemsGWT" type="corestruct" />

	  <action name="clipboardGroupGWT" type="psb" />
	  <action name="pasteFromClipboardToTreeWithLargeIconGWT" type="corestruct" />
	  <action name="copyToWindchillWithLargeIconGWT" type="corestruct" />
	  <action name="pasteFromClipboardToTreeGWT" type="corestruct" />
	  <action name="aspsPasteSelectToTreeGWT" type="asps" />
	  
      <action name="viewingGroup" type="asps"/>
      <action name="configurableTableViewGWT" type="cat"/>
      <action name="configurableTableViewListGWT" type="cat"/>
      <action name="separator" type="separator"/>
      <action name="saveStructureViewGWT" type="cat" />
      <action name="configurableTableViewManagerGWT" type="cat"/>
      <action name="displayGWT" type="cat"/>
      <action name="selectAllGWT" type="cat"/>
      <action name="separator" type="separator"/>
      <action name="expandAllLevelsFromRootGWT" type="cat" />					<!-- Changes start for story b-126253 	-->
      <action name="psbExpandSubmenuGWT" type="psb" />							
      <action name="expandOneLevelGWT" type="cat" />							<!-- creating submenuitem expand by 1 level  	-->
	  <action name="expandTwoLevelsGWT" type="cat" />							<!-- expand by 2 levels  						-->
	  <action name="expandThreeLevelsGWT" type="cat" />							<!-- expand by 3 levels 						-->
	  <action name="expandFourLevelsGWT" type="cat" />							<!-- expand by 4 levels 						-->
      <action name="expandFiveLevelsGWT" type="cat" />							<!-- expand by 5 levels 						-->
	  <action name="separator" type="separator" />								<!-- =======================================	-->
	  <action name="expandAllSelectedLevelsGWT" type="cat" />					<!-- expand by all levels  						-->
	  <action name="expandNLevelsGWT" type="cat" />								<!-- expand by n levels  						-->
	  <action name="collapseAllLevelsGWT" type="cat" />							<!-- collapse all  levels Changes end for story b-126253-->
      <action name="separator" type="separator"/>
      <action name="aspsStoreOrderedStructureGWT" type="asps" />
      <action name="separator" type="separator"/>
      <action name="refreshGWT" type="cat"/>

      <action name="new.addToGroup" type="asps"/>
      <action name="newActionsGWT" type="asps"/>
      <action name="saveAsGWT" type="asps"/>
      <action name="saveAsMasterCopyGWT" type="asps"/>
      <action name="ASPSreplaceWithLocalCopy" type="asps"/>
      <action name="separator" type="separator"/>
      <action name="newPromotionRequestGWT" type="corestruct"/>

      <action name="addToActionsGWT" type="psb"/>
      <action name="addToBaselineGWT" type="asps"/>
      <action name="addToPackageGWT" type="asps"/>

      <action name="filterGroup" type="psb"/>
      <action name="editFilter" type="psb"/>
      <action name="filterPropertiesSplitGWT" type="corestruct"/>
      <action name="filterPropertiesGWT" type="ec"/>
      <action name="generateFilterGWT" type="corestruct"/>
      <action name="savedFilters" type="psb"/>

	  <action name="PublishGroup" type="asps"/>
	  <action name="publishAspsRepresentationGWT" type="asps"/>

	  <action name="ToolsGroup" type="asps"/>
      <action name="openActionsASPS" type="asps"/>
	  <action name="openInInfoStructureEditor" type="asps"/>
	  <action name="openInEditor" type="asps"/>
	  <action name="openInPartsListEditorGWT" type="corestruct"/>
      <action name="psbReportsGroupGWT" type="psb" />
      <action name="psbReportsGWT" type="psb" />
      <action name="aspsReportDeliveryContentGWT" type="asps" />
      <action name="partListRequiringUpdateGWT" type="partlist" />
      <action name="partListRequiringRegenerationGWT" type="partlist" /> 
	  
   </model>

    <model name="expandSelectedByForIS" resourceBundle="com.ptc.arbortext.windchill.asps.structure.client.ASPSActionsRB">	<!-- Changes for story b-126253 starts		-->
    	<action name="expandOneLevelGWT" type="cat" />																		<!-- creating submenuitem expand by 1 level -->
		<action name="expandTwoLevelsGWT" type="cat" />																		<!-- expand by 2 levels  					-->
		<action name="expandThreeLevelsGWT" type="cat" />																	<!-- expand by 3 levels 					-->
		<action name="expandFourLevelsGWT" type="cat" />																	<!-- expand by 4 levels 					-->
      	<action name="expandFiveLevelsGWT" type="cat" />																	<!-- expand by 5 levels 					-->
		<action name="separator" type="separator" />																		<!-- =======================================-->
	  	<action name="expandAllSelectedLevelsGWT" type="cat" />																<!-- expand by all levels  					-->
	  	<action name="expandNLevelsGWT" type="cat" />																		<!-- expand by n levels  					-->
	</model>																												<!-- Changes for story b-126253 ends		-->

   <model name="ASPS.contextmenu" resourceBundle="com.ptc.arbortext.windchill.asps.structure.client.ASPSActionsRB">
   	  <action name="viewInfoGWT" type="cat"/>
      <action name="separator" type="separator"/>
      <submodel name="aspsContentmenu"/>
      <action name="separator" type="separator"/>
   	  <submodel name="insertNewContextMenu"/>
      <submodel name="insertExistingContextMenu"/>
      <action name="aspsRemove" type="asps"/>
      <submodel name="editContextMenu"/>
      <action name="ASPSeditItemOptionRules" type="asps"/>
      <action name="separator" type="separator"/>
      <action name="checkinGWT" type="psb"/>
      <action name="checkoutGWT" type="psb"/>
      <action name="undocheckoutGWT" type="psb"/>
      <action name="separator" type="separator"/>
      <action name="copyToWindchillGWT" type="corestruct" />
      <action name="pasteFromClipboardToTreeGWT" type="corestruct" />
      <submodel name="expandSelectedByForIS" />																	<!-- Change for story b-126253-->
      <action name="separator" type="separator"/>
      <submodel name="newTreeContextSubMenu"/>
      <action name="separator" type="separator"/>
      <submodel name="graphicalNavigation"/>
      <submodel name="addToContextMenu.action"/>
      <action name="separator" type="separator"/>
      <action name="publishAspsRepresentationGWTcontext" type="asps"/>
      <action name="separator" type="separator"/>
      <action name="generatePubstfromIS" type="corestruct"/>
      <action name="generateTranslationDocument" type="asps"/>
      <!-- Should only be uncommented for customers who need the Create Full Baseline action
      <action name="createFullBaseline" type="corestruct" />
       -->
      <action name="separator" type="separator" />
      <action name="manageApplicability" type="corestruct"/> <!-- Manage Applicability -->
      <action name="multiManageApplicability" type="corestruct"/> <!-- Multi Manage Applicability -->
      
      <action name="regenerate" type="corestruct"/>
      
      <action name="aspsReportDeliveryContentGWT" type="asps" />
      <action name="separator" type="separator" />
      <submodel name="s1000DMenu" type ="rules"/>
   </model>

   <model name="aspsContentmenu" type="asps"  resourceBundle="com.ptc.arbortext.windchill.asps.structure.client.ASPSActionsRB">
        <action name="openInInfoStructureEditor" type="asps"/>
        <action name="openInEditor" type="asps"/>
		<action name="openInPartsListEditorGWT" type="corestruct"/>
		<action name="openInIsoDraw" type="asps"/>
		<action name="openInCreoIllustrate" type="asps"/>
   </model>
   <model name="insertNewContextMenu" type="asps">
      <action name="insertNewSystem" type="asps"/>
      <action name="insertMultipleNewSystem" type="asps"/>
	  <action name="insertNewDynamicDocument" type="corestruct"/>
      <action name="insertNewGraphicDynamicDocument" type="corestruct"/>
      <action name="insertNewPartsList" type="corestruct"/>
	  <action name="insertNewDMC" type="rules"/>
	  <action name="insertNewDDN" type="rules"/>
	  <action name="insertNewDML" type="rules"/>
      <action name="insertNewICN" type="rules"/>
      <action name="insertNewCAGEICN" type="rules"/>
      <!-- <action name="insertNewPlaceholder" type="corestruct"/> -->
    </model>
    <model name="insertExistingContextMenu" type="asps">
      <action name="insertExistingContent" type="asps"/>
      <action name="insertExistingSystem" type="asps"/>
      <action name="insertExistingStructure" type="asps"/>
    </model>
    <model name="editContextMenu" type="asps" resourceBundle="com.ptc.arbortext.windchill.asps.structure.client.ASPSActionsRB">
      <action name="editGWT" type="corestruct"/>
	  <!-- Start - Enable this code when this property is false structuresGraphicalNavigationReady -->
	  <!--<action name="editUsageLinkGWT" type="asps" />-->
	  <!-- End - Enable this code when this property is false structuresGraphicalNavigationReady -->
      <action name="renameGWT" type="corestruct"/>
    </model>
    <model name="newTreeContextSubMenu" type="asps" resourceBundle="com.ptc.arbortext.windchill.asps.structure.client.ASPSActionsRB">
      <action name="saveAsGWT" type="asps"/>
      <action name="saveAsMasterCopyGWT" type="asps"/>
      <action name="ASPSreplaceWithLocalCopy" type="asps"/>
      <action name="separator" type="separator"/>
      <action name="newPromotionRequestGWT" type="corestruct"/>
      <!-- <action name="addGraphic" type="asps"/> -->
    </model>
    <model name="addToContextMenu.action" resourceBundle="com.ptc.arbortext.windchill.asps.structure.client.ASPSActionsRB">
      <action name="addToBaselineGWT" type="asps"/>
      <action name="addToPackageGWT" type="asps"/>
      <action name="exportS1000Dpackage" type="rules"/>
   </model>
   <model name="graphicalNavigation" type="asps" resourceBundle="com.ptc.arbortext.windchill.asps.structure.client.ASPSActionsRB">
     <action name="NewGraphicalRepresentation" type="asps"/>
   	 <!--<action name="manageRepresentations" type="asps"/>-->
     <action name="deleteVisualMappings" type="asps"/>
   </model>

   <!-- Visualization Toolbar -->
   <model name="aspsVizToolBar">
   	  <action name="zoomAllGWT" type="asps"/>
      <action name="zoomSelectedGWT" type="asps"/>
      <action name="setSpinCenterGWT" type="asps"/>
      <action name="toggleAutoSelectionGWT" type="asps"/>
      <action name="toggleAutoSelectionFromStructToVIZGWT" type="asps"/>
      <action name="toggleAutoSelectionFromVIZToStructGWT" type="asps"/>
      <action name="authorVisualMappingsMode" type="asps"/>
      <action name="SmartSelect" type="asps"/>
      <action name="doVisualMapping" type="asps"/>
      <action name="displayMappedRepresentationObjects" type="asps"/>
   </model>

   <!-- Representations and annotations table toolbar -->
   <model name="ASPS.RepsAndMarkupsToolbar">
   		<action name="copySelectedRepsAndMarkups" type="wvs" shortcut="true"/>
		<action name="deleteSelectedRepsAndMarkups" type="wvs"/>
		<action name="separator" type="separator" shortcut="true"/>
		<action name="pasteRepsAndMarkups" type="wvs" shortcut="true"/>
		<action name="pasteSelectRepsAndMarkups" type="wvs"/>
		<action name="NewGraphicalRepresentation_table" type="asps" shortcut="true"/>
		<action name="publishPubstRepresentation" type="pubst" shortcut="true"/>
		<action name="refreshComponent" type="object" shortcut="true"/>
		<action name="queueMonitorMain" type="wvs" shortcut="true"/>
   </model>
   
   <!-- Representations and annotations table toolbar for Product Hierarchy Types-->
   <model name="PH.RepsAndMarkupsToolbar">
        <action name="copySelectedRepsAndMarkups" type="wvs" shortcut="true"/>
        <action name="deleteSelectedRepsAndMarkups" type="wvs"/>
        <action name="separator" type="separator" shortcut="true"/>
        <action name="pasteRepsAndMarkups" type="wvs" shortcut="true"/>
        <action name="pasteSelectRepsAndMarkups" type="wvs"/>
        <action name="NewGraphicalRepresentation_table" type="asps" shortcut="true"/>
        <action name="refreshComponent" type="object" shortcut="true"/>
        <action name="queueMonitorMain" type="wvs" shortcut="true"/>
   </model>

   <!-- Add Graphical Representation wizard buttons -->
   <model name="ASPSNewRepFromFileWizardButtons">
   		<action name="prevButton"                     type="object"/>
	    <action name="nextButton"                     type="object"/>
	    <action name="submitPublishJob"               type="asps"/>
	    <action name="cancelButton"                   type="object"/>
   </model>

    <!-- ASPS information page Actions list AND Folders View for root and system nodes -->
   <model name="asps.row.actionsPubAspsDiv" menufor="WCTYPE|wt.part.WTPart|com.ptc.sis.Base|com.ptc.sis.BaseDiv|com.ptc.sis.IsGroup">
       <action name="view" type="object"/>                         <!-- View Information -->
       <action name="separator" type="separator"/>                 <!-- ===================================== -->
       <submodel name="parts.actions.open"/>                       <!-- Open In ==> -->
       <action name="separator" type="separator"/>                 <!-- ===================================== -->
       <action name="checkin" type="wip"/>                         <!-- Check In -->
       <action name="checkout" type="wip"/>                        <!-- Check Out -->
       <action name="undocheckout" type="object"/>                 <!-- Undo Checkout -->
       <action name="editJCA" type="corestruct"/> 		           <!-- Edit attributes menuitem from asps -->
       <action name="editItemOptionRules" type="filterTemplate"/>  <!-- Edit Item Option Rules -->
       <action name="REVISEITEMS" type="pdmObject"/>               <!-- New Revision -->
       <action name="separator" type="separator"/>                 <!-- ===================================== -->
       <submodel name="parts.actions.new"/>                        <!-- New ==> -->
       <action name="separator" type="separator"/>                 <!-- ===================================== -->
       <action name="copy" type="object"/>                         <!-- Copy -->
       <action name="WFSAVEAS" type="pdmObject"/>                  <!-- Save As -->
       <action name="renameJCA" type="corestruct"/>                <!-- Rename -->
       <action name="route" type="workflow"/>                      <!-- Route -->
       <action name="CONTAINERMOVE" type="pdmObject"/>             <!-- Move -->
       <action name="setState" type="lifecycle"/>                  <!-- Set State -->
       <action name="MULTI_OBJ_DELETE" type="pdmObject"/>          <!-- Delete (Non-Information page) -->
       <action name="MULTI_OBJ_DELETE_DETAILS" type="pdmObject"/>  <!-- Delete (Information page) -->
       <action name="deleteIterations" type="object"/>             <!-- Delete Non-latest Iterations -->
       <action name="reassignLC" type="lifecycle"/>                <!-- Reassign Life Cycle -->
       <action name="assignView" type="part"/>                     <!-- Reassign View -->
       <action name="separator" type="separator"/>                 <!-- ===================================== -->
       <submodel name="parts.toolbar.actions.add"/>                <!-- Add ==> -->
       <action name="separator" type="separator"/>                 <!-- ===================================== -->
       <submodel name="parts.actions.compare"/>                    <!-- Compare ==> -->
       <action name="separator" type="separator"/>                 <!-- ===================================== -->
       <action name="ManageSecurity" type="accessPermission"/>     <!-- Edit Access Control -->
       <action name="EDITSECURITYLABELS" type="object"/>           <!-- Edit Security Labels -->
       <action name="createSubscription" type="subscription"/>     <!-- Subscribe -->
       <!-- Add "Edit Localizable Properties (M020)-->             <!-- Edit Localizable Properties (M020)-->
	</model>


   <model name="asps.row.actionsPubAspsRootDiv" menufor="WCTYPE|wt.part.WTPart|com.ptc.sis.Base|com.ptc.sis.BaseDiv|com.ptc.sis.IsRoot">
       <action name="createISTranslationPackage" type="simTranslation"/>        <!-- Create Translation Package - Optional Windchill translation application -->
       <action name="cancelISTranslationPackage" type="simTranslation"/>        <!-- Cancel Translation Package - Optional Windchill translation application -->
       <action name="separator" type="separator" />                             <!-- ===================================== -->
       <action name="view" type="object"/>                         <!-- View Information -->
       <action name="separator" type="separator"/>                 <!-- ===================================== -->
       <submodel name="parts.actions.open"/>                       <!-- Open In ==> -->
       <action name="separator" type="separator"/>                 <!-- ===================================== -->
       <action name="checkin" type="wip"/>                         <!-- Check In -->
       <action name="checkout" type="wip"/>                        <!-- Check Out -->
       <action name="undocheckout" type="object"/>                 <!-- Undo Checkout -->
       <action name="editJCA" type="corestruct"/> 		           <!-- Edit attributes menuitem from asps -->
       <action name="editItemOptionRules" type="filterTemplate"/>  <!-- Edit Item Option Rules -->
       <action name="REVISEITEMS" type="pdmObject"/>               <!-- New Revision -->
       <action name="separator" type="separator"/>                 <!-- ===================================== -->
       <submodel name="parts.actions.new"/>                        <!-- New ==> -->
       <action name="separator" type="separator"/>                 <!-- ===================================== -->
       <action name="copy" type="object"/>                         <!-- Copy -->
       <action name="WFSAVEAS" type="pdmObject"/>                  <!-- Save As -->
       <action name="renameJCA" type="corestruct"/>                <!-- Rename -->
       <action name="route" type="workflow"/>                      <!-- Route -->
       <action name="CONTAINERMOVE" type="pdmObject"/>             <!-- Move -->
       <action name="setState" type="lifecycle"/>                  <!-- Set State -->
       <action name="MULTI_OBJ_DELETE" type="pdmObject"/>          <!-- Delete (Non-Information page) -->
       <action name="MULTI_OBJ_DELETE_DETAILS" type="pdmObject"/>  <!-- Delete (Information page) -->
       <action name="deleteIterations" type="object"/>             <!-- Delete Non-latest Iterations -->
       <action name="reassignLC" type="lifecycle"/>                <!-- Reassign Life Cycle -->
       <action name="assignView" type="part"/>                     <!-- Reassign View -->
       <action name="separator" type="separator"/>                 <!-- ===================================== -->
       <submodel name="parts.toolbar.actions.add"/>                <!-- Add ==> -->
       <action name="separator" type="separator"/>                 <!-- ===================================== -->
       <submodel name="parts.actions.compare"/>                    <!-- Compare ==> -->
       <action name="separator" type="separator"/>                 <!-- ===================================== -->
       <action name="setAsPrimaryIS" type="asps"/>
       <action name="separator" type="separator"/>                 <!-- ===================================== -->
       <action name="ManageSecurity" type="accessPermission"/>     <!-- Edit Access Control -->
       <action name="EDITSECURITYLABELS" type="object"/>           <!-- Edit Security Labels -->	
       <action name="createSubscription" type="subscription"/>     <!-- Subscribe -->
       <!-- Add "Edit Localizable Properties (M020)-->             <!-- Edit Localizable Properties (M020)-->
   </model>
   <!-- Model for GIE -->
	 <model name="asps.row.actionsPubAspsGIE" menufor="WCTYPE|wt.part.WTPart|com.ptc.sis.Base|com.ptc.sis.BaseDiv|com.ptc.sis.GenericIE">
       <action name="view" type="object"/>                         <!-- View Information -->
       <action name="separator" type="separator"/>                 <!-- ===================================== -->
       <submodel name="parts.actions.open"/>                       <!-- Open In ==> -->
       <action name="separator" type="separator"/>                 <!-- ===================================== -->
       <action name="checkin" type="wip"/>                         <!-- Check In -->
       <action name="checkout" type="wip"/>                        <!-- Check Out -->
       <action name="undocheckout" type="object"/>                 <!-- Undo Checkout -->
       <action name="editJCA" type="corestruct"/> 		           <!-- Edit attributes menuitem from asps -->
       <action name="editItemOptionRules" type="filterTemplate"/>  <!-- Edit Item Option Rules -->
       <action name="REVISEITEMS" type="pdmObject"/>               <!-- New Revision -->
       <action name="separator" type="separator"/>                 <!-- ===================================== -->
       <submodel name="parts.actions.new"/>                        <!-- New ==> -->
       <action name="separator" type="separator"/>                 <!-- ===================================== -->
       <action name="copy" type="object"/>                         <!-- Copy -->
       <action name="WFSAVEAS" type="pdmObject"/>                  <!-- Save As -->
       <action name="renameJCA" type="corestruct"/>                <!-- Rename -->
       <action name="route" type="workflow"/>                      <!-- Route -->
       <action name="CONTAINERMOVE" type="pdmObject"/>             <!-- Move -->
       <action name="setState" type="lifecycle"/>                  <!-- Set State -->
       <action name="MULTI_OBJ_DELETE" type="pdmObject"/>          <!-- Delete (Non-Information page) -->
       <action name="MULTI_OBJ_DELETE_DETAILS" type="pdmObject"/>  <!-- Delete (Information page) -->
       <action name="deleteIterations" type="object"/>             <!-- Delete Non-latest Iterations -->
       <action name="reassignLC" type="lifecycle"/>                <!-- Reassign Life Cycle -->
       <action name="assignView" type="part"/>                     <!-- Reassign View -->
       <action name="separator" type="separator"/>					<!-- ===================================== -->
       <action name="publishAspsRepresentation" type="corestruct"/><!--  Publish Representation -->
       <action name="separator" type="separator"/>                 <!-- ===================================== -->
       <submodel name="parts.toolbar.actions.add"/>                <!-- Add ==> -->
       <action name="separator" type="separator"/>                 <!-- ===================================== -->
       <submodel name="parts.actions.compare"/>                    <!-- Compare ==> -->
       <action name="separator" type="separator"/>                 <!-- ===================================== -->
       <action name="ManageSecurity" type="accessPermission"/>     <!-- Edit Access Control -->
       <action name="EDITSECURITYLABELS" type="object"/>           <!-- Edit Security Labels -->
       <action name="createSubscription" type="subscription"/>     <!-- Subscribe -->
       <!-- Add "Edit Localizable Properties (M020)-->             <!-- Edit Localizable Properties (M020)-->
	</model>

   <model name="parts.actions.open">
      <action name="openProductView" type="wvs"/>               <!-- Open in ProductView -->
      <action name="openInInfoStructureEditorView" type="asps"/>
   </model>

    <!-- ASPS information page Actions list for pubdocref type-->
   <model name="asps.row.actionsPubDocRef" menufor="WCTYPE|wt.part.WTPart|com.ptc.sis.Base|com.ptc.sis.Content|com.ptc.sis.ContentRef">
 	   <action name="view" type="object"/>                         <!-- View Information -->
       <action name="separator" type="separator"/>                 <!-- ===================================== -->
       <submodel name="parts.actions.open.pubdocref"/>             <!-- Open In ==> -->
       <action name="separator" type="separator"/>                 <!-- ===================================== -->
       <action name="checkin" type="wip"/>                         <!-- Check In -->
       <action name="checkout" type="wip"/>                        <!-- Check Out -->
       <action name="undocheckout" type="object"/>                 <!-- Undo Checkout -->
       <action name="editJCA" type="corestruct"/> 		           <!-- Edit attributes menuitem from asps -->
       <action name="editItemOptionRules" type="filterTemplate"/>  <!-- Edit Item Option Rules -->
       <action name="REVISEITEMS" type="pdmObject"/>               <!-- New Revision -->
       <action name="separator" type="separator"/>                 <!-- ===================================== -->
       <submodel name="parts.actions.new"/>                        <!-- New ==> -->
       <action name="separator" type="separator"/>                 <!-- ===================================== -->
       <action name="copy" type="object"/>                         <!-- Copy -->
       <action name="WFSAVEAS" type="pdmObject"/>                  <!-- Save As -->
       <action name="renameJCA" type="corestruct"/>                <!-- Rename -->
       <action name="route" type="workflow"/>                      <!-- Route -->
       <action name="CONTAINERMOVE" type="pdmObject"/>             <!-- Move -->
       <action name="setState" type="lifecycle"/>                  <!-- Set State -->
       <action name="MULTI_OBJ_DELETE" type="pdmObject"/>          <!-- Delete (Non-Information page) -->
       <action name="MULTI_OBJ_DELETE_DETAILS" type="pdmObject"/>  <!-- Delete (Information page) -->
       <action name="deleteIterations" type="object"/>             <!-- Delete Non-latest Iterations -->
       <action name="reassignLC" type="lifecycle"/>                <!-- Reassign Life Cycle -->
       <action name="assignView" type="part"/>                     <!-- Reassign View -->
       <action name="separator" type="separator"/>                 <!-- ===================================== -->
       <action name="publishAspsRepresentation" type="corestruct"/><!--  Publish Representation -->
       <action name="separator" type="separator"/>                 <!-- ===================================== -->
       <submodel name="parts.toolbar.actions.add"/>                <!-- Add ==> -->
       <action name="separator" type="separator"/>                 <!-- ===================================== -->
       <submodel name="parts.actions.compare"/>                    <!-- Compare ==> -->
       <action name="separator" type="separator"/>                 <!-- ===================================== -->
       <action name="ManageSecurity" type="accessPermission"/>     <!-- Edit Access Control -->
       <action name="EDITSECURITYLABELS" type="object"/>           <!-- Edit Security Labels -->
       <action name="createSubscription" type="subscription"/>     <!-- Subscribe -->
       <!-- Add "Edit Localizable Properties (M020)-->             <!-- Edit Localizable Properties (M020)-->
   </model>

   <model name="parts.actions.open.pubdocref">
      <action name="openProductView" type="wvs"/>               <!-- Open in ProductView -->
	  <action name="openInEditorJSP" type="asps"/>              <!-- Open in Arbortext Editor -->
	  <action name="openInIsoDrawJSP" type="asps"/>
	  <action name="openInCreoIllustrateJSP" type="asps"/>
   </model>

   <!-- ASPS information page Actions list for Parts List type-->
   <model name="asps.row.actionsPartsList" menufor="WCTYPE|wt.part.WTPart|com.ptc.sis.Base|com.ptc.sis.Content|com.ptc.sis.ContentRef|com.ptc.sis.PartsListRef">
 	   <action name="view" type="object"/>                         <!-- View Information -->
       <action name="separator" type="separator"/>                 <!-- ===================================== -->
       <submodel name="parts.actions.open.partlistref"/>             <!-- Open In ==> -->
       <action name="separator" type="separator"/>                 <!-- ===================================== -->
       <action name="checkin" type="wip"/>                         <!-- Check In -->
       <action name="checkout" type="wip"/>                        <!-- Check Out -->
       <action name="undocheckout" type="object"/>                 <!-- Undo Checkout -->
       <action name="editJCA" type="corestruct"/> 		           <!-- Edit attributes menuitem from asps -->
       <action name="editItemOptionRules" type="filterTemplate"/>  <!-- Edit Item Option Rules -->
       <action name="REVISEITEMS" type="pdmObject"/>               <!-- New Revision -->
       <action name="separator" type="separator"/>                 <!-- ===================================== -->
       <submodel name="parts.actions.new"/>                        <!-- New ==> -->
       <action name="separator" type="separator"/>                 <!-- ===================================== -->
       <action name="copy" type="object"/>                         <!-- Copy -->
       <action name="WFSAVEAS" type="pdmObject"/>                  <!-- Save As -->
       <action name="renameJCA" type="corestruct"/>                <!-- Rename -->
       <action name="route" type="workflow"/>                      <!-- Route -->
       <action name="CONTAINERMOVE" type="pdmObject"/>             <!-- Move -->
       <action name="setState" type="lifecycle"/>                  <!-- Set State -->
       <action name="MULTI_OBJ_DELETE" type="pdmObject"/>          <!-- Delete (Non-Information page) -->
       <action name="MULTI_OBJ_DELETE_DETAILS" type="pdmObject"/>  <!-- Delete (Information page) -->
       <action name="deleteIterations" type="object"/>             <!-- Delete Non-latest Iterations -->
       <action name="reassignLC" type="lifecycle"/>                <!-- Reassign Life Cycle -->
       <action name="assignView" type="part"/>                     <!-- Reassign View -->
       <action name="separator" type="separator"/>                 <!-- ===================================== -->
       <action name="publishAspsRepresentation" type="corestruct"/><!--  Publish Representation -->
       <action name="separator" type="separator"/>                 <!-- ===================================== -->
       <submodel name="parts.toolbar.actions.add"/>                <!-- Add ==> -->
       <action name="separator" type="separator"/>                 <!-- ===================================== -->
       <submodel name="parts.actions.compare"/>                    <!-- Compare ==> -->
       <action name="separator" type="separator"/>                 <!-- ===================================== -->
       <action name="ManageSecurity" type="accessPermission"/>     <!-- Edit Access Control -->
       <action name="EDITSECURITYLABELS" type="object"/>           <!-- Edit Security Labels -->
       <action name="createSubscription" type="subscription"/>     <!-- Subscribe -->
       <!-- Add "Edit Localizable Properties (M020)-->             <!-- Edit Localizable Properties (M020)-->
   </model>

   <model name="parts.actions.open.partlistref">
      <action name="openProductView" type="wvs"/>               <!-- Open in ProductView -->
	  <action name="openInPartsListEditor" type="asps"/>        <!-- Open in Parts List Editor -->
   </model>

  <model name="parts.actions.new">
      <action name="create" type="changeNotice"/>      <!-- New Change Notice -->
      <action name="create" type="changeRequest"/>     <!-- New Change Request -->
      <action name="create" type="problemReport"/>     <!-- New Problem Report -->
      <action name="create" type="variance"/>          <!-- New Variance -->
      <action name="create" type="promotionRequest"/>  <!-- Promote -->
      <action name="newViewVersion" type="part"/>              <!-- New View Version-->
   </model>

   <model name="parts.toolbar.actions.add">
      <action name="addToBaselineSingle" type="baseline"/>          <!-- Add to Baseline -->
      <action name="addToManagedCollectionSingle" type="managedcollection"/> <!-- Add to Managed Collection -->
      <action name="bookmarkIt" type="bookmark"/>                  <!-- Add to Notebook -->
      <action name="addToPackageSingle" type="wpcollection"/> 		<!-- Add to Package -->
   </model>

   <model name="parts.actions.compare">
      <action name="wtObjCompare" type="ocmp"/>              <!-- Compare Information -->
      <action name="launchStructureCompare" type="structureCompare"/>  <!-- Compare to Part Structure -->
   </model>

	<model name="third_level_nav_asps" resourceBundle="com.ptc.arbortext.windchill.asps.structure.client.ASPSActionsRB">
    	<submodel name="asps_general"/>                <!-- General -->
    	<submodel name="changes"/>                     <!-- Change -->
    	<submodel name="asps_relatedItems"/>               <!-- Related Objects -->
		<submodel name="asps_history"/>
		<submodel name="asps_collaboration"/>                      <!-- Collaboration -->
	</model>

<!-- ASPS specific customize action objects for 3rd level nav -->
    <model name="asps_general" resourceBundle="com.ptc.arbortext.windchill.asps.structure.client.ASPSActionsRB">
        <description>General 3rd level nav menu for ASPS Structure</description>
        <action name="visualizationAndAttributes" type="object"/>      <!-- Visualization and Attributes -->
        <action name="attributes" type="object"/>  					   <!-- More Attributes -->
        <action name="separator" type="separator" />                   <!-- ===================================== -->
        <action name="choices" type="choiceMappable"/>                 <!-- Assigned Choices -->
        <action name="listAssignedOptionSet" type="filterTemplate"/>   <!-- Assigned Option Sets -->
        <action name="separator" type="separator" />                   <!-- ===================================== -->
        <action name="reference" type="notebook"/>                     <!-- Notebook -->
        <action name="productFamilies" type="productfamily"/>          <!-- product family -->
        <action name="separator" type="separator"/>                    <!-- ===================================== -->
        <action name="whereUsed" type="object"/>                       <!-- Where Used -->
        <action name="separator" type="separator"/>                    <!-- ===================================== -->
        <action name="ASPSrepsAndMarkups" type="asps"/>                     <!-- Representations -->
    </model>
    <model name="asps_history" resourceBundle="com.ptc.arbortext.windchill.asps.structure.client.ASPSActionsRB">
        <description>History 3rd level nav menu for ASPS</description>
        <action name="timelineHistory" type="history"/>     <!-- Timeline -->
        <action name="separator" type="separator"/>         <!-- ================================ -->
        <action name="maturityHistory" type="history"/>     <!-- Maturity History -->
        <action name="versionHistory" type="history"/>      <!-- Verion History -->
        <action name="separator" type="separator"/>         <!-- ================================ -->
        <action name="processHistory" type="workflow"/>     <!-- Routing/Process History -->
        <action name="separator" type="separator"/>         <!-- ================================ -->
        <action name="renameHistory" type="object"/>        <!-- Rename History -->
        <action name="saveAsHistory" type="history"/>       <!-- Save-As History -->
    </model>
    <model name="asps_relatedItems" resourceBundle="com.ptc.arbortext.windchill.asps.structure.client.ASPSActionsRB">
        <description>Related Objects 3rd level nav menu for ASPS</description>
        <action name="relatedActionItems" type="actionitem"/>               <!-- Action Items -->
        <action name="annotationSets" type="annotation"/>                   <!-- Annotations -->
        <action name="relatedBaselines" type="object"/>                     <!-- Baselines -->
        <action name="relatedContexts" type="object"/>                      <!-- Contexts -->
        <action name="relatedManagedCollection" type="managedcollection"/>  <!-- Managed Collections -->
        <action name="relatedNotes" type="note"/>                           <!-- Notes -->
        <action name="relatedPackages" type="wp"/>                          <!-- Packages -->
        <action name="separator" type="separator"/>                         <!-- ================================ -->
        <action name="relatedPartsCADDocuments" type="part"/>               <!-- CAD/Dynamic Documents -->
        <action name="referencedByDynDoc" type="asps"/>               		<!-- Referenced By Dyn Doc -->   
        <action name="relatedPartsDocuments" type="part"/>                  <!-- Described By Documents -->
        <action name="relatedPartsReferences" type="part"/>                 <!-- References Documents -->
        <action name="translationSummary" type="translation"/>             <!-- Translation Summary -->
        <action name="translationContent" type="translation"/>             <!-- Translation Content -->
    </model>
	<model name="asps_collaboration" resourceBundle="com.ptc.arbortext.windchill.asps.structure.client.ASPSActionsRB">
		<description>Collaboration 3rd level nav menu for ASPS</description>
		<action name="discuss" type="forum"/>
		<action name="objectSubscriptions" type="subscription"/>
	</model>


   <!-- ASPS Info page tabs -->
   <model name="AspsInfoPageTabSet" resourceBundle="com.ptc.core.ui.navigationRB">
		<submodel name="aspsInfoDetailsTab"/>
		<action name="aspsTabStructureGWT" type="asps" />
		<submodel name="changesTab"/>
		<submodel name="amlAvlTab"/>
	</model>

	<!-- ASPS Info page tabs for pubdocref type -->
	<model name="AspsPubDocRefInfoPageTabSet">
		<submodel name="aspsInfoDetailsTab"/>
		<submodel name="ASPSInfoRelatedItemsTab"/>
		<submodel name="changesTab"/>
	 	<submodel name="partInfoHistoryTab"/>
		<submodel name="amlAvlTab"/>
	</model>
	<!-- for pubdocref types that don't use the related items tab -->
	<model name="AspsPubDocRefInfoPageTabSet_NoRelatedItems">
		<submodel name="aspsInfoDetailsTab"/>
		<submodel name="changesTab"/>
	 	<submodel name="partInfoHistoryTab"/>
		<submodel name="amlAvlTab"/>
	</model>

	<model name="ASPSInfoRelatedItemsTab" resourceBundle="com.ptc.arbortext.windchill.asps.structure.client.ASPSActionsRB">
		<action name="relatedPartsCADDocuments" type="part"/>
	</model>

    <model name="aspsInfoDetailsTab" resourceBundle="com.ptc.arbortext.windchill.asps.structure.client.ASPSActionsRB">
    	<action name="visualizationAndAttributes" type="object"/>
    	<action name="whereUsed" type="object"/>
    </model>

    <!-- Actions that only appear in a menu will not have their icons displayed.
         This model defines a toolbar not used anywhere.  Declaring the action
         here will allow the icon to display in the menus it is used in. -->
    <model name="toolbarModelNotUsedAnywhere">
       <action name="setAsPrimaryIS" type="asps"/>
    </model>
   
   <model name="service effectivity table actions">
   	<action name="addServiceEffectivity" type="corestruct" shortcut="true"/>
   	<action name="separator" type="separator"/>
   	<action name="modifyServiceEffectivity" type="corestruct" shortcut="true"/>
   	<action name="removeServiceEffectivity" type="corestruct" shortcut="true"/>
   </model>
   
   <model name="multi service effectivity table actions">
   	<action name="multiAddServiceEffectivity" type="corestruct" shortcut="true"/>
   	<action name="separator" type="separator"/>
   	<action name="multiModifyServiceEffectivity" type="corestruct" shortcut="true"/>
   	<action name="removeServiceEffectivity" type="corestruct" shortcut="true"/>
   </model> 
   
   <model name="informationElementList.toolbar">
	  <action name="refresh" type="corestruct"/>
      <action name="separator" type="separator"/>
	  <action name="openInEditorIE" type="corestruct"/>
	  <action name="openInPartsListEditorIE" type="corestruct"/>
	  <action name="openInIsoDrawIE" type="asps"/>
	  <action name="openInCreoIllustrateIE" type="asps"/>
      <action name="separator" type="separator"/>
   </model>
   
   <model name="informationElementList.contextmenu">
      <action name="viewInfoGWT" type="cat"/>  
      <action name="separator" type="separator"/>
	  <action name="openInEditorIE" type="corestruct"/>
	  <action name="openInPartsListEditorIE" type="corestruct"/>
	  <action name="openInIsoDrawIE" type="asps"/>
	  <action name="openInCreoIllustrateIE" type="asps"/>
      <action name="separator" type="separator"/>
      <action name="copyToWindchillGWT" type="corestruct" />
   </model>
   
   
   <model name="editLinkATO button asps">
      <action name="corestructLinkItemChoiceGWT" type="corestruct"/>
   </model>

    <model name="corestructFindCheckedOutItemsToolBar">
        <action name="checkinAndRemoveGWT" type="corestruct" />
        <action name="undocheckoutAndRemoveGWT" type="corestruct" />
        <action name="separator" type="separator" />
        <action name="compareInfoGWT" type="corestruct" />
    </model>

    <model name="corestructFindCheckedOutItemsContextMenu">
        <action name="checkinAndRemoveGWT" type="corestruct" />
        <action name="undocheckoutAndRemoveGWT" type="corestruct" />
        <action name="separator" type="separator" />
        <action name="compareInfoGWT" type="corestruct" />
   </model>
   
<!-- SIS PRODUCT Info page tabs -->
   <model name="AspsProductInfoPageTabSet" resourceBundle="com.ptc.arbortext.windchill.asps.structure.client.ASPSActionsRB">
		<submodel name="aspsproductInfoDetailsTab"/>
		<submodel name="productFamiliesTab"/>
		<action name="optionsManagerTab" type="optionmanager"/>
	</model>

 <model name="aspsproductInfoDetailsTab" resourceBundle="com.ptc.arbortext.windchill.asps.structure.client.ASPSActionsRB">
 		<description>
             Tables which will be shown in Product Info Page Details Tab.
 		 </description>
         <action name="productVisualizationAndAttributes" type="product"/> 
 		<action name="attributes"  type="object"/>
		<action name="endItems"    type="product"/>
		<action name="listPubStructures"	type="arbortext"/>
		<action name="listISRootStructures" type="asps"/>	
    </model>
    
    <model name="THIRD_LEVEL_NAV_PRODUCT">
           <submodel name="asps_product"/>                            <!-- General -->
           <submodel name="relatedObjectsProductMenu"/>                     <!-- Related Objects -->
           <submodel name="collaborationProductMenu"/>                      <!-- Collaboration -->
    </model>
     
    <model name="asps_product"  resourceBundle="com.ptc.arbortext.windchill.asps.structure.client.ASPSActionsRB">
 		<description>
             "General" 3rd level nav menu of Product
         </description>
        <action name="productVisualizationAndAttributes" type="product" />
        <action name="primaryAttributes" type="object"/>
        <action name="attributes" type="object"/>
        <action name="separator" type="separator"/>
   		<action name="endItems"    type="product"/>
 		<action name="separator" type="separator"/>
		<action name="listAssignedOptionSet"     type="filterTemplate"/>
		<action name="list"     type="filterTemplate"/>
 		<action name="separator" type="separator"/>
 		<action name="reference" type="notebook"/>
        <action name="productFamilies" type="productfamily"/>
  		<action name="separator" type="separator"/>		
 		<action name="listPubStructures"	type="arbortext"/>  
 		<action name="listISRootStructures" type="asps"/> 		
    </model>
    
 <!--  Toolbar buttons for IS Struct table -->
    <model name="ISRoot_toolbar_actions">
        <action name="createASPSWizard" type="asps" shortcut="true" />
        <action name="separator" type="separator" />                      
        <action name="openInInfoStructureEditorView" type="asps"/>  <!-- Open in Info Structure Editor -->
     	<action name="separator" type="separator" />
        <action name="WFMULTISAVEAS" type="folder" shortcut="true" />
        <action name="list_copy" type="object" />
        <action name="list_delete" type="object" shortcut="true" />
        <action name="refresh" type="cat" shortcut="true"/>
	</model>
    
<!--  Context menu for IS Struct table -->
    <model name="aspsTableContextMenu">
        <action name="view" type="object" />                              <!-- View Information -->
        <action name="separator" type="separator" />                      <!-- ===================================== -->
        <action name="openInInfoStructureEditorView" type="asps"/>			<!-- Open in IS Structure Editor -->
        <action name="separator" type="separator" />                      <!-- ===================================== -->
        <action name="checkin" type="wip" />                              <!-- Check In -->
        <action name="checkout" type="wip" />                             <!-- Check Out -->
        <action name="undocheckout" type="object" />                      <!-- Undo Checkout -->
        <action name="separator" type="separator" />                      <!-- ===================================== -->
        <action name="editJCA" type="pubst" />                            <!-- Edit Attributes... -->
        <action name="renameJCA" type="pubst" />                          <!-- Rename... -->
        <action name="separator" type="separator" />                      <!-- ===================================== -->
        <action name="copy" type="object" />                              <!-- Copy -->
        <action name="WFSAVEAS" type="pdmObject" />                       <!-- Save As -->
        <action name="MULTI_OBJ_DELETE" type="pdmObject" />               <!-- Delete (Non-Information page) -->
        <action name="separator" type="separator" />
        <action name="setAsPrimaryIS" type="asps"/>
        <action name="saveAsMasterCopy" type="asps"/>
   </model>

	<model name="multi_part_create_table_toolbar_actions">
		<action name="addObject" type="part" shortcut="true" />     <!-- Add Row -->
		<action name="addMultipleObjects" type="part" shortcut="true" />     <!-- Add 5 Rows -->
		<action name="remove" type="part" shortcut="true" />     <!-- Remove Selected Row -->
		<action name="editProperties" type="corestruct" shortcut="true" />   <!-- Edit Properties -->

		<!-- Set Classification Attribute Action in New Multiple Part Wizard -->
		<action name="setClassificationAttributesForMultiPart" type="part"
			shortcut="true" />
	</model>
	
	<model name="delivery_content_report_toolbar_actions">
        <action name="showAllDeliveryContent" type="corestruct" />
        <action name="showDifferentDeliveryContent" type="corestruct" />
        <submodel name="exportlisttofile_submenu" />
    </model>
 
</actionmodels>
