<?xml version="1.0"?>
<listofactions>
	<objecttype name="asps" resourceBundle="com.ptc.arbortext.windchill.asps.structure.client.ASPSActionsRB">

		<action name="aspsStructure" checkaccess="true" uicomponent="AS_SUPPORTED_PRODUCT_STRUCTURES">
			<command url="netmarkets/jsp/asps/asps.jsp"/>
		</action>

		<action name="aspsTabStructureGWT">
			<command url="netmarkets/jsp/asps/asps_tab.jsp"/>
		</action>

		<!-- Editing -->
		<action name="insertNewSystem">
			<command class="com.ptc.arbortext.windchill.asps.structure.client.action.InsertNewSystemAction" url="/ptc1/asps/createASPSSystem?showNewCADDocStep=false&amp;hideRevisionPicker=true&amp;hideAssociatePart=true&amp;invokedfrom=tabular_input&amp;permissionOnTypeId=sis.s1000D.IsGroup&amp;permission=CREATE"/>
			<includeFilter name="com.ptc.cat.ui.client.internal.action.OneSelectionFilter"/>
			<includeFilter name="com.ptc.cat.ui.client.internal.action.IsNotUnspecifiedIterationFilter"/>
			<includeFilter name="com.ptc.arbortext.windchill.corestruct.client.filters.IsPubDivFilter"/>
			<includeFilter name="com.ptc.arbortext.windchill.corestruct.client.filters.GenericIEFilter"/>
			<includeFilter name="hideForObjectInProject"/>
			<includeFilter name="structureGroupAssociationFilter"/>
			<includeFilter name="permissionsFilter"/>
		</action>

		<action name="insertMultipleNewSystem">
			<command class="com.ptc.arbortext.windchill.asps.structure.client.action.InsertMultipleNewSystemAction" url="?permissionOnTypeId=sis.s1000D.IsGroup&amp;permission=CREATE"/>
			<includeFilter name="com.ptc.cat.ui.client.internal.action.OneSelectionFilter"/>
			<includeFilter name="com.ptc.cat.ui.client.internal.action.IsNotUnspecifiedIterationFilter"/>
			<includeFilter name="com.ptc.arbortext.windchill.corestruct.client.filters.GenericIEFilter"/>
			<includeFilter name="com.ptc.arbortext.windchill.corestruct.client.filters.IsPubDivFilter"/>
			<includeFilter name="hideForObjectInProject"/>
			<includeFilter name="structureGroupAssociationFilter"/>
			<includeFilter name="permissionsFilter"/>
		</action>

		<action name="setAttributesWizStepForCreateMultiPart" ajax="row" required="true" preloadWizardPage="false" afterVK="nameNumberValidation">
			<command windowType="wizard_step"/>
		</action>

		<action name="insertExistingStructure">
			<command class="com.ptc.arbortext.windchill.asps.structure.client.action.InsertExistingISAction" url="?permissionOnTypeId=sis.DatamoduleHolder&amp;permission=CREATE"/>
			<includeFilter name="com.ptc.cat.ui.client.internal.action.OneSelectionFilter"/>
			<includeFilter name="com.ptc.cat.ui.client.internal.action.IsNotUnspecifiedIterationFilter"/>
			<includeFilter name="com.ptc.arbortext.windchill.corestruct.client.filters.IsPubDivFilter"/>
			<includeFilter name="com.ptc.arbortext.windchill.corestruct.client.filters.GenericIEFilter"/>
			<includeFilter name="hideForObjectInProject"/>
			<includeFilter name="structureGroupAssociationFilter"/>
			<includeFilter name="permissionsFilter"/>
		</action>

		<action name="insertExistingSystem">
			<command class="com.ptc.arbortext.windchill.asps.structure.client.action.InsertExistingDivAction" url="?permissionOnTypeId=sis.s1000D.IsGroup&amp;permission=CREATE"/>
			<includeFilter name="com.ptc.cat.ui.client.internal.action.OneSelectionFilter"/>
			<includeFilter name="com.ptc.cat.ui.client.internal.action.IsNotUnspecifiedIterationFilter"/>
			<includeFilter name="com.ptc.arbortext.windchill.corestruct.client.filters.GenericIEFilter"/>
			<includeFilter name="com.ptc.arbortext.windchill.corestruct.client.filters.IsPubDivFilter"/>
			<includeFilter name="hideForObjectInProject"/>
			<includeFilter name="structureGroupAssociationFilter"/>
			<includeFilter name="permissionsFilter"/>
		</action>

		<action name="insertExistingContent">
			<command class="com.ptc.arbortext.windchill.asps.structure.client.action.InsertContentAction" url="?permissionOnTypeId=com.ptc.sis.ContentRef&amp;permission=CREATE"/>
			<includeFilter name="com.ptc.cat.ui.client.internal.action.OneSelectionFilter"/>
			<includeFilter name="com.ptc.cat.ui.client.internal.action.IsNotUnspecifiedIterationFilter"/>
			<includeFilter name="com.ptc.arbortext.windchill.corestruct.client.filters.IsPubDivFilter"/>
			<includeFilter name="hideForObjectInProject"/>
			<includeFilter name="permissionsFilter"/>
		</action>

		<action name="aspsRemove">
			<command class="com.ptc.arbortext.windchill.asps.structure.client.action.ASPSRemoveAction" url="?permission=DELETE"/>
			<includeFilter name="com.ptc.cat.ui.client.internal.action.OneOrMoreSelectionFilter"/>
			<includeFilter name="com.ptc.cat.ui.client.internal.action.HaveParentFilter"/>
			<includeFilter name="com.ptc.cat.ui.client.internal.action.IsNotUnspecifiedIterationFilter"/>
			<includeFilter name="permissionsFilter"/>
		</action>

		<action name="ASPSreplaceWithLocalCopy" uicomponent="REPLACE_WITH_LOCAL_COPY">
			<command class="com.ptc.arbortext.windchill.asps.structure.client.action.ReplaceWithLocalCopyAction"/>
			<includeFilter name="com.ptc.cat.ui.client.internal.action.OneSelectionFilter"/>
			<includeFilter name="com.ptc.arbortext.windchill.corestruct.client.filters.NotCheckedOutFilter"/>
			<includeFilter name="com.ptc.arbortext.windchill.corestruct.client.filters.NotRootNodeFilter"/>
			<includeFilter name="ASPSreplaceWithLocalCopy"/>
			<!-- Don't allow replace with local copy on IEs until we can enforce copying of content too.  Story 4583609 -->
			<nonSupportedTypes>
			     <type value="com.ptc.sis.ContentRef"/>
			</nonSupportedTypes>
		</action>

		<action name="findCheckoutItemsGWT">
			<command class="com.ptc.arbortext.windchill.asps.structure.client.action.ASPSFindCheckedOutItemsAction"/>
		</action>

		<!-- Open In Info Struct Editor Action -->
		<action name="openInInfoStructureEditor">
		    <command class="com.ptc.arbortext.windchill.asps.structure.client.action.OpenInInfoStructureEditorAction"/>
            <includeFilter name="com.ptc.cat.ui.client.internal.action.OneSelectionFilter"/>
			<includeFilter name="com.ptc.cat.ui.client.internal.action.IsNotUnspecifiedIterationFilter"/>
			<includeFilter name="com.ptc.arbortext.windchill.corestruct.client.filters.NotRootNodeFilter"/>
			<includeFilter name="com.ptc.arbortext.windchill.corestruct.client.filters.IsPubDivFilter"/>
		</action>

		<action name="openInInfoStructureEditorView" ajax="row">
			<command class="com.ptc.arbortext.windchill.asps.forms.OpenInInfoStructureEditorFormProcessor" method="execute"/>
			<includeFilter name="openInInfoStructureEditorView"/>
		</action>

		<!-- Open In Arbortext Editors Actions -->
		<!--  Changed to allow action to be run on non-content holders -->
		<action name="openInEditor">
			<command class="com.ptc.arbortext.windchill.corestruct.client.action.OpenInEditorAction"/>
			<includeFilter name="com.ptc.cat.ui.client.internal.action.OneSelectionFilter"/>
			<includeFilter name="com.ptc.cat.ui.client.internal.action.IsNotUnspecifiedIterationFilter"/>
			<includeFilter name="hideForObjectInProject"/>
			<includeFilter name="ArbortextFilter"/>
		</action>

		<action name="openInEditorJSP">
			<command windowType="page" url="/netmarkets/jsp/corestruct/openInEditor.jsp"/>
			<includeFilter name="com.ptc.cat.ui.client.internal.action.OneSelectionFilter"/>
			<includeFilter name="com.ptc.cat.ui.client.internal.action.IsNotUnspecifiedIterationFilter"/>
			<includeFilter name="com.ptc.arbortext.windchill.asps.structure.client.action.RemoveContentFilter"/>
			<includeFilter name="openInEditorJSP"/>
			<includeFilter name="hideForObjectInProject"/>
		</action>

		<action name="openInPartsListEditor" ajax="row">
			<command class="com.ptc.arbortext.windchill.asps.forms.OpenInPartsListEditorFormProcessor" method="execute"/>
		</action>

		<!-- open in isoview / creo -->
		<action name="openInIsoDraw">
			<command class="com.ptc.arbortext.windchill.asps.structure.client.action.OpenInIsoDrawAction"/>
			<includeFilter name="com.ptc.cat.ui.client.internal.action.OneSelectionFilter"/>
			<includeFilter name="openInIsoDraw"/>
		</action>

		<action name="openInIsoDrawJSP">
			<command windowType="page" url="/netmarkets/jsp/asps/openInCad.jsp"/>
			<includeFilter name="openInIsoDrawJSP"/>
		</action>

		<action name="openInCreoIllustrate">
			<command class="com.ptc.arbortext.windchill.asps.structure.client.action.OpenInIsoDrawAction"/>
			<includeFiter name="openInCreoIllustrate"/>
			<includeFilter name="com.ptc.cat.ui.client.internal.action.OneSelectionFilter"/>
		</action>

		<action name="openInCreoIllustrateJSP">
			<command windowType="page" url="/netmarkets/jsp/asps/openInCad.jsp"/>
			<includeFiter name="openInCreoIllustrateJSP"/>
		</action>
		
		<action name="graphicalNavigation">
			<command class="com.ptc.cat.ui.client.action.NoAction"/>
		</action>
		
		<action name="deleteVisualMappings">
			<command class="com.ptc.arbortext.windchill.asps.structure.client.action.DeleteVisualMappingAction"/>
			<includeFilter name="com.ptc.cat.ui.client.internal.action.OneSelectionFilter"/>
			<includeFilter name="com.ptc.arbortext.windchill.corestruct.client.filters.IsPubDivFilter"/>
			<includeFilter name="deleteVisualMappings"/>
		</action>

		<action name="addGraphic">
			<command class="com.ptc.arbortext.windchill.asps.structure.client.action.AddGraphicAction" url="/netmarkets/jsp/wvs/newRep/decideEpmOrFile.jsp"/>
			<includeFilter name="com.ptc.cat.ui.client.internal.action.OneSelectionFilter"/>
			<includeFilter name="com.ptc.arbortext.windchill.corestruct.client.filters.IsPubDivFilter"/>
			<includeFilter name="hideForObjectInProject"/>
		</action>

		<!-- Placeholder actions for groups and menus in the advanced toolbar -->

		<action name="insertNew">
			<command class="com.ptc.cat.ui.client.action.NoAction"/>
			<includeFilter name="com.ptc.arbortext.windchill.corestruct.client.filters.IsPubDivFilter"/>
			<includeFilter name="hideForObjectInProject"/>
			<includeFilter name="com.ptc.cat.ui.client.internal.action.OneSelectionFilter"/>
		</action>

		<action name="insertExisting">
			<command class="com.ptc.cat.ui.client.action.NoAction"/>
			<includeFilter name="com.ptc.arbortext.windchill.corestruct.client.filters.IsPubDivFilter"/>
			<includeFilter name="com.ptc.cat.ui.client.internal.action.OneSelectionFilter"/>
		</action>

		<action name="editingGroup">
			<command class="com.ptc.cat.ui.client.action.NoAction"/>
		</action>

		<action name="checkInOutGroup">
			<command class="com.ptc.cat.ui.client.action.NoAction"/>
		</action>

		<action name="viewingGroup">
			<command class="com.ptc.cat.ui.client.action.NoAction"/>
		</action>

		<action name="new.addToGroup">
			<command class="com.ptc.cat.ui.client.action.NoAction"/>
		</action>

		<action name="ToolsGroup">
			<command class="com.ptc.cat.ui.client.action.NoAction"/>
		</action>

		<action name="newTreeContextSubMenu">
			<command class="com.ptc.cat.ui.client.action.NoAction"/>
		</action>

		<action name="newActionsGWT">
			<command class="com.ptc.cat.ui.client.action.NoAction"/>
		</action>

		<action name="PublishGroup">
			<command class="com.ptc.cat.ui.client.action.NoAction"/>
		</action>

		<action name="aspsContentmenu">
			<includeFilter name="com.ptc.arbortext.windchill.corestruct.client.filters.IsPubDivFilter"/>
			<includeFilter name="com.ptc.cat.ui.client.internal.action.OneSelectionFilter"/>
			<includeFilter name="hideForObjectInProject"/>
		</action>

		<action name="saveAsGWT" uicomponent="SAVE_AS">
			<command class="com.ptc.arbortext.windchill.asps.structure.client.action.SaveAsAction"/>
			<includeFilter name="com.ptc.cat.ui.client.internal.action.OneOrMoreSelectionFilter"/>
			<includeFilter name="com.ptc.cat.ui.client.internal.action.IsNotUnspecifiedIterationFilter"/>
		</action>

		<action name="saveAsMasterCopyGWT" type="asps" uicomponent="SAVE_AS_MASTER_STRUCTURE">
			<command class="com.ptc.arbortext.windchill.asps.structure.client.action.SaveAsMasterAction"/>
			<includeFilter name="com.ptc.cat.ui.client.internal.action.OneSelectionFilter"/>
			<includeFilter name="saveAsMasterCopyGWT"/>
		</action>
		<action name="saveAsMasterCopyWizStep" afterJS="SaveAsMasterCopy.showASPSRootConfirmation">
			<description>Only step for Save As Master Copy UI</description>
			<component name="corestruct.saveAsMasterCopyWizStep" windowType="wizard_step" urlParams=""/>
		</action>
		<action name="saveAsMasterLocation" ajax="row">
			<description>The toolbar action for the paste client</description>
			<component onClick="SaveAsMasterCopy.launchFolderPicker(event)"/>
		</action>

		<action name="generateTranslationDocument" uicomponent="GENERATE_TRANSLATION_DOCUMENT">
			<command class="com.ptc.arbortext.windchill.corestruct.client.action.GenerateLocalizationFileAction"/>
			<includeFilter name="generateTranslationDocument"/>
		
		</action>

		<!-- Viz Toolbar -->
		<action name="zoomAllGWT">
			<command class="com.ptc.cat.viz.client.action.ZoomAllAction"/>
			<includeFilter name="com.ptc.arbortext.windchill.asps.structure.client.filters.ValidRepresentationFilter"/>
		
		</action>

		<action name="zoomSelectedGWT">
			<command class="com.ptc.cat.viz.client.action.ZoomSelectedAction"/>
			<includeFilter name="com.ptc.arbortext.windchill.asps.structure.client.filters.ValidRepresentationFilter"/>
		</action>

		<action name="setSpinCenterGWT">
			<command class="com.ptc.cat.viz.client.action.SetSpinCenterAction"/>
			<includeFilter name="com.ptc.arbortext.windchill.asps.structure.client.filters.ValidRepresentationFilter"/>
		</action>

		<action name="toggleAutoSelectionGWT">
			<command class="com.ptc.cat.ui.client.action.NoAction"/>
			<includeFilter name="com.ptc.arbortext.windchill.asps.structure.client.filters.PVZRepresentationFilter"/>
		</action>

		<action name="toggleAutoSelectionFromStructToVIZGWT">
			<command class="com.ptc.cat.viz.client.action.ToggleAutoSelectionStructToVIZAction"/>
			<includeFilter name="com.ptc.arbortext.windchill.asps.structure.client.filters.PVZRepresentationFilter"/>
		</action>

		<action name="toggleAutoSelectionFromVIZToStructGWT">
			<command class="com.ptc.cat.viz.client.action.ToggleAutoSelectionVIZToStructAction"/>
			<includeFilter name="com.ptc.arbortext.windchill.asps.structure.client.filters.PVZRepresentationFilter"/>
		</action>

		<action name="SmartSelect">
			<command class="com.ptc.arbortext.windchill.asps.structure.client.action.SmartSelectAction"/>
			<includeFilter name="com.ptc.arbortext.windchill.asps.structure.client.filters.IsAuthorVisualMappings"/>
			<includeFilter name="com.ptc.arbortext.windchill.asps.structure.client.filters.PVZRepresentationFilter"/>
		</action>

		<action name="authorVisualMappingsMode">
			<command class="com.ptc.arbortext.windchill.asps.structure.client.action.AuthorVisualMappingsModeAction"/>
			<includeFilter name="com.ptc.arbortext.windchill.asps.structure.client.filters.PVZRepresentationFilter"/>
		</action>

		<action name="doVisualMapping">
			<command class="com.ptc.arbortext.windchill.asps.structure.client.action.DoVisualMappingAction"/>
			<includeFilter name="com.ptc.arbortext.windchill.asps.structure.client.filters.IsAuthorVisualMappings"/>
			<includeFilter name="com.ptc.arbortext.windchill.asps.structure.client.filters.PVZRepresentationFilter"/>
		</action>

		<action name="displayMappedRepresentationObjects">
			<command class="com.ptc.arbortext.windchill.asps.structure.client.action.DisplayMappedRepresentationObjectsAction"/>
			<includeFilter name="com.ptc.arbortext.windchill.asps.structure.client.filters.PVZRepresentationFilter"/>
		</action>

		<action name="publishAspsRepresentationGWT" resourceBundle="com.ptc.arbortext.windchill.corestruct.newrep.NewRepResource" ajax="component" uicomponent="PUBLISH_REPRESENTATION">
			<command class="com.ptc.arbortext.windchill.asps.structure.client.action.PublishAspsRepresentationAction" method="execute" windowType="popup"/>
			<includeFilter name="com.ptc.cat.ui.client.internal.action.OneSelectionFilter"/>
		</action>

		<action name="publishAspsRepresentationGWTcontext" resourceBundle="com.ptc.arbortext.windchill.corestruct.newrep.NewRepResource" ajax="component" uicomponent="PUBLISH_REPRESENTATION">
			<command class="com.ptc.arbortext.windchill.asps.structure.client.action.PublishAspsRepresentationAction" method="execute" windowType="popup"/>
			<includeFilter name="com.ptc.cat.ui.client.internal.action.OneSelectionFilter"/>
		</action>

		<action name="setAsPrimaryIS" ajax="row" selectRequired="true" uicomponent="SET_AS_PRIMARY_IS">
			<command class="com.ptc.arbortext.windchill.asps.forms.SetAsPrimaryISFormProcessor" method="execute"/>
			<includeFilter name="com.ptc.cat.ui.client.internal.action.OneSelectionFilter"/>

		</action>

		<action name="openActionsASPS">
			<command class="com.ptc.cat.ui.client.action.NoAction"/>
		</action>

		<action name="NewGraphicalRepresentation">
			<command class="com.ptc.arbortext.windchill.asps.structure.client.action.NewGraphicalRepresentationAction"/>
			<includeFilter name="com.ptc.cat.ui.client.internal.action.OneSelectionFilter"/>
			<includeFilter name="com.ptc.arbortext.windchill.corestruct.client.filters.IsPubDivFilter"/>
			<includeFilter name="com.ptc.arbortext.windchill.corestruct.client.filters.GenericIEFilter"/>
		</action>

		<!-- Representations / Annotations table toolbar -->
		<action name="NewGraphicalRepresentation_table">
			<command class="com.ptc.arbortext.windchill.corestruct.newrep.NewRepGraphicFormProcessor" method="execute" windowType="popup" url="netmarkets/jsp/asps/newrep/ASPSCreateFromFileWizard.jsp"/>
		</action>

		<!-- Add New Graphical Representation Wizard actions -->
		<action name="getFileStep" afterVK="getFileStepValidator" required="true">
			<command windowType="wizard_step" url="netmarkets/jsp/asps/newrep/ASPSGetFileStep.jsp" class="com.ptc.windchill.enterprise.wvs.newrep.forms.CreateFromFileFormDelegate"/>
		</action>

		<action name="submitPublishJob" id="PJL_wizard_ok">
			<command class="" method="" windowType="page" url="javascript:onSubmit()"/>
		</action>

		<!-- hidden search action on ASPS picker -->
		<action name="aspsPickerSearch" ajax="page">
			<command class="" method="" url="?pickerClear=false"/>
		</action>

		<action name="addToBaselineGWT" ajax="component">
			<command class="com.ptc.cat.ui.client.action.AddToBaselineAction" method="execute" url="/ptc1/baseline/addToBaseline" windowType="popup"/>
			<includeFilter name="com.ptc.cat.ui.client.internal.action.IsNotUnspecifiedIterationFilter"/>
			<includeFilter name="com.ptc.cat.ui.client.internal.action.OneOrMoreSelectionFilter"/>
			<includeFilter name="disableForNewObjectInWorkspace"/>
			<includeFilter name="com.ptc.cat.ui.client.internal.action.CheckinFilter"/>
		</action>

		<action name="addToPackageGWT" uicomponent="ADD_TO_PACKAGE" ajax="component">
			<command class="com.ptc.cat.ui.client.action.AddToPackageAction" method="execute" url="/ptc1/wpcollection/addToPackageSingle" windowType="popup"/>
			<includeFilter name="com.ptc.cat.ui.client.internal.action.OneSelectionFilter"/>
			<includeFilter name="com.ptc.cat.ui.client.internal.action.PackageObjectTypeFilter"/>
			<includeFilter name="com.ptc.cat.ui.client.internal.action.IsNotUnspecifiedIterationFilter"/>
			<includeFilter name="disableForNewObjectInWorkspace"/>
			<includeFilter name="com.ptc.cat.ui.client.internal.action.CheckinFilter"/>
			<includeFilter name="com.ptc.arbortext.windchill.corestruct.client.filters.GenericIEFilter"/>
			<nonSupportedTypes>
 				<type value="com.ptc.sis.GenericIE"/>
    		</nonSupportedTypes>

		</action>

		<!-- Components -->
		<action name="ASPSrepsAndMarkups">
			<component name="ASPS.RepsAndMarkupsTable"/>
		</action>

		<action name="showReports">
			<command class="com.ptc.arbortext.windchill.asps.structure.client.action.ShowReportsAction"/>
			<includeFilter name="ReportFilter"/>
		</action>
		<action name="openInIsoDrawIE">
			<command
				class="com.ptc.arbortext.windchill.asps.structure.client.action.OpenInIsoDrawAction" />
			<includeFilter
				name="com.ptc.cat.ui.client.internal.action.OneSelectionFilter" />
			<includeFilter name="openInIsoDrawIE" />
		</action>

		<action name="openInCreoIllustrateIE">
			<command
				class="com.ptc.arbortext.windchill.asps.structure.client.action.OpenInIsoDrawAction" />
			<includeFiter name="openInCreoIllustrateIE" />
			<includeFilter
				name="com.ptc.cat.ui.client.internal.action.OneSelectionFilter" />
		</action>

      <action name="listISRootStructures" checkaccess="true" uicomponent="AS_SUPPORTED_PRODUCT_STRUCTURES">
          <component name="corestruct.infoStructTable"/>
       </action>

       <action name="createASPSWizard" ajax="row" checkaccess="true" uicomponent="NEW_INFORMATION_STRUCTURE" resourceBundle="com.ptc.arbortext.windchill.asps.structure.client.ASPSActionsRB">
          <command class="com.ptc.arbortext.windchill.asps.forms.CreateNewInformationStructureFormProcessor" method="execute" url="/ptc1/asps/createASPSInformationStructure?invokedfrom=table" windowType="popup"/>
          <includeFilter name="hideForNonSIS"/>
       </action>

    <action name="saveAsMasterCopy" uicomponent="SAVE_AS_MASTER_STRUCTURE">
       	<description>Save As Master Copy UI</description>
       	<command class="com.ptc.arbortext.windchill.corestruct.forms.SaveAsMasterCopyFormProcessor" url="/netmarkets/jsp/corestruct/saveAsMasterCopy.jsp" windowType="popup"/>
       	<includeFilter name="com.ptc.arbortext.windchill.asps.structure.client.filters.ASPSRootFilter"/>
       	<includeFilter name="saveAsMasterCopy"/>
      </action>

      <action name="referencedGenerics">
      	<component name="referencedGenericsTable" windowType="page"/>
      </action>

      <action name="referencedByDynDoc">
      	<component name="referencedByDynDocTable" windowType="page"/>
      </action>
      
      <action name="aspsReportDeliveryContentGWT" uicomponent="DELIVERY_CONTENT_REPORT">
            <command
                class="com.ptc.arbortext.windchill.corestruct.client.action.DeliveryReportLaunchUrlAction"
                url="/netmarkets/jsp/corestruct/deliveryContentReport.jsp"
                method="execute"
                windowType="popup"
                />
            <includeFilter name="hideForSCNotInstalled" />
            <includeFilter name="com.ptc.cat.ui.client.internal.action.OneSelectionFilter"/>
            <includeFilter name="com.ptc.cat.ui.client.internal.action.IsNotUnspecifiedIterationFilter"/>
        </action>
      

		<action name="editUsageLinkGWT">
			<command class="com.ptc.arbortext.windchill.asps.structure.client.action.ASPSEditUsagesAction" />
		</action>
		
		<action name="createNewPlaceholder" ajax="row" uicomponent="CREATE_PART">
			<command class="com.ptc.arbortext.windchill.corestruct.forms.CreateNewPlaceholderFormProcessor" windowType="popup" method="execute" url="/ptc1/corestruct/createASPSPlaceholder?showNewCADDocStep=false&amp;hideRevisionPicker=true&amp;hideAssociatePart=true"/>
			<includeFilter name="com.ptc.cat.ui.client.internal.action.OneSelectionFilter"/>
			<includeFilter name="com.ptc.cat.ui.client.internal.action.IsNotUnspecifiedIterationFilter"/>
			<includeFilter name="com.ptc.arbortext.windchill.corestruct.client.filters.NotCheckedOutToOtherFilter"/>
		</action>
		
		<action name="aspsPasteSelectToTreeGWT" uicomponent="PASTE" ajax="row" >
            <command class="com.ptc.arbortext.windchill.asps.structure.client.action.ASPSPasteSelectPartsAction" method="execute" url="/ptc1/part/ti_paste_select_part?wizardType=multiPart&amp;invokedfrom=folder&amp;disableInContainerType=sis.Product" windowType="popup"/>
            <includeFilter name="com.ptc.cat.ui.client.internal.action.OneSelectionFilter"/>
            <includeFilter name="com.ptc.cat.ui.client.internal.action.IsNotUnspecifiedIterationFilter"/>
            <includeFilter name="com.ptc.cat.ui.client.internal.action.OriginalCopyFilter"/>
            <includeFilter name="com.ptc.arbortext.windchill.corestruct.client.filters.IsPubDivFilter"/>
            <includeFilter name="disableForAdminLocked"/>
            <includeFilter name="disableForNewObjectInWorkspace"/>
            <supportedTypes>
                <type value="wt.part.WTPart"/>
                <type value="wt.part.WTPartUsageLink"/>
                <type value="wt.part.PartUsesOccurrence"/>
                <type value="wt.part.RTPartPathOccurrence"/>
                <type value="com.ptc.arbortext.windchill.partlist.PartList"/>
            </supportedTypes>
            <includeFilter name="disableInContainerTypeFilter"/>
        </action>
	
		<action name="aspsStoreOrderedStructureGWT">
			<command class="com.ptc.arbortext.windchill.asps.structure.client.action.StoreOrderedStructureAction"/>
			<includeFilter name="com.ptc.arbortext.windchill.corestruct.client.filters.IsSortISByLineNumberFilter" />
			<includeFilter name="showForReleaseOptIn_11_0_10" />
		</action>
		
	</objecttype>

	<objecttype name="corestruct" resourceBundle="com.ptc.arbortext.windchill.corestruct.corestructActionsRB">
	 
        <action name="newPromotionRequestGWT" selectRequired="true" uicomponent="PROMOTE">
            <command class="com.ptc.cat.ui.client.action.NewPromotionRequestAction"/>
            <includeFilter name="restrictGuestMembers"/>
            <includeFilter name="hideForObjectInProject"/>
            <includeFilter name="com.ptc.cat.ui.client.internal.action.OneOrMoreSelectionFilter"/>
            <includeFilter name="com.ptc.cat.ui.client.internal.action.MultiIsNotUnspecifiedIterationFilter"/>
            <includeFilter name="disableForNewObjectInWorkspace"/>
            <includeFilter name="com.ptc.windchill.enterprise.part.psb.client.filters.UnsupportedActionsForReplacmentPartFilter"/>
            <includeFilter name="com.ptc.cat.ui.client.internal.action.DisableForBlankStructureModelsInSelectionFilter"/>
            <includeFilter name="showForReleaseOptIn_11_0_10"/>
        </action>

	   <action name="generatePubstfromIS" uicomponent="GENERATE_PUBLICATION_STRUCTURE">
          <command class="com.ptc.arbortext.windchill.corestruct.client.action.CreatePubstFromISAction"/>
			<includeFilter name="com.ptc.cat.ui.client.internal.action.CheckinFilter"/>
			<includeFilter name="com.ptc.cat.ui.client.internal.action.OneSelectionFilter"/>
			<includeFilter name="generatePubstfromIS"/>
       </action>

		<!-- Open In PartsList Editors Actions -->
		<action name="openInPartsListEditorGWT">
			<command class="com.ptc.arbortext.windchill.corestruct.client.action.OpenInPartsListEditorAction"/>
			<includeFilter name="com.ptc.cat.ui.client.internal.action.OneSelectionFilter"/>
			<includeFilter name="com.ptc.cat.ui.client.internal.action.IsNotUnspecifiedIterationFilter"/>
			<includeFilter name="com.ptc.arbortext.windchill.asps.structure.client.action.RemoveContentFilter"/>
			<includeFilter name="com.ptc.arbortext.windchill.corestruct.client.filters.PartsListTypeFilter"/>
		</action>

		<action name="refresh">
			<command class="com.ptc.arbortext.windchill.corestruct.client.action.RefreshAction"/>
		</action>

<!--  Information Element List actions for different UI label -->
		<action name="openInEditorIE">
			<command class="com.ptc.arbortext.windchill.corestruct.client.action.OpenInEditorAction"/>
			<includeFilter name="com.ptc.cat.ui.client.internal.action.OneSelectionFilter"/>
			<includeFilter name="com.ptc.cat.ui.client.internal.action.IsNotUnspecifiedIterationFilter"/>
			<includeFilter name="hideForObjectInProject"/>
			<includeFilter name="ArbortextFilter"/>
		</action>

		<action name="openInPartsListEditorIE">
			<command class="com.ptc.arbortext.windchill.corestruct.client.action.OpenInPartsListEditorAction"/>
			<includeFilter name="com.ptc.cat.ui.client.internal.action.OneSelectionFilter"/>
			<includeFilter name="com.ptc.cat.ui.client.internal.action.IsNotUnspecifiedIterationFilter"/>
				<includeFilter name="com.ptc.arbortext.windchill.corestruct.client.filters.PartsListTypeFilter"/>
		</action>

		<action name="saveAsMasterCopyWizStep">
			<description>Only step for Save As Master Copy UI</description>
			<component name="corestruct.saveAsMasterCopyWizStep" windowType="wizard_step" urlParams=""/>
		</action>
		<action name="saveAsMasterLocation" ajax="row">
			<description>The toolbar action for the paste client</description>
			<component onClick="SaveAsMasterCopy.launchFolderPicker(event)"/>
		</action>

		<action name="refreshGWT">
			<command class="com.ptc.arbortext.windchill.corestruct.client.action.ASPSRefreshAction"/>
		</action>

		<!-- For displaying Edit Attributes dialog -->
		<action name="editSplitGWT" ajax="component">
			<command class="com.ptc.arbortext.windchill.corestruct.client.action.EditCoreStructAction" method="execute" url="/netmarkets/jsp/corestruct/editCoreStruct?helpContext=ASPS" windowType="popup"/>
			<includeFilter name="com.ptc.cat.ui.client.internal.action.WTPartTypeFilter"/>
			<includeFilter name="com.ptc.cat.ui.client.internal.action.OneSelectionFilter"/>
		</action>

		<!-- For displaying Edit Attributes dialog -->
		<action name="editGWT" ajax="component">
			<command class="com.ptc.arbortext.windchill.corestruct.client.action.EditCoreStructAction" method="execute" url="/netmarkets/jsp/corestruct/editCoreStruct?helpContext=ASPS" windowType="popup"/>
			<includeFilter name="com.ptc.cat.ui.client.internal.action.WTPartTypeFilter"/>
			<includeFilter name="com.ptc.cat.ui.client.internal.action.OneSelectionFilter"/>
			<includeFilter name="com.ptc.cat.ui.client.internal.action.IsNotUnspecifiedIterationFilter"/>
		</action>

		<!-- For displaying Edit Attributes dialog from Actions dropdown and the
			Pub Struct Table -->
		<action name="editJCA" ajax="row">
			<command class="com.ptc.arbortext.windchill.corestruct.forms.EditCoreStructureFormProcessor" method="execute" url="/netmarkets/jsp/corestruct/editCoreStruct?helpContext=ASPS" windowType="popup"/>
			<includeFilter name="com.ptc.cat.ui.client.internal.action.WTPartTypeFilter"/>
			<includeFilter name="com.ptc.cat.ui.client.internal.action.OneSelectionFilter"/>
			<includeFilter name="com.ptc.cat.ui.client.internal.action.IsNotUnspecifiedIterationFilter"/>
		</action>

		<!-- Customized Edit Common Attributes dialog that just shows "Name" and
			"Number", so we use this as our Rename action from within the Info Structure
			and Pub Struct Editor. We define a new action here that is identical to the
			editCommonAttrsGWT action. -->
		<action name="renameGWT">
			<command class="com.ptc.arbortext.windchill.corestruct.client.action.EditCoreStructCommonAttributesAction" method="execute" url="/netmarkets/jsp/corestruct/editCoreStructCommonAttrsWizard?helpContext=ASPS&amp;hideInContainerType=sis.Product" windowType="popup"/>
			<includeFilter name="com.ptc.cat.ui.client.internal.action.OneSelectionFilter"/>
			<includeFilter name="com.ptc.cat.ui.client.internal.action.IsNotUnspecifiedIterationFilter"/>
			<includeFilter name="hideInContainerTypeFilter"/>
		</action>

		<!-- Customized Edit Common Attributes action that just shows "Name" and
			"Number", so we use this as our Rename action from within the Info Structure
			and Pub Struct Editor. Here we do similar to above action, but is for use
			with JCA...Actions dropdown and the Pub Struct Table. -->
		<action name="renameJCA" ajax="row">
			<command class="com.ptc.arbortext.windchill.corestruct.forms.EditCoreStructCommonAttrsFormProcessor" method="execute" url="/netmarkets/jsp/corestruct/editCoreStructCommonAttrsWizard?helpContext=ASPS&amp;disableInContainerType=sis.Product" windowType="popup"/>
			<includeFilter name="com.ptc.cat.ui.client.internal.action.OneSelectionFilter"/>
			<includeFilter name="com.ptc.cat.ui.client.internal.action.IsNotUnspecifiedIterationFilter"/>
			<includeFilter name="disableInContainerTypeFilter"/>
		</action>

 		<action name="moveUp">
            <command class="com.ptc.arbortext.windchill.corestruct.client.action.MoveUpAction"/>
            <includeFilter name="com.ptc.arbortext.windchill.pubstruct.client.filters.OneOrMoreContiguousSelectionFilter"/>
            <includeFilter name="com.ptc.arbortext.windchill.pubstruct.client.filters.NotFirstChildFilter"/>
            <includeFilter name="com.ptc.arbortext.windchill.pubstruct.client.filters.NotRootNodeFilter"/>
      	</action>
		<action name="promote">
            <command class="com.ptc.arbortext.windchill.corestruct.client.action.PromoteAction"
				url="?applyConstraintsInContainerType=sis.Product"/>
            <includeFilter name="com.ptc.arbortext.windchill.pubstruct.client.filters.OneOrMoreContiguousSelectionFilter"/>
            <includeFilter name="com.ptc.arbortext.windchill.pubstruct.client.filters.PromoteFilter"/>
            <includeFilter name="promoteAssociationConstraintFilter"/>
      	</action>
		<action name="moveDown">
            <command class="com.ptc.arbortext.windchill.corestruct.client.action.MoveDownAction"/>
            <includeFilter name="com.ptc.arbortext.windchill.pubstruct.client.filters.OneOrMoreContiguousSelectionFilter"/>
            <includeFilter name="com.ptc.arbortext.windchill.pubstruct.client.filters.NotLastChildFilter"/>
            <includeFilter name="com.ptc.arbortext.windchill.pubstruct.client.filters.NotRootNodeFilter"/>
      	</action>
		<action name="demote">
            <command class="com.ptc.arbortext.windchill.corestruct.client.action.DemoteAction"
				url="?applyConstraintsInContainerType=sis.Product"/>
            <includeFilter name="com.ptc.arbortext.windchill.pubstruct.client.filters.OneOrMoreContiguousSelectionFilter"/>
            <includeFilter name="com.ptc.arbortext.windchill.pubstruct.client.filters.DemoteFilter"/>
            <includeFilter name="demoteAssociationConstraintFilter"/>
      	</action>
      
      
		<action name="editCoreStructCommonAttrsWizardStep">
			<command class="" method="" windowType="wizard_step"/>
		</action>

		<action name="publishPubstRepresentation" resourceBundle="com.ptc.arbortext.windchill.corestruct.newrep.NewRepResource" uicomponent="PUBLISH_REPRESENTATION">
			<command class="com.ptc.arbortext.windchill.corestruct.newrep.NewRepFormProcessor" method="execute" windowType="popup" url="netmarkets/jsp/corestruct/newrep/newRepWizard.jsp"/>
		</action>
		
		<action name="publishPubstRepresentationWithLanguageChoice" resourceBundle="com.ptc.arbortext.windchill.corestruct.newrep.NewRepResource" uicomponent="PUBLISH_REPRESENTATION">
			<command class="com.ptc.arbortext.windchill.corestruct.newrep.NewRepFormProcessor" method="execute" windowType="popup" url="netmarkets/jsp/corestruct/newrep/newRepWizardWithLanguageChoice.jsp"/>
		</action>

		<action name="publishPubstRepresentationWithoutLanguageChoice" resourceBundle="com.ptc.arbortext.windchill.corestruct.newrep.NewRepResource" uicomponent="PUBLISH_REPRESENTATION">
			<command class="com.ptc.arbortext.windchill.corestruct.newrep.NewRepFormProcessor" method="execute" windowType="popup" url="netmarkets/jsp/corestruct/newrep/newRepWizardWithoutLanguageChoice.jsp"/>
		</action>

		<action name="newRepDefinitionStepWithLanguageChoice" resourceBundle="com.ptc.arbortext.windchill.corestruct.newrep.NewRepResource">
			<command windowType="wizard_step" url="netmarkets/jsp/corestruct/newrep/newRepDefinitionStepWithLanguageChoice.jsp"/>
		</action>
		
		<action name="newRepNameDescriptionStep" resourceBundle="com.ptc.arbortext.windchill.corestruct.newrep.NewRepResource">
            <command windowType="wizard_step" url="netmarkets/jsp/corestruct/newrep/newRepNameDescriptionStep.jsp"/>
        </action>		
		
		<action name="newRepLanguageSelectStep" resourceBundle="com.ptc.arbortext.windchill.corestruct.newrep.NewRepResource">
            <command windowType="wizard_step" url="netmarkets/jsp/corestruct/newrep/newRepSelectLanguageStep.jsp"/>
		</action>

		<action name="newRepDefinitionStepWithoutLanguageChoice" resourceBundle="com.ptc.arbortext.windchill.corestruct.newrep.NewRepResource">
			<command windowType="wizard_step" url="netmarkets/jsp/corestruct/newrep/newRepDefinitionStepWithoutLanguageChoice.jsp"/>
		</action>

		<action name="publishAspsRepresentation" resourceBundle="com.ptc.arbortext.windchill.corestruct.newrep.NewRepResource" uicomponent="PUBLISH_REPRESENTATION">
			<command class="com.ptc.arbortext.windchill.corestruct.newrep.NewRepFormProcessor" method="execute" windowType="popup" url="netmarkets/jsp/corestruct/newrep/newRepWizard.jsp"/>
			<includeFilter name="com.ptc.arbortext.windchill.asps.structure.client.action.RemoveContentFilter"/>
		</action>

     	<action name="addServiceEffectivity" checkAccess="true" uicomponent="CREATE_SERVICE_EFFECTIVITY">
     		<command class="com.ptc.arbortext.windchill.serviceEffectivity.client.action.AddServiceEffectivityAction"/>
     	</action>

     	<action name="multiAddServiceEffectivity" checkAccess="true" uicomponent="CREATE_SERVICE_EFFECTIVITY">
     		<command class="com.ptc.arbortext.windchill.serviceEffectivity.client.action.MultiAddServiceEffectivityAction"/>
     	</action>

     	<action name="removeServiceEffectivity" selectRequired="true" multiselect="true" checkAccess="true" uicomponent="REMOVE_SERVICE_EFFECTIVITY">
     		<command class="com.ptc.arbortext.windchill.serviceEffectivity.client.action.DeleteServiceEffectivityAction"/>
     		<includeFilter name="com.ptc.cat.ui.client.internal.action.OneOrMoreSelectionFilter"/>
     		<includeFilter name="com.ptc.cat.ui.client.internal.action.IsNotUnspecifiedIterationFilter"/>
     	</action>

     	<action name="modifyServiceEffectivity" checkAccess="true" uicomponent="MODIFY_SERVICE_EFFECTIVITY">
     		<command class="com.ptc.arbortext.windchill.serviceEffectivity.client.action.EditServiceEffectivityAction"/>
     		<includeFilter name="com.ptc.cat.ui.client.internal.action.OneSelectionFilter"/>
     	</action>

     	<action name="multiModifyServiceEffectivity" checkAccess="true" uicomponent="MODIFY_SERVICE_EFFECTIVITY">
     		<command class="com.ptc.arbortext.windchill.serviceEffectivity.client.action.MultiEditServiceEffectivityAction"/>
     		<includeFilter name="com.ptc.cat.ui.client.internal.action.OneSelectionFilter"/>
     	</action>

     	<action name="regenerate" ajax="row">
			<command class="com.ptc.arbortext.windchill.corestruct.client.action.RegenStructureAction"/>
			<includeFilter name="com.ptc.cat.ui.client.internal.action.OneSelectionFilter" />
			<includeFilter name="com.ptc.arbortext.windchill.corestruct.client.filters.LatestIterationFilter"/>
			<includeFilter name="com.ptc.cat.ui.client.internal.action.CheckinFilter" />
		</action>

		<action name="corestructLinkItemChoiceGWT" uicomponent="ASSIGN_EXPRESSION">
		<command class="com.ptc.arbortext.windchill.serviceEffectivity.client.action.EditLinkATOAction" method="execute" url="/ptc1/optionality/assignUsesOptionality" windowType="popup"/>
			<includeFilter name="com.ptc.cat.ui.client.internal.action.OneSelectionFilter"/>
			<includeFilter name="com.ptc.cat.ui.client.internal.action.HaveParentFilter"/>
			<includeFilter name="com.ptc.cat.ui.client.internal.action.IsNotUnspecifiedIterationFilter"/>
			<includeFilter name="com.ptc.cat.ui.client.internal.action.IsNotProjectContainer"/>
			<includeFilter name="DisableForSISAADFilter"/> <!-- The Java for this is in the Rules module, so if that is not installed, this will just set the action as Enabled -->
		</action>

		<action name="insertNewDynamicDocument">
			<command class="com.ptc.arbortext.windchill.corestruct.client.action.CreateDynamicDocumentAction" url="?hideInContainerType=sis.Product"/>
			<includeFilter name="com.ptc.cat.ui.client.internal.action.OneSelectionFilter"/>
			<includeFilter name="com.ptc.arbortext.windchill.corestruct.client.filters.IsPubDivFilter"/>
			<includeFilter name="com.ptc.arbortext.windchill.corestruct.client.filters.NotCheckedOutToOtherFilter"/>
			<includeFilter name="hideInContainerTypeFilter"/>
		</action>

		<action name="insertNewGraphicDynamicDocument">
			<command class="com.ptc.arbortext.windchill.corestruct.client.action.CreateDynamicDocumentAction" url="?hideInContainerType=sis.Product"/>
			<includeFilter name="com.ptc.cat.ui.client.internal.action.OneSelectionFilter"/>
			<includeFilter name="com.ptc.arbortext.windchill.corestruct.client.filters.IsPubDivFilter"/>
			<includeFilter name="com.ptc.arbortext.windchill.corestruct.client.filters.GenericIEFilter"/>
			<includeFilter name="com.ptc.arbortext.windchill.corestruct.client.filters.NotCheckedOutToOtherFilter"/>
			<includeFilter name="hideInContainerTypeFilter"/>
		</action>

		<action name="insertNewPartsList" uicomponent="CREATE_PARTS_LIST">
			<command class="com.ptc.arbortext.windchill.corestruct.client.action.CreatePartListAction" url="?hideInContainerType=sis.Product"/>
			<includeFilter name="com.ptc.cat.ui.client.internal.action.OneSelectionFilter"/>
			<includeFilter name="com.ptc.arbortext.windchill.corestruct.client.filters.IsPubDivFilter"/>
			<includeFilter name="com.ptc.arbortext.windchill.corestruct.client.filters.PartsListInstalledFilter"/>
			<includeFilter name="com.ptc.arbortext.windchill.corestruct.client.filters.GenericIEFilter"/>
			<includeFilter name="com.ptc.arbortext.windchill.corestruct.client.filters.NotCheckedOutToOtherFilter"/>
			<includeFilter name="hideInContainerTypeFilter"/>
		</action>

		<action name="manageApplicability" ajax="row">
			<command class="com.ptc.arbortext.windchill.serviceEffectivity.client.action.ManageApplicabilityAction"/>
			<nonSupportedTypes>
 				<type value="wt.part.WTPartMaster"/>
 			    <type value="wt.epm.EPMDocument"/>
    		</nonSupportedTypes>
		</action>

		<action name="multiManageApplicability" ajax="row">
			<command class="com.ptc.arbortext.windchill.serviceEffectivity.client.action.MultiManageApplicabilityAction"/>
			<nonSupportedTypes>
 				<type value="wt.part.WTPartMaster"/>
 			    <type value="wt.epm.EPMDocument"/>
    		</nonSupportedTypes>
			<includeFilter name="showForReleaseOptIn_11_0_10" />
		</action>

		<action name="pasteFromClipboardToTreeGWT" uicomponent="PASTE">
			<command class="com.ptc.arbortext.windchill.corestruct.client.action.SimCorestructPasteAction" url="?disableInContainerType=sis.Product"/>
 			<includeFilter name="com.ptc.cat.ui.client.internal.action.OneSelectionFilter"/>
 			<includeFilter name="com.ptc.cat.ui.client.internal.action.IsNotUnspecifiedIterationFilter"/>
 			<includeFilter name="com.ptc.cat.ui.client.internal.action.OriginalCopyFilter"/>
 			<includeFilter name="com.ptc.arbortext.windchill.corestruct.client.filters.IsPubDivFilter"/>
 			<includeFilter name="disableForAdminLocked"/>
 			<includeFilter name="disableForNewObjectInWorkspace"/>
 			<supportedTypes>
 				<type value="wt.part.WTPart"/>
 				<type value="wt.part.WTPartUsageLink"/>
				<type value="wt.part.PartUsesOccurrence"/>
				<type value="wt.part.RTPartPathOccurrence"/>
				<type value="com.ptc.arbortext.windchill.partlist.PartList"/>
			</supportedTypes>
 			<includeFilter name="disableInContainerTypeFilter"/>
 		</action>

 		<action name="pasteFromClipboardToTreeWithLargeIconGWT" uicomponent="PASTE">
			<command class="com.ptc.arbortext.windchill.corestruct.client.action.SimCorestructPasteAction" url="?disableInContainerType=sis.Product"/>
 			<includeFilter name="com.ptc.cat.ui.client.internal.action.OneSelectionFilter"/>
 			<includeFilter name="com.ptc.cat.ui.client.internal.action.IsNotUnspecifiedIterationFilter"/>
 			<includeFilter name="com.ptc.cat.ui.client.internal.action.OriginalCopyFilter"/>
 			<includeFilter name="com.ptc.arbortext.windchill.corestruct.client.filters.IsPubDivFilter"/>
 			<includeFilter name="disableForAdminLocked"/>
 			<includeFilter name="disableForNewObjectInWorkspace"/>
 			<supportedTypes>
 				<type value="wt.part.WTPart"/>
 				<type value="wt.part.WTPartUsageLink"/>
				<type value="wt.part.PartUsesOccurrence"/>
				<type value="wt.part.RTPartPathOccurrence"/>
				<type value="com.ptc.arbortext.windchill.partlist.PartList"/>
			</supportedTypes>
 			<includeFilter name="disableInContainerTypeFilter"/>
 		</action>

		<action name="pasteSelectToTreeGWT" uicomponent="PASTE" ajax="row" >
			<command class="com.ptc.arbortext.windchill.corestruct.client.action.SimCorestructPasteSelectPartsAction" method="execute" url="/ptc1/part/ti_paste_select_part?wizardType=multiPart&amp;invokedfrom=folder&amp;disableInContainerType=sis.Product" windowType="popup"/>
 			<includeFilter name="com.ptc.cat.ui.client.internal.action.OneSelectionFilter"/>
 			<includeFilter name="com.ptc.cat.ui.client.internal.action.IsNotUnspecifiedIterationFilter"/>
 			<includeFilter name="com.ptc.cat.ui.client.internal.action.OriginalCopyFilter"/>
 			<includeFilter name="com.ptc.arbortext.windchill.corestruct.client.filters.IsPubDivFilter"/>
 			<includeFilter name="disableForAdminLocked"/>
 			<includeFilter name="disableForNewObjectInWorkspace"/>
 			<supportedTypes>
 				<type value="wt.part.WTPart"/>
 				<type value="wt.part.WTPartUsageLink"/>
				<type value="wt.part.PartUsesOccurrence"/>
				<type value="wt.part.RTPartPathOccurrence"/>
				<type value="com.ptc.arbortext.windchill.partlist.PartList"/>
			</supportedTypes>
			<includeFilter name="disableInContainerTypeFilter"/>
		</action>

 		<action name="copyToWindchillWithLargeIconGWT" uicomponent="COPY">
        	<command class="com.ptc.cat.gxt.client.action.CopyAction" url="?disableInContainerType=sis.Product"/>
        	<includeFilter name="com.ptc.cat.ui.client.internal.action.OneOrMoreSelectionFilter"/>
        	<includeFilter name="com.ptc.cat.ui.client.internal.action.IsNotUnspecifiedIterationFilter"/>
        	<nonSupportedTypes>
				<type value="com.ptc.sis.PsSpecial"/>
        	</nonSupportedTypes>
      		<includeFilter name="disableInContainerTypeFilter"/>
      	</action>

  		<action name="copyToWindchillGWT" uicomponent="COPY">
        	<command class="com.ptc.cat.gxt.client.action.CopyAction" url="?disableInContainerType=sis.Product"/>
        	<includeFilter name="com.ptc.cat.ui.client.internal.action.OneOrMoreSelectionFilter"/>
        	<includeFilter name="com.ptc.cat.ui.client.internal.action.IsNotUnspecifiedIterationFilter"/>
        	<nonSupportedTypes>
				<type value="com.ptc.sis.PsSpecial"/>
        	</nonSupportedTypes>
      		<includeFilter name="disableInContainerTypeFilter"/>
      	</action>

		<action name="createFullBaseline">
			<command class="com.ptc.arbortext.windchill.corestruct.client.action.CreateFullBaselineAction" method="execute" url="/ptc1/baseline/createBaseline" windowType="popup"/>
			<includeFilter name="com.ptc.cat.ui.client.internal.action.IsRootNodeFilter"/>
			<includeFilter name="com.ptc.cat.ui.client.internal.action.OneSelectionFilter"/>
			<includeFilter name="com.ptc.cat.ui.client.internal.action.CheckinFilter"/>
			<includeFilter name="com.ptc.arbortext.windchill.corestruct.client.filters.IsSisRootFilter"/>
		</action>


        <action name="moveActionsPubst">
        	<command class ="com.ptc.cat.ui.client.action.NoAction"/>
        </action>
        
  		<action name="checkoutItems">
			<command class="com.ptc.cat.ui.client.action.NoAction"/>
		</action>

		<action name="findAllCheckoutItemsGWT">
			<command class="com.ptc.arbortext.windchill.corestruct.client.action.CoreStructFindAllCheckedOutItemsAction"/>
		</action>

		<action name="checkinAndRemoveGWT">
			<command
				class="com.ptc.arbortext.windchill.corestruct.client.action.CoreStructCheckInDifferentContextsAndRemoveRowAction" />
			<includeFilter
				name="com.ptc.cat.ui.client.internal.action.OneOrMoreSelectionFilter" />
			<includeFilter
				name="com.ptc.cat.ui.client.internal.action.IsNotUnspecifiedIterationFilter" />
			<includeFilter
				name="com.ptc.cat.ui.client.internal.action.CheckoutConsiderSiteAdminFilter" />
		</action>

		<action name="undocheckoutAndRemoveGWT">
			<command
                class="com.ptc.arbortext.windchill.corestruct.client.action.CoreStructUndoCheckoutsInDifferentContextsAndRemoveRowAction" />
			<includeFilter
				name="com.ptc.cat.ui.client.internal.action.OneOrMoreSelectionFilter" />
			<includeFilter
				name="com.ptc.cat.ui.client.internal.action.IsNotUnspecifiedIterationFilter" />
			<includeFilter
				name="com.ptc.cat.ui.client.internal.action.CheckoutConsiderSiteAdminFilter" />
		</action>

		<action name="compareInfoGWT" ajax="row">
			<command class="com.ptc.cat.ui.client.action.CompareInformationAction" method="execute" url="/ptc1/ocmp/common/tailoringDialog?" windowType="popup"/>
			<includeFilter
				name="com.ptc.cat.ui.client.internal.action.OneSelectionFilter" />
			<includeFilter
				name="com.ptc.cat.ui.client.internal.action.IsNotUnspecifiedIterationFilter" />
			<includeFilter
				name="com.ptc.cat.ui.client.internal.action.CheckoutConsiderSiteAdminFilter" />
		</action>

		<action name="editProperties" selectRequired="true">
			<command class="" method=""
				url="/netmarkets/jsp/asps/editProperties.jsp" onClick="getTableId(event)"
				windowType="popup" />
		</action>

		<action name="replaceAsSource" ajax="component">
        	<command class="com.ptc.arbortext.windchill.corestruct.forms.ReplaceAsSourceFormProcessor"  method="execute" url="/ptc1/corestruct/replaceAsSource" windowType="popup"/>
        	<includeFilter name="replaceAsSource"/>
		</action>

		 <action name="showTranslatedDocList" id="showTranslatedDocList" preloadWizardPage="false" required="false">
	     	<component name="showTranslatedDocList.step"/>
	     </action>

		<action name="showAffectedPartsList" id="showAffectedPartsList" preloadWizardPage="false" required="false">
	     	<component name="showAffectedPartsList.step"/>
	     </action>
	     
	     <action name="showAllDeliveryContent">
            <command class="com.ptc.arbortext.windchill.corestruct.commands.DeliveryContentReportChangeViewCommand"
                method="showAllContent"
                />
        </action>
        
        <action name="showDifferentDeliveryContent">
            <command
                class="com.ptc.arbortext.windchill.corestruct.commands.DeliveryContentReportChangeViewCommand"
                method="showDifferentContent"
                />
        </action>
	     
        <action name="setFilter"  id="setFilter" afterJS="CreateStructure.saveECtoCache">
            <command windowType="wizard_step"/>
        </action>

       <action name="addISTemplate" ajax="row" checkaccess="true">
          <command class="com.ptc.arbortext.windchill.corestruct.forms.AddISPSTemplateFormProcessor" method="execute" url="/ptc1/corestruct/addISTemplate" windowType="popup"/>
          <includeFilter name="hideForNonSIS"/>
       </action>

       <action name="addPSTemplate" ajax="row" checkaccess="true">
          <command class="com.ptc.arbortext.windchill.corestruct.forms.AddISPSTemplateFormProcessor" method="execute" url="/ptc1/corestruct/addPSTemplate" windowType="popup"/>
          <includeFilter name="hideForNonSIS"/>
       </action>

       <action name="removeISPSTemplate" ajax="row" checkaccess="true" selectRequired="true" multiselect="true">
          <command class="com.ptc.arbortext.windchill.corestruct.forms.RemoveISPSTemplateFormProcessor" method="execute" onClick="onClickValidation(event,&apos;removeISPSTemplate&apos;)"/>
          <includeFilter name="hideForNonSIS"/>
       </action>
       
       <action name="filterPropertiesSplitGWT" ajax="component">
			<command class="com.ptc.expansionui.eccomponent.client.ui.actions.MiniInfoECAction"/>
			<includeFilter name="hideForObjectInProject"/>
		</action>
		
		<action name="generateFilterGWT">
			<command class="com.ptc.arbortext.windchill.corestruct.client.action.GeneratedFilterAction"/>
			<includeFilter name="hideForObjectInProject"/>
		</action>
		
		<action name="insertNewPlaceholder">
			<command class="com.ptc.arbortext.windchill.corestruct.client.action.InsertNewServicePlaceholderAction"/>
			<includeFilter name="com.ptc.cat.ui.client.internal.action.OneSelectionFilter"/>
			<includeFilter name="com.ptc.cat.ui.client.internal.action.IsNotUnspecifiedIterationFilter"/>
			<includeFilter name="com.ptc.arbortext.windchill.corestruct.client.filters.NotCheckedOutToOtherFilter"/>
			<nonSupportedTypes>
 				<type value="wt.part.Placeholder"/>
    		</nonSupportedTypes>
		</action>

	</objecttype>

	<objecttype name="psb" resourceBundle="com.ptc.arbortext.windchill.corestruct.corestructActionsRB">

		<action name="itemChoiceGWT" uicomponent="ASSIGN_EXPRESSION">
			<command class="com.ptc.cat.ui.client.action.EditItemOptionRulesAction" method="execute" url="/ptc1/optionality/assignItemOptionalityGWT" windowType="popup"/>
			<includeFilter name="com.ptc.cat.ui.client.internal.action.IsNotProjectContainer"/>
			<includeFilter name="WorkableStateFilter"/> <!-- The Java for this is in the Rules module, so if that is not installed, this will just set the action as Enabled -->
		</action>

	</objecttype>

	<objecttype name="part" class="wt.part.WTPart" resourceBundle="com.ptc.arbortext.windchill.corestruct.corestructActionsRB">
	    <action name="relatedPartsDynamicDocumentsWithLinks" uicomponent="THIRD_LEVEL_RELATED_DYNAMIC_DOCS">
	   		<component name="relatedObjects.DynamicDocumentsWithLinksToPart"/>
      	</action>
	</objecttype>

</listofactions>
