<?xml version="1.0"?>
<!DOCTYPE actionmodels SYSTEM 'actionmodels.dtd'>
<!-- define the actions on the UI components -->
<actionmodels>




	<model name="workitem third nav configurable">
		<action name="attributes" type="workitem"/>
		<action name="routingStatus" type="workitem"/>
		<action name="notebook" type="workitem"/>
		<action name="discussions" type="workitem"/>
		<action name="setupParticipant" type="workitem"/>
		<action name="adhocActivities" type="workitem"/>
		<action name="workflowTaskPboAttributes" type="object"/>
		<action name="saveComplete" type="workitem"/>
		<action name="workflowTaskPboAction" type="workitem"/>
	    <action name="pboMaturityHistory" type="history"/>
	    <action name="pboVersionHistory" type="history"/>
 
        <action name="TestRelatedChangeIssues" type="change"/>
        <action name="TestRelatedChangeNotice" type="change"/>
        <action name="TestResultingfromChangeNotice" type="change"/>

        <action name="TestAffectedData" type="change"/>

	    <action name="TestRelatedChangeIssuesForPart" type="change"/>
        <action name="TestRelatedChangeNoticeForPart" type="change"/>
        <action name="TestResultingfromChangeNoticeForPart" type="change"/>

        <action name="TestRelatedChangeRequestForPart" type="change"/>
	

 	</model>


	<model name="ConfigurableTask.wt.part.WTPart">

    <action name="view" type="object"/>                             <!-- View Information -->
        <action name="separator" type="separator"/>                     <!-- ===================================== -->
        <submodel name="more parts toolbar actions open"/>
        <action name="separator" type="separator"/>                     <!-- ===================================== -->
        <action name="checkin" type="wip"/>                             <!-- Check In -->
        <action name="WFCHECKIN" type="pdmObject"/>                     <!-- Check In for new objects in workspace or objects checked out to workspace-->
        <action name="checkout" type="wip"/>                            <!-- Check Out -->
 	   <action name="WFRMBCHECKOUT" type="pdmObject" />			   	   <!-- checkout for rmb menu on workspace listing page -->
        <action name="checkoutAndEdit" type="part"/>                    <!-- Check Out and Edit -->
        <action name="undocheckout" type="object"/>                     <!-- Undo Checkout -->
        <action name="WFCANCELCHECKOUT" type="pdmObject"/>              <!-- Undo Checkout for objects checked out to workspace-->
        <action name="edit" type="part"/>                               <!-- Edit -->
        <action name="editNewPartInWorkspace" type="part"/>             <!-- Edit newly created part in a workspace -->
        <action name="editCheckedOutPartInWorkspace" type="part"/>      <!-- Edit part checked out to a workspace -->
        <action name="editPartCommonAttrsWizard" type="part"/>          <!-- Edit Common Attributes -->
        <action name="REVISEITEMS" type="pdmObject"/>                   <!-- Revise -->
        <action name="separator" type="separator"/>
        <action name="fulfillChangeActions" type="effectivity"/>        <!-- FulfillChangeActions -->
        <action name="undoFulfillDesignSolutionInfoPage" type="effectivity"/>      <!-- Undo Fulfill Change Action -->
        <action name="GenerateChangeActions" type="effectivity"/>       <!-- Generate Change Actions for CI -->
        <action name="displayEffectivityLog" type="effectivity"/>       <!-- Display Effectivity Log -->
        <action name="separator" type="separator"/>                     <!-- ===================================== -->
        <submodel name="more parts toolbar actions new"/>                       <!-- New ==> -->
        <action name="separator" type="separator"/>                     <!-- ===================================== -->
        <action name="assignItemOptionality" type="optionality"/>       <!-- Assign Expression -->
        <action name="configure" type="variantspec"/>                   <!-- Configure -->
        <action name="viewLogicBase" type="generic"/>                   <!-- Show Logic -->
        <action name="findVariants" type="variant"/>                    <!-- Find Variants -->
        <action name="separator" type="separator"/>                     <!-- ===================================== -->
        <action name="copy" type="object"/>                             <!-- Copy -->
        <action name="WFSAVEAS" type="pdmObject"/>                      <!-- Save As -->
        <action name="createSupersedeWithExistingWizard" 
                type="supersede"/>                                      <!-- Supersede with Existing -->
        <action name="createSupersedeWithNew" type="supersede"/>        <!-- Supersede with New -->
        <action name="renameObjectWizard" type="object"/>               <!-- Rename -->
        <action name="route" type="workflow"/>                          <!-- Route -->
        <action name="CONTAINERMOVE" type="pdmObject"/>                 <!-- Move -->
        <action name="SETSTATE" type="pdmObject"/>                      <!-- Set State -->
        <action name="EXPORT" type="pdmObject"/>                        <!-- Export (PDMLink) -->
        <action name="export" type="object"/>                           <!-- Export (ProjectLink) -->
        <action name="spreadsheetExport" type="ixb"/>                   <!-- Export List to Importable Spreadsheet -->
        <action name="MULTI_OBJ_DELETE" type="pdmObject"/>              <!-- Delete (Non-Information page) -->
        <action name="MULTI_OBJ_DELETE_DETAILS" type="pdmObject"/>      <!-- Delete (Information page) -->
        <action name="deleteIterations" type="object"/>                 <!-- Delete Non-latest Iterations -->
        <action name="reassignLC" type="lifecycle"/>                    <!-- Reassign Life Cycle -->
        <action name="resetTeam" type="team"/>                          <!-- Reset Team -->
        <action name="assignView" type="part"/>                         <!-- Reassign View -->
        <action name="separator" type="separator"/>                     <!-- ===================================== -->
        <action name="WFDOWNLOAD" type="epmdocument"/>                           <!-- Add to Workspace -->
        <submodel name="more parts toolbar actions add"/>               <!-- Add ==> -->
        <action name="separator" type="separator"/>                     <!-- ===================================== -->
        <action name="SBSendToPdm" type="sandbox"/>                     <!-- Send to PDM -->
        <action name="sandboxCheckoutShare" type="object"/>             <!-- Convert to PDM Checkout -->
        <action name="sandboxUndoCheckoutDetails" type="object"/>       <!-- Undo PDM Checkout (Information Page) -->
        <action name="removeShare" type="object"/>                      <!-- Remove Share -->
        <action name="convertToShare" type="sandbox"/>                  <!-- Convert to Share -->
        <action name="updateShare" type="sandbox"/>                     <!-- Update Selected Shares -->
        <action name="separator" type="separator"/>                     <!-- ===================================== -->
        <action name="markLinkAsSuspect" type="requirement"/>           <!-- Mark Link As Suspect -->
        <action name="separator" type="separator"/>                     <!-- ===================================== -->
        <action name="associateDistributionTarget" type="tgt"/>         <!-- ESI Associate distribution Targets (JCA action) -->
        <action name="sendToDistributionTarget" type="tgt"/>            <!-- ESI Send to Distribution Target -->
        <action name="erpInfo" type="esi"/>                             <!-- ERP Part Details -->
        <action name="viewShopOrdersInfo" type="esi"/>                  <!-- ESI View Shop Order Count -->
        <action name="separator" type="separator"/>                     <!-- ===================================== -->
        <submodel name="more parts actions compare"/>                   <!-- Compare ==> -->
        <action name="separator" type="separator"/>                     <!-- ===================================== -->
        <action name="batchPrint" type="wvs"/>                          <!-- Severside batchprint using WVS -->
        <action name="separator" type="separator"/>                     <!-- ===================================== -->
        <action name="DISPLAYRELATEDMANUFACTURINGITEMS" type="object"/> <!-- MPMLink Display Related Manufacturing items report -->
        <action name="separator" type="separator"/>                     <!-- ===================================== -->
        <action name="ManageSecurity" type="accessPermission"/>         <!-- Manage Security -->
        <action name="createSubscription" type="subscription"/>         <!-- Subscribe -->
        <!-- Add "Edit Localizable Properties (M020)-->                            <!-- Edit Localizable Properties (M020)-->
	   <submodel name="wsl_submenu" />
      
 
 </model>



 <model name="ConfigurableTask.wt.change2.WTChangeIssue">
	  <action name="view" type="object"/>
      <action name="edit" type="problemReport"/>
      <action name="editModifyContentOnly" type="problemReport"/>
 </model>
 
 
</actionmodels>
