<?xml version="1.0" encoding="UTF-8"?>
<!DOCTYPE listofactions SYSTEM "actions.dtd">
<listofactions>
  <objecttype name="saurabh" class="" resourceBundle="com.itc.training.Action_RB">
		 <action name="ViewJSP" > 
			<command class="com.itc.training.Test" method="execute" 
			 windowType ="popup" url ="/netmarkets/jsp/part/ViewJSP.jsp"/>
		</action>
		<!--<action name="createPartxyz" > 
			<command class="com.itc.training.Test" method="execute" 
			 windowType ="popup" url ="/netmarkets/jsp/part/createPartWizard.jsp"/>
		</action>-->
</objecttype>
<objecttype name="pqr" class="" resourceBundle="com.itc.training.xyz">
		<action name="createPartxyz" > 
			<command class="com.itc.training.Test" method="execute" 
			 windowType ="popup" url ="/netmarkets/jsp/part/createPartWizard.jsp"/>
		</action>
</objecttype>
<listofactions/>
