<?xml version="1.0" encoding="UTF-8"?>
<!DOCTYPE actionmodels SYSTEM "actionmodels.dtd">
<actionmodels>

 <model name="more parts actions" menufor="wt.part.WTPart">
       <action name="view" type="object"/>                             <!-- View Information -->
       <action name="separator" type="separator"/>                     <!-- ===================================== -->
       <submodel name="thingworxActionsMenu"/>
       <action name="separator" type="separator"/>                     <!-- ===================================== -->
       <submodel name="more parts toolbar actions open"/>
       <action name="separator" type="separator"/>                     <!-- ===================================== -->
       <action name="checkin" type="wip"/>                             <!-- Check In -->
       <action name="WFCHECKIN" type="pdmObject"/>                     <!-- Check In for new objects in workspace or objects checked out to workspace-->
	   <action name="ViewJSP" type="saurabh"/>                             <!-- Check In -->

       <action name="checkout" type="wip"/>                            <!-- Check Out -->
       <action name="WFRMBCHECKOUT" type="pdmObject" />                <!-- checkout for rmb menu on workspace listing page -->
       <action name="checkoutAndEdit" type="part"/>                    <!-- Check Out and Edit -->
       <action name="undocheckout" type="object"/>                     <!-- Undo Checkout -->
       <action name="WFCANCELCHECKOUT" type="pdmObject"/>              <!-- Undo Checkout for objects checked out to workspace-->
       <action name="edit" type="part"/>                               <!-- Edit -->
       <action name="editNewPartInWorkspace" type="part"/>             <!-- Edit newly created part in a workspace -->
       <action name="editCheckedOutPartInWorkspace" type="part"/>      <!-- Edit part checked out to a workspace -->
       <action name="editPartCommonAttrsWizard" type="part"/>          <!-- Edit Common Attributes -->
       <action name="REVISEITEMS" type="pdmObject"/>                   <!-- Revise -->
       <action name="separator" type="separator"/>
       <action name="fulfillChangeActions" type="effectivity"/>        <!-- FulfillChangeActions -->
       <action name="undoFulfillDesignSolutionInfoPage" type="effectivity"/>      <!-- Undo Fulfill Change Action -->
       <action name="GenerateChangeActions" type="effectivity"/>       <!-- Generate Change Actions for CI -->
       <action name="displayEffectivityLog" type="effectivity"/>       <!-- Display Effectivity Log -->
       <action name="separator" type="separator"/>                     <!-- ===================================== -->
       <submodel name="more parts toolbar actions new"/>                       <!-- New ==> -->
       <action name="separator" type="separator"/>                     <!-- ===================================== -->
       <action name="traceability" type="traceable"/>       
       <action name="separator" type="separator"/>                     <!-- ===================================== -->
       <action name="assignItemOptionality" type="optionality"/>       <!-- Assign Expression -->
       <action name="viewAssignedExpression" type="expressionAssignable"/> <!-- View Assign Expression -->
       <action name="copyAssignedExpression" type="expressionAssignable"/>              <!-- Copy Independent Expression -->
       <action name="configure" type="variantspec"/>                   <!-- Configure -->
       <action name="viewLogicBase" type="generic"/>                   <!-- Show Logic -->
       <action name="findVariants" type="variant"/>                    <!-- Find Variants -->
       <action name="separator" type="separator"/>                     <!-- ===================================== -->
       <action name="copy" type="object"/>                             <!-- Copy -->
       <action name="WFSAVEAS" type="pdmObject"/>                      <!-- Save As -->
	   <action name="findSimilar" type="partslink"/>         		   <!-- Find similar parts -->
       <action name="createSupersedeWithExistingWizard"
               type="supersede"/>                                      <!-- Supersede with Existing -->
       <action name="createSupersedeWithNew" type="supersede"/>        <!-- Supersede with New -->
       <action name="MULTIRENAME" type="pdmObject"/>               <!-- Rename -->
       <action name="route" type="workflow"/>                          <!-- Route -->
       <action name="CONTAINERMOVE" type="pdmObject"/>                 <!-- Move -->
       <action name="SETSTATE" type="pdmObject"/>                      <!-- Set State -->
       <action name="EXPORT" type="pdmObject"/>                        <!-- Export (PDMLink) -->
       <action name="export" type="object"/>                           <!-- Export (ProjectLink) -->
       <action name="spreadsheetExport" type="ixb"/>                   <!-- Export List to Importable Spreadsheet -->
       <action name="MULTI_OBJ_DELETE" type="pdmObject"/>              <!-- Delete (Non-Information page) -->
       <action name="MULTI_OBJ_DELETE_DETAILS" type="pdmObject"/>      <!-- Delete (Information page) -->
       <action name="deleteIterations" type="object"/>                 <!-- Delete Non-latest Iterations -->
       <action name="reassignLC" type="lifecycle"/>                    <!-- Reassign Life Cycle -->
       <action name="resetTeam" type="team"/>                          <!-- Reset Team -->
       <action name="assignView" type="part"/>                         <!-- Reassign View -->
       <action name="publishToCAD" type="part"/>                       <!-- Publish to CAD -->
       <action name="separator" type="separator"/>                     <!-- ===================================== -->
       <action name="WFDOWNLOAD" type="epmdocument"/>                           <!-- Add to Workspace -->
       <submodel name="more parts toolbar actions add"/>               <!-- Add ==> -->
       <action name="separator" type="separator"/>                     <!-- ===================================== -->
       <action name="SBSendToPdm" type="sandbox"/>                     <!-- Send to PDM -->
       <action name="sandboxCheckoutShare" type="object"/>             <!-- Convert to PDM Checkout -->
       <action name="sandboxUndoCheckoutDetails" type="object"/>       <!-- Undo PDM Checkout (Information Page) -->
       <action name="removeShare" type="object"/>                      <!-- Remove Share -->
       <action name="convertToShare" type="sandbox"/>                  <!-- Convert to Share -->
       <action name="updateShare" type="sandbox"/>                     <!-- Update Selected Shares -->
       <action name="separator" type="separator"/>                     <!-- ===================================== -->
       <action name="markLinkAsSuspect" type="requirement"/>           <!-- Mark Link As Suspect -->
       <action name="separator" type="separator"/>                     <!-- ===================================== -->
       <action name="associateDistributionTarget" type="tgt"/>         <!-- ESI Associate distribution Targets (JCA action) -->
       <action name="sendToDistributionTarget" type="tgt"/>            <!-- ESI Send to Distribution Target -->
       <action name="sendEnterpriseDataToDistributionTarget"
               type="tgt"/>                                            <!-- ESI Send Enterprise Data to Distribution Target -->
       <action name="erpInfo" type="esi"/>                             <!-- ERP Part Details -->
       <action name="viewShopOrdersInfo" type="esi"/>                  <!-- ESI View Shop Order Count -->
       <action name="separator" type="separator"/>                     <!-- ===================================== -->
       <submodel name="more parts actions compare"/>                   <!-- Compare ==> -->
       <action name="separator" type="separator"/>                     <!-- ===================================== -->
       <action name="batchPrint" type="wvs"/>                          <!-- Severside batchprint using WVS -->
       <action name="separator" type="separator"/>                     <!-- ===================================== -->
       <action name="DISPLAYRELATEDMANUFACTURINGITEMS" type="object"/> <!-- MPMLink Display Related Manufacturing items report -->
       <action name="separator" type="separator"/>                     <!-- ===================================== -->
       <!-- Add "Edit Localizable Properties (M020)-->                 <!-- Edit Localizable Properties (M020)-->
       <submodel name="wsl_submenu" />
       <action name="ManageSecurity" type="accessPermission"/>         <!-- Edit Access Control-->
       <action name="EDITSECURITYLABELS" type="object"/>               <!-- Edit Security Labels-->
       <action name="createSubscription" type="subscription"/>         <!-- Subscribe -->
       
   </model>
   
  <model name="folderbrowser_toolbar_new_submenu" resourceBundle="com.ptc.windchill.enterprise.folder.FolderActionResource">
      <description>'New' submenu for folder browser toolbar actions menu.</description>
      <action   name="create"                                     type="document" shortcut="true" />                               <!-- New Document -->
      <action   name="createMulti"                                type="document" />                                               <!-- New Multiple Documents -->
      <action   name="uploadDocumentsFromCompressedFile"          type="document" />                                               <!-- Upload Documents from Compressed File -->
      <action   name="separator"                                  type="separator" />
      <action   name="createPartWizard"                           type="part" shortcut="true" />                                   <!-- New Part -->
	  <action   name="createPartxyz"                           	  type="pqr"  />                                   
      <action   name="createMultiPart"                            type="part" />                                                   <!-- New Multiple Parts -->
      <action   name="createWorkSetWizard"                        type="workSet"/>
      <action   name="separator"                                  type="separator" />
      <action   name="createProductFamily"                        type="productfamily"/>
      <action   name="separator"                                  type="separator" />
      <action   name="createMpmprocessplan"                       type="mpml"/> 		                                   <!-- New Process Plan -->
      <action   name="createMPMResource"                       	  type="mpml"/> 		                                   <!-- New Resource -->
      <action   name="separator"                                  type="separator" />
      <action   name="create"                                     type="changeNotice" />                                           <!-- New Change Notice -->
      <action   name="createChangeDirective"                      type="changeDirective" shortcut="true" />                        <!-- New Change Directive -->
      <action   name="create"                                     type="changeRequest" shortcut="true" />                          <!-- New Change Request -->
      <action   name="create"                                     type="problemReport" />                                          <!-- New Problem Report -->
      <action   name="create"                                     type="softwareIssue" />                                          <!-- New Software Issue -->
      <action   name="create"                                     type="variance" />                                               <!-- New Variance -->
      <action   name="create"                                     type="promotionRequest" />                       <!-- New Promotion Request -->
      <action   name="separator"                                  type="separator" />
      <action   name="create_request"                             type="npi"/>                                                     <!-- New Part Request -->
      <action   name="separator"                                  type="separator" />
      <action   name="createTextualInformationElement"            type="techPubs" />                                               <!-- New Textual Information Element -->
      <action   name="createGraphicInformationElement"            type="techPubs" />                                               <!-- New Graphic Information Element -->
      <action   name="createPartListInformationElement"           type="techPubs" />                                               <!-- New Parts List Information Element -->
      <action   name="createPubStructWizard"                      type="arbortext"/>                                               <!-- New Publication Structure -->
      <action   name="createASPSWizard"                           type="asps"/>                                                    <!-- New Information Structure -->
      <action   name="separator"                                  type="separator" />
      <action   name="create"                                     type="folder" shortcut="true" />                                 <!-- New Folder -->
      <action   name="add_link"                                   type="bookmark" />                                               <!-- New Link -->
      <action   name="separator"                                  type="separator" />
      <action   name="createECADDesign"                           type="document" resourceBundle="com.ptc.windchill.uwgm.cadx.createecaddesign.documentECADResource" /> <!-- New Ecad Design -->
      <action   name="separator"                                  type="separator" />
      <action   name="createNoteMenuAction"                       type="note" />                                                   <!-- New Note -->
      <action   name="createNoteFromTemplateMenuAction"           type="note" />                                                   <!-- New Note from Template -->
      <action   name="separator"                                  type="separator" />
      <action   name="createBaseline"                             type="baseline" />                                               <!-- New Baseline -->
      <action   name="create"                                     type="managedcollection" />                                      <!-- New Managed Collection -->
      <action   name="separator"                                  type="separator" />
      <action   name="createSpecification"                        type="specification" resourceBundle="com.ptc.windchill.enterprise.requirement.specificationActionsRB" />   <!-- New Specification -->
      <action   name="doc_insert_from_folder"                     type="document" />                                               <!-- Insert Document -->
      <action   name="part_insert_from_folder"                    type="part" />                                                   <!-- Insert Part -->
      <action   name="createUDI"                                  type="udi"/>                                                     <!-- New UDI Submission -->
   </model>
   
<actionmodels/>
