<?xml version="1.0"?>
<!DOCTYPE actionmodels SYSTEM '../../actionmodels.dtd'>

<actionmodels resourceBundle="com.ptc.windchill.lotbaseline.data.lotBaselineResource">

    <model name="lotBaselineTabSet" >
        <submodel name="infoDetails"/>
        <submodel name="relatedTab" />
        <submodel name="lotBaselineInfoHistoryTab"/>
        <submodel name="lotBaselineInfoRelatedItemsTab"/>
    </model>

    <model name="infoDetails" resourceBundle="com.ptc.core.ui.navigationRB">
        <action name="primaryAttributes" type="object"/>
        <action name="attributes" type="object"/>
    </model>

    <model name="relatedTab" resourceBundle="com.ptc.windchill.lotbaseline.data.lotBaselineResource"> <!-- Action model related tab on Lot Baseline info page-->
     	<action name="productVariantsTable" type="lotbaseline"/>
    </model>

    <model name="ProductVariantsTableToolbar"> <!-- Action model for table toolbar on product variants table-->
    	<action name="addProductVariantToLot"  type="lotbaseline" shortcut="true"/>
     	<action name="removeProductVariants" type="lotbaseline" shortcut="true"/>
     </model>

    <model name="third_level_nav_lotbaseline">
        <submodel name="lotbaselineGeneral"/>
        <submodel name="lotBaselineRelatedItems"/>
        <submodel name="lotBaselineHistory"/>
    </model>
    
    <model name="lotbaselineGeneral" resourceBundle="com.ptc.windchill.lotbaseline.data.lotBaselineResource">
        <action name="primaryAttributes" type="object"/>
        <action name="attributes" type="object"/>
    </model>
    
    <model name="lotBaselineRelatedItems" resourceBundle="com.ptc.windchill.lotbaseline.data.lotBaselineResource">
        <action name="productVariantsTable" type="lotbaseline"/>
    </model>
    
     <model name="lotBaselineHistory" resourceBundle="com.ptc.windchill.lotbaseline.data.lotBaselineResource">
       <action name="timelineHistory" type="history"/>
       <action name="maturityHistory" type="history"/>
       <action name="processHistory" type="workflow"/>
       <action name="legacyLCHistory" type="history"/>
       <action name="moveHistory" type="object"/>         
       <action name="renameHistory" type="object"/>
    </model>
    
     <model name="lotBaselineInfoHistoryTab" resourceBundle="com.ptc.windchill.lotbaseline.data.lotBaselineResource">
       <action name="maturityHistory" type="history"/>
    </model>
   

    <!-- Lot configuration information page Actions list -->
    <model name="more lot baseline actions" menufor="wt.lotbaseline.LotBaseline">
        <action name="view" type="object"/>									    <!-- View Information -->
        <action name="separator" type="separator"/>
        <action name="editLotBaseline"   type="lotbaseline"/>                  <!-- Edit -->
        <action name="separator" type="separator"/>
        <action name="updateProductVariants"  type="lotbaseline"/>
        <action name="separator" type="separator"/>
        <action name="MULTIRENAME" type="pdmObject"/>
        <action name="CONTAINERMOVE" type="pdmObject"/>
        <action name="setState" type="lifecycle"/>  							<!-- Set State -->
        <action name="delete_object" type="object"/>							<!-- Delete Lot Baseline -->
        <action name="reassignLC" type="lifecycle"/> 							<!-- Reassign Life Cycle -->
        <action name="resetTeam" type="team"/>
    </model>

    <model name="more lot baseline actions new">
    </model>

    <model name="more lot baseline actions add">
    </model>

   

    <model name="LotBaselineRelatedProductVariantToolBar">
        <action name="related_product_variant_create_wizard_lotbaseline" type="lotbaseline" shortcut="true"/>
        <action name="lc_related_delete_described" type="lotbaseline" shortcut="true"/>
    </model>

    <model name="lotBaselineVariantSpecAction">
    	<action name="addProductVariants"  type="lotbaseline" shortcut="true"/>
		<action name="removeVariants" type="lotbaseline" shortcut="true"/>
	</model>
    <model name="UpdateLotBaselineVariantTableAction">
    	<action name="searchAddVariantsToUpdateTable"  type="lotbaseline" shortcut="true"/>
		<action name="removeVariants" type="lotbaseline" shortcut="true"/>
	</model>
	

    <model name="LotBaselineSearchResultTableToolbar">
        <action name="removeLotBaselines" type="lotbaseline" shortcut="true"/>
    </model>

</actionmodels>
