<?xml version="1.0"?>
<!DOCTYPE listofactions SYSTEM '../../actions.dtd'>

<listofactions>

	<objecttype name="lotbaseline" class="wt.lotbaseline.LotBaseline" resourceBundle="com.ptc.windchill.lotbaseline.data.lotBaselineResource">

		<!-- Lot Baseline table in part info page - START -->
		<action name="relatedLotBaselineProductVariant">
			<component name="productVariants.table"/>
		</action>

		<action name="createLotBaseline" resourceBundle="com.ptc.windchill.lotbaseline.data.lotBaselineResource">
			<command class="com.ptc.windchill.lotbaseline.lbm.client.action.CreateLotBaselineJCAAction" method="execute" windowType="popup" url="/netmarkets/jsp/lotbaseline/create.jsp"/>
			<supportedTypes>
				<type value="wt.productfamily.ProductFamily"/>
				<type value="wt.productfamily.ProductModel"/>
				<type value="wt.productfamily.ProductModelGroup"/>
				<type value="com.ptc.wpcfg.doc.VariantSpec"/>
			</supportedTypes>
		</action>

		<action name="create_step" ajax="true" resourceBundle="">
			<command class="" method="" windowType="wizard_step"/>
		</action>

		<action name="create_step2" ajax="true" resourceBundle="">
			<component name="lotBaseline.productVarients" windowType="wizard_step"/>
		</action>

      		<action name="editLotBaseline" ajax="row" resourceBundle="com.ptc.windchill.lotbaseline.data.lotBaselineResource">
		    <command class="com.ptc.windchill.lotbaseline.data.form.EditLotBaselineFormProcessor" method="execute" windowType="popup" url="/netmarkets/jsp/lotbaseline/edit.jsp"/>
		</action>	    
				    
		<action name="editLotBaselineGWT" resourceBundle="com.ptc.windchill.lotbaseline.data.lotBaselineResource">
			<command class="com.ptc.windchill.lotbaseline.lbm.client.action.EditLotBaselineJCAAction" method="execute" url="/netmarkets/jsp/lotbaseline/edit.jsp" windowType="popup"/>
			<includeFilter name="com.ptc.cat.ui.client.internal.action.OneSelectionFilter"/>
			<supportedTypes>
				<type value="wt.lotbaseline.LotBaseline"/>
			</supportedTypes>
		</action>

		<action name="related_product_variant_add_lotbaseline">
			<command class="com.ptc.windchill.lotbaseline.data.form.LCProductVariantAddedFormProcessor" method="execute" onClick="onClickValidation(event,&apos;related_product_variant_add_lotbaseline&apos;)" windowType="popup"/>
		</action>

		<action name="lc_related_delete_described">
			<command class="com.ptc.windchill.lotbaseline.data.form.ProductVariantDeleteRelationFormProcessor" method="execute" onClick="onClickValidation(event,&apos;lc_related_delete_described&apos;)"/>
		</action>

		<action name="removeVariants" ajax="true" resourceBundle="">
			<command windowType="no_content" onClick="removeRows(event)"/>
		</action>

		<action name="removeLotBaselines" ajax="true" resourceBundle="">
			<command windowType="no_content" onClick="removeRows(event)"/>
		</action>

		<action name="productVariantsTable"><!-- Action definition  product variants table on Lot Baseline info page-->
			<component name="productVariants.table"/>
		</action>

		<action name="removeProductVariants" multiselect="true" ajax="page"><!-- Action definition remove variant spec on product variants table -->
		   	<command class="com.ptc.windchill.lotbaseline.data.form.RemoveProductVariantsFormProcessor" method="execute" onClick="onClickValidation(event,&apos;removeProductVariants&apos;)"/>
		</action>

	  	<action name="addProductVariants" > <!-- Action definition  add variant spec on product variants table -->
		 	<command class="com.ptc.windchill.lotbaseline.NmLotBaselineCommands" method="addRowToTable" url="netmarkets/jsp/lotbaseline/addMembers.jsp" windowType="popup"/>
      	</action>
      	
      	<action name="searchAddVariantsToUpdateTable" > 
		 	<command class="com.ptc.windchill.lotbaseline.NmLotBaselineCommands" method="searchAddVariantsToUpdateTable" url="netmarkets/jsp/lotbaseline/addMembers.jsp" windowType="popup"/>
      	</action>
      	
	  	<action name="addProductVariantToLot" > <!-- Action definition  add variant spec on product variants table -->
		 	<command class="com.ptc.windchill.lotbaseline.NmLotBaselineCommands" method="addProductVariantToLot" url="netmarkets/jsp/lotbaseline/addMembers.jsp" windowType="popup"/>
      	</action>
		<action name="ProductFamily_LotBaselines"><!-- Action definition  product variants table on Lot Configuration info page-->
		            <component name="ProductFamily_LotBaselines.table" />
		</action>

		<action name="replaceVariantRevision" ajax="component">
        	<command class="com.ptc.windchill.lotbaseline.NmLotBaselineCommands" method="replaceMember" windowType="popup"/>
      	</action>

      	<action name="replacableProductVariantsTable"><!-- Action definition  product variants table on Lot Baseline info page-->
			<component name="replacableProductVariants.table"/>
		</action>

		<action name="updateProductVariants" resourceBundle="com.ptc.windchill.lotbaseline.data.lotBaselineResource" multiselect="false">
			<command class="com.ptc.windchill.lotbaseline.NmLotBaselineCommands" method="updateProductVariantToLot" windowType="popup"/>
			<supportedTypes>
                <type value="wt.lotbaseline.LotBaseline"/>
			</supportedTypes>
		</action>
		<action name="updateProductVariantsGWT" resourceBundle="com.ptc.windchill.lotbaseline.data.lotBaselineResource" multiselect="false" >
			<command class="com.ptc.windchill.lotbaseline.lbm.client.action.UpdateProductVariantsJCAAction" method="execute" url="netmarkets/jsp/lotbaseline/updateProductVariants.jsp" windowType="popup"/>
			<includeFilter name="com.ptc.cat.ui.client.internal.action.OneSelectionFilter"/>
			<supportedTypes>
                <type value="wt.lotbaseline.LotBaseline"/>
			</supportedTypes>
		</action>

		<action name="updateProductVariants_step" ajax="true" resourceBundle="">
			<command class="" method="" windowType="wizard_step"/>
		</action>
		
		<action name="addToLotBaselineGWT" resourceBundle="com.ptc.windchill.lotbaseline.data.lotBaselineResource" multiselect="true" >
			<command class="com.ptc.windchill.lotbaseline.lbm.client.action.AddToLotBaselineJCAAction" method="execute" url="netmarkets/jsp/lotbaseline/addToLotBaseline.jsp" windowType="popup"/>
			<supportedTypes>
				<type value="com.ptc.wpcfg.doc.VariantSpec"/>
			</supportedTypes>
		</action>
		
		<action name="addToLotBaseline_step" ajax="true" resourceBundle="">
			<command class="" method="" windowType="wizard_step"/>
		</action>

		<action name="lotBaselineMoveGWT">
			<command class="com.ptc.cat.ui.client.action.MoveAction" method="execute" url="/servlet/WindchillAuthGW/wt.enterprise.URLProcessor/URLTemplateAction" windowType="popup"/>
			<includeFilter name="com.ptc.cat.ui.client.internal.action.OneOrMoreSelectionFilter"/>
			<includeFilter name="sandboxSharingValidationSimple" />
			<includeFilter name="hideFromNonAgreementMgrs"/>
			<supportedTypes>
				<type value="com.ptc.wpcfg.doc.VariantSpec"/>
				<type value="wt.lotbaseline.LotBaseline"/>
			</supportedTypes>
		</action>
		
		<!-- Lot Baseline table in part info page - END -->
	</objecttype>

</listofactions>
