<?xml version="1.0"?>
<!DOCTYPE listofactions SYSTEM 'actions.dtd'>
<listofactions>
    <objecttype name="navigation" class="" resourceBundle="com.ptc.core.ui.navigationRB">
        <action name="recentContexts"/>

        <action name="program">
        </action>

        <action name="product">
        </action>

        <action name="project">
        </action>

        <action name="library">
        </action>

        <action name="change">
        </action>

        <action name="clfAdmin">
        </action>

        <action name="site">
            <includeFilter name="hideNonSiteOrAgreementAdmin"/>
        </action>

        <action name="org">
            <includeFilter name="hideNonOrganizationOrAgreementAdmin"/>
        </action>

        <action name="supplier">
        </action>

        <action name="product.list">
            <component name="netmarkets.product.list" windowType="page"/>
        </action>

        <action name="project.list">
            <component name="netmarkets.project.list.table" windowType="page"/>
        </action>

        <action name="program.list">
            <component name="netmarkets.program.list.table" windowType="page"/>
        </action>

        <action name="library.list">
            <component name="netmarkets.library.list" windowType="page"/>
        </action>

        <action name="org.list">
            <command class="netmarkets" url="org/list" windowType="page"/>
        </action>

        <action name="search"/>

        <action name="myStuff">
            <!--component name="carambola.mvc.widget" windowType="page"/-->
            <command url="app/#ptc1/util/myStuffPage" windowType="page"/>
        </action>

        <action name="gatheringSpaces">
            <component name="gatheringSpace.objects.mini" windowType="page"/>
        </action>

        <action name="myStuffTab">
            <command url="ptc1/myStuff"/>
            <label>My Stuff</label>
        </action>
    </objecttype>

    <objecttype name="user" class="wt.org.WTUser" resourceBundle="com.ptc.core.ui.navigationRB">
        <action name="reports" enabledwhensuspended="true" uicomponent="HOME_REPORTS">
            <component windowType="page" name="reporting.home.listReports.savedReports"/>
        </action>

        <action name="savedReports" enabledwhensuspended="true" uicomponent="HOME_SAVED_REPORTS">
            <component windowType="page" name="reporting.listReports.savedReports"/>
        </action>

        <action name="dataMonitors" enabledwhensuspended="true" uicomponent="HOME_DATA_MONITORS">
            <component windowType="page" name="netmarkets.datamonitor.list"/>
        </action>

        <action name="hotList" enabledwhensuspended="true" uicomponent="HOT_LINK">
            <component name="netmarkets.notebookfolder.userNotebook" windowType="page"/>
        </action>

        <action name="listCheckedOutWork" enabledwhensuspended="true" uicomponent="HOME_CHECKED_OUT_WORK">
            <component windowType="page" name="checkedout.work.table"/>
        </action>

        <action name="userNotebook" enabledwhensuspended="true" uicomponent="HOME_NOTEBOOK">
            <component name="netmarkets.notebookfolder.userNotebook" windowType="page"/>
            <includeFilter name="hideForNonContainerAccess"/>
        </action>

        <action name="profile" enabledwhensuspended="true" uicomponent="HOME_UTILITIES">
            <component name="profile" windowType="page"/>
        </action>

        <action name="preferences" enabledwhensuspended="true" uicomponent="HOME_UTILITIES">
            <component name="preference.tree" windowType="page"/>
        </action>

        <action name="calendarmanagement" enabledwhensuspended="true" uicomponent="CALENDAR">
            <command url="/netmarkets/jsp/calender/calenderMgmt.jsp" windowType="new"/>
        </action>

        <action name="actionGroup" >
            <component name="component.actionGroup" windowType="page"/>
            <includeFilter name="actionGroupAccessFilter"/>
            <!-- configure filters to hide when there are no applicable action groups for the user -->
            <!--
            <includeFilter name="qmsInstalledFilter"/>
            <includeFilter name="qmsAccessFilter"/>
             -->
        </action>
    </objecttype>

    <objecttype name="netmarkets" class="" resourceBundle="com.ptc.core.ui.navigationRB">
        <action name="homepage" enabledwhensuspended="true">
            <command url="/ptc1/homepage"/>
        </action>

        <action name="globalSearch" enabledwhensuspended="true" renderType="GENERAL">
            <command class="netmarkets" method="wtcore/jsp/com/ptc/windchill/search/Search.jsp" url="wtcore/jsp/com/ptc/windchill/search/Search.jsp" windowType="page"/>
        </action>
        <action name="classificationSearch" enabledwhensuspended="true" renderType="GENERAL">
            <command class="netmarkets" method="netmarkets/jsp/websearch/start.jsp" url="netmarkets/jsp/websearch/start.jsp" windowType="page"/>
        </action>

        <action name="VISUALIZATION_COLLECTION" enabledwhensuspended="true" renderType="PDM">
            <command method="VISUALIZATION_COLLECTION" windowType="popup"/>
        </action>

    </objecttype>

    <objecttype name="help" class="" resourceBundle="com.ptc.core.ui.navigationRB">
      <action name="accessibility">
         <command windowType="new"/>
      </action>

      <action name="searchAll">
         <command windowType="new"/>
      </action>

      <action name="about">
          <command url="/netmarkets/jsp/util/about.jsp" windowType="new"/>
      </action>

      <action name="contactPubs">
          <command window="new" onClick="PTC.help.contactPubs()"/>
      </action>

      <action name="support" enabledwhensuspended="true">
          <command url="http://www.ptc.com/support/windchill.htm" windowType="new"/>
      </action>

      <action name="communities" >
          <command url="http://communities.ptc.com/community/more_communities/windchill" windowType="new" />
      </action>

      <action name="helpCenter" enabledwhensuspended="true">
          <command onClick="PTC.action.openHelpOverview()"/>
      </action>

      <action name="welcome" >
          <command url="/netmarkets/jsp/netmarkets/welcomepage.jsp" windowType="new" />
      </action>

      <action name="quickstart" >
          <command url="http://support.ptc.com/view?im_dbkey=168607" windowType="new" />
      </action>

      <action name="whatsnew" >
          <command url="http://www.ptc.com/appserver/wcms/relnotes/index.jsp?show=y&amp;product=37" windowType="new" />
      </action>

      <action name="openLearningConnector">
          <command window="new" onClick="PTC.learningConnector.open()"/>
      </action>

   </objecttype>

    <objecttype name="product" class="wt.pdmlink.PDMLinkProduct" resourceBundle="com.ptc.core.ui.navigationRB">
        <action name="info" uicomponent="PROJECT_DETAILS">
            <component name="wt.pdmlink.PDMLinkProduct.infoPage" windowType="page"/>
        </action>
        <action name="listFiles">
            <command class="product" method="listFiles" windowType="page"/>
        </action>

        <action name="list">
            <command class="" method="list" windowType="page"/>
        </action>

        <action name="listTeam" uicomponent="PROJECT_TEAM">
            <command class="product" method="listTeam" windowType="page"/>
        </action>

        <action name="listTemplates" uicomponent="PROJECT_TEMPLATES">
            <component name="netmarkets.product.listTemplates" windowType="page"/>
        </action>

        <action name="listUtilities">
            <command class="product" method="listUtilities" windowType="page"/>
        </action>

        <action name="reports">
            <component name="reporting.product.listReports" windowType="page" />
        </action>

        <action name="structureSubTab" uicomponent="PRODUCT_STRUCTURE">
            <command windowType="page"/>
        </action>
    </objecttype>

    <objecttype name="library" class="wt.inf.library.WTLibrary" resourceBundle="com.ptc.core.ui.navigationRB">
    <action name="info" uicomponent="PROJECT_DETAILS">
       <component name="wt.inf.library.WTLibrary.infoPage" windowType="page"/>
    </action>
        <action name="listFiles">
            <command class="library" method="listFiles" windowType="page"/>
        </action>

        <action name="list">
            <command class="" method="list" windowType="page"/>
        </action>

        <action name="listTeam" uicomponent="PROJECT_TEAM">
            <command class="library" method="listTeam" windowType="page"/>
        </action>

        <action name="listTemplates" uicomponent="PROJECT_TEMPLATES">
            <component name="netmarkets.library.listTemplates" windowType="page"/>
        </action>

        <action name="listUtilities">
            <command class="library" method="listUtilities" windowType="page"/>
        </action>

        <action name="reports">
            <component name="reporting.library.listReports" windowType="page" />
        </action>
    </objecttype>

    <objecttype name="change" class="wt.change2.ChangeItem" resourceBundle="com.ptc.core.ui.navigationRB">
        <action name="list">
           <component name="change.problemReports" windowType="page"/>
        </action>

        <action name="listChangeRequests">
            <component name="change.changeRequests" windowType="page"/>
        </action>

        <action name="listChangeNotices">
           <component name="change.changeNotices" windowType="page"/>
        </action>

        <action name="listVariances">
            <component name="change.variances" windowType="page"/>
        </action>

        <action name="changeMonitor" uicomponent="CHANGE_MONITOR_SUB_TAB">
            <command method="changeMonitor" windowType="page"/>
        </action>

        <action name="reports">
            <component name="reporting.change.listReports" windowType="page" />
        </action>
    </objecttype>

    <objecttype name="project" resourceBundle="com.ptc.core.ui.navigationRB">
        <action name="list" enabledwhensuspended="true">
            <command class="project" method="list" windowType="page"/>
        </action>

        <action name="listTeam" uicomponent="PROJECT_TEAM">
            <command class="com.ptc.netmarkets.project.NmProjectCommands" method="listTeam" windowType="page"/>
        </action>

        <action name="listProjectResource" enabledwhensuspended="true" uicomponent="PROJECT_RESOURCES">
            <command class="project" method="listProjectResource" windowType="page"/>
        </action>

        <action name="listFiles" enabledwhensuspended="true">
            <command class="project" method="listFiles" windowType="page"/>
        </action>

        <action name="details" enabledwhensuspended="true" uicomponent="PROJECT_DETAILS">
            <command class="project" method="details" windowType="page"/>
        </action>

        <action name="projectMonitor" enabledwhensuspended="true" uicomponent="monitor" installType="PJL">
            <command class="project" method="projectMonitor" windowType="page"/>
        </action>

        <action name="reports" enabledwhensuspended="true" uicomponent="PROJECT_REPORTS">
            <component name="reporting.project.listReports" windowType="page" />
        </action>

        <action name="view_forum" enabledwhensuspended="true" uicomponent="PROJECT_FORUM">
            <component name="netmarkets.forum.discussion" windowType="page"/>
        </action>

        <action name="view_plan" enabledwhensuspended="true" uicomponent="PROJECT_PLAN">
            <command class="project" method="view_plan" windowType="page"/>
        </action>

        <action name="view_plans" enabledwhensuspended="true" uicomponent="PROJECT_PLAN">
            <component name="projectmanagement.plan.plansTable" windowType="page"/>
        </action>

        <action name="listUtilities">
            <command class="project" method="listUtilities" windowType="page"/>
        </action>

        <action name="listTemplates" enabledwhensuspended="true" uicomponent="PROJECT_TEMPLATES">
            <component name="netmarkets.project.listTemplates" windowType="page"/>
        </action>

        <action name="listChangeObjects">
            <component name="project.changeObjects" windowType="page"/>
        </action>
    </objecttype>

    <objecttype name="program" resourceBundle="com.ptc.core.ui.navigationRB">
        <action name="list" enabledwhensuspended="true">
            <command class="program" method="list" windowType="page"/>
        </action>
                <action name="listTemplates" enabledwhensuspended="true" uicomponent="PROGRAM_TEMPLATES">
            <component name="netmarkets.program.listTemplates" windowType="page"/>
        </action>
    </objecttype>

    <objecttype name="agreements" resourceBundle="com.ptc.core.ui.navigationRB">
        <action name="listAgreements">
            <command windowType="page"/>
        </action>
    </objecttype>

    <objecttype name="network" class="" resourceBundle="com.ptc.core.ui.navigationRB">
          <action name="listNetwork" enabledwhensuspended="true" uicomponent="VIEW_NETWORK_PAGE">
                <command windowType="page"/>
          </action>
    </objecttype>

    <objecttype name="org" class="wt.inf.container.OrgContainer" resourceBundle="com.ptc.core.ui.navigationRB">
        <action name="details" enabledwhensuspended="true" uicomponent="ORG_DETAIL">
            <component name="wt.inf.container.OrgContainer.infoPage" windowType="page"/>
            <includeFilter name="hideNonOrganizationAdmin"/>
        </action>

        <action name="listFiles" enabledwhensuspended="true" uicomponent="ORG_LISTFILE">
            <command windowType="page"/>
            <includeFilter name="hideNonOrganizationAdmin"/>
        </action>

        <action name="listOrgGroups" enabledwhensuspended="true" uicomponent="ORG_LISTGROUP">
            <component name="principalAdmin.org.listOrgGroups" windowType="page"/>
            <includeFilter name="hideNonOrganizationAdmin"/>
        </action>

        <action name="listOrgTeams" enabledwhensuspended="true" uicomponent="ORG_LISTTEAM">
            <component name="principalAdmin.org.listOrgTeams" windowType="page"/>
            <includeFilter name="hideNonOrganizationAdmin"/>
        </action>

        <action name="listOrgRoles" enabledwhensuspended="true" uicomponent="ORG_LISTROLE">
            <component name="principalAdmin.org.listOrgRoles" windowType="page"/>
            <includeFilter name="hideNonOrganizationAdmin"/>
        </action>

        <action name="listTypes" enabledwhensuspended="true" uicomponent="ORG_LISTTYPE">
            <command windowType="page"/>
            <includeFilter name="hideNonOrganizationAdmin"/>
        </action>

        <action name="listProfiles" enabledwhensuspended="true" uicomponent="ORG_LISTPROFILE">
            <component name="org.RoleAccess.List" windowType="page"/>
            <includeFilter name="hideNonOrganizationAdmin"/>
        </action>

        <action name="listTemplates" enabledwhensuspended="true" uicomponent="ORG_LISTTEMPLATE">
            <component name="principalAdmin.org.listTemplates" windowType="page"/>
            <includeFilter name="hideNonOrganizationAdmin"/>
        </action>

        <action name="listOrgProjects" enabledwhensuspended="true" uicomponent="ORG_LISTPROJECT">
            <component name="reporting.org.reportsProjects" windowType="page" />
            <includeFilter name="hideNonOrganizationAdmin"/>
        </action>

        <action name="listOrgAdmin" enabledwhensuspended="true" uicomponent="ORG_LISTADMIN">
             <component name="principalAdmin.org.listAdmins" windowType="page"/>
            <includeFilter name="hideNonOrganizationAdmin"/>
        </action>

        <action name="listCreators" enabledwhensuspended="true" uicomponent="ORG_LISTCREATOR">
            <component name="principalAdmin.org.listCreators"/>
            <includeFilter name="hideNonOrganizationAdmin"/>
        </action>

        <action name="listUtilities" uicomponent="ORG_LISTUTIL">
            <command class="org" method="listUtilities" windowType="page"/>
            <includeFilter name="hideNonOrganizationAdmin"/>
        </action>

        <action name="listOrgs" enabledwhensuspended="true" uicomponent="ORG_LISTORG">
            <component name="principalAdmin.org.listOrgs" windowType="page"/>
            <includeFilter name="hideNonOrganizationAdmin"/>
        </action>

    </objecttype>

    <objecttype name="site" class="wt.inf.container.ExchangeContainer" resourceBundle="com.ptc.core.ui.navigationRB">
        <action name="view" enabledwhensuspended="true">
            <command windowType="page"/>
            <includeFilter name="hideNonSiteAdmin"/>
        </action>

        <action name="listFiles" enabledwhensuspended="true">
            <command windowType="page"/>
            <includeFilter name="hideNonSiteAdmin"/>
        </action>

        <action name="listAdmin" enabledwhensuspended="true">
            <component name="principalAdmin.site.listAdmins" windowType="page"/>
            <includeFilter name="hideNonSiteAdmin"/>
        </action>

        <action name="listProfiles" enabledwhensuspended="true">
            <component name="site.RoleAccess.List" windowType="page"/>
            <includeFilter name="hideNonSiteAdmin"/>
        </action>

        <action name="listTypes" enabledwhensuspended="true">
            <command windowType="page"/>
            <includeFilter name="hideNonSiteAdmin"/>
        </action>
        <action name="listTemplates" enabledwhensuspended="true">
            <component name="netmarkets.site.listTemplates" windowType="page"/>
            <includeFilter name="hideNonSiteAdmin"/>
        </action>

        <action name="listUtilities" enabledwhensuspended="true">
            <command windowType="page"/>
            <includeFilter name="hideNonSiteAdmin"/>
        </action>

        <action name="reports" enabledwhensuspended="true">
            <component name="reporting.site.listReports" windowType="page" />
            <includeFilter name="hideNonSiteAdmin"/>
        </action>
    </objecttype>

        <objecttype name="csm" resourceBundle="com.ptc.core.ui.navigationRB">
                <action name="clfAdminGroup">
                        <component name="clfAdmin.listAdmins" windowType="page"/>
                        <includeFilter name="hideNonSiteAdmin"/>
                </action>
                <action name="manageClassification">
                        <command url="javascript:PTC.csm.launchCSMWindow()"/>
                </action>
        </objecttype>

    <objecttype name="work" class="wt.workflow.work.WorkItem" resourceBundle="com.ptc.core.ui.navigationRB">
        <action name="listAssignments" enabledwhensuspended="true" uicomponent="HOME_ASSIGNMENTS">
            <component windowType="page" name="home.assignments"/>
        </action>

        <action name="listProjectAssignments" enabledwhensuspended="true" uicomponent="PROJECT_ASSIGNMENTS">
            <component windowType="page" name="project.assignments"/>
        </action>

        <action name="listProductAssignments" enabledwhensuspended="true" uicomponent="PROJECT_ASSIGNMENTS">
            <component windowType="page" name="netmarkets.product.assignments.list"/>
        </action>

        <action name="listLibraryAssignments" enabledwhensuspended="true" uicomponent="PROJECT_ASSIGNMENTS">
           <component windowType="page" name="netmarkets.library.assignments.list"/>
        </action>
    </objecttype>

    <objecttype name="meeting" class="wt.meeting.Meeting" resourceBundle="com.ptc.core.ui.navigationRB">
        <action name="list" enabledwhensuspended="true" uicomponent="PROJECT_MEETINGS">
            <command class="com.ptc.netmarkets.meeting.NmMeetingCommands" method="list" windowType="page"/>
        </action>

        <action name="list_mine" enabledwhensuspended="true" uicomponent="HOME_MEETINGS">
            <command windowType="page"/>
        </action>
    </objecttype>

    <objecttype name="report" class="com.ptc.netmarkets.report.NmReportTemplate" resourceBundle="com.ptc.core.ui.navigationRB">
        <action name="listUpdates" enabledwhensuspended="true">
            <component windowType="page" name="recent.updates.table"/>
        </action>
    </objecttype>

    <objecttype name="workspaces" class="" resourceBundle="com.ptc.core.ui.navigationRB">
        <action name="MyWorkspace" enabledwhensuspended="true">
            <command windowType="page"/>
        </action>
    </objecttype>

    <objecttype name="navigation" resourceBundle="com.ptc.core.ui.navigationRB">
      <action name="miniNavWidgets">
          <command onClick="PTC.miniNavigator.showWidgetPane(event, target)"/>
      </action>
      <action name="miniNavThumbPane">
          <command onClick="PTC.miniNavigator.showNavPane(event, target)"/>
      </action>
   </objecttype>
</listofactions>
