<?xml version="1.0" encoding="UTF-8"?>
<!DOCTYPE listofactions SYSTEM 'actions.dtd'>
<listofactions>

   <objecttype name="partlist" resourceBundle="com.ptc.arbortext.windchill.partlist.partListActionsRB" class="com.ptc.arbortext.windchill.partlist.PartList">
     
	  <action name="downloadExport" resourceBundle="com.ptc.arbortext.windchill.partlist.partListActionsRB" ajax="row" uicomponent="EXPORT_PARTSLIST_TO_XML"> 
    	<command windowType="popup"/>
    	<includeFilter name="hideForCheckedOutPartList"/>
    	<includeFilter name="hideForEmptyPartListFilter"/>
	  </action>
	
      <!--Ensure that a document is selected before attempting to open the jsp, see spr 2074016  -->     
      <action name="edit_IllustrationWizardRequest" selectRequired="true" ajax="component">
       <command class="com.ptc.arbortext.windchill.partlist.forms.EditIllustrationLinkFormProcessor" method="execute" windowType="popup" onClick="onClickValidation(event,&apos;edit_IllustrationWizardRequest&apos;)"/>
      </action>
      
      <action name="editIllustration_wizard" ajax="row" resourceBundle="com.ptc.arbortext.windchill.partlist.partListActionsRB" multiselect="false" selectRequired="true">
       	<command class="com.ptc.arbortext.windchill.partlist.forms.EditIllustrationLinkFormProcessor" method="execute" windowType="popup"/>
      </action> 
          	      
	  <action name="editIllustration_step" ajax="row" resourceBundle="com.ptc.arbortext.windchill.partlist.partListActionsRB">
       	<command windowType="wizard_step"/>
      </action> 
              
      <action name="create" ajax="row" checkaccess="true" uicomponent="CREATE_PARTS_LIST">
        <command class="com.ptc.arbortext.windchill.partlist.forms.CreatePartListFormProcessor" method="execute" windowType="popup"/>
      </action> 
      
      <action name="removeIllustrationLink" selectRequired="true" multiselect="true" ajax="component">
        <command class="com.ptc.arbortext.windchill.partlist.action.PartListCommands" method="removePartListToEPMDocumentLink" onClick="onClickValidation(event,&apos;removeIllustrationLink&apos;)"/>
      </action>
      
      <action name="createIllustration" ajax="page" renderType="PDM">
        <command class="com.ptc.arbortext.windchill.partlist.forms.CreateIllustrationFormProcessor" method="execute" 
        	windowType="popup"/>
        <includeFilter name="hideForNonUwgmBrowser"/>
      </action>
      
      <action name="createIllustrationAttributesWizStep" id="createIllustrationAttributesWizStep">
        <command windowType="wizard_step"/>  
      </action>
      
      <action name="createIllustrationUsePLRepStep" id="createIllustrationUsePLRepStep">
        <command windowType="wizard_step"/>  
      </action>
      
      <action name="createIllustrationUseDynDocStep" id="createIllustrationUseDynDocStep">
        <command windowType="wizard_step"/>  
      </action>
      
      <action name="removeBOMLink" selectRequired="true" multiselect="true" ajax="true">
        <command class="com.ptc.arbortext.windchill.partlist.action.PartListCommands" method="removePartListToPartLink" onClick="onClickValidation(event,&apos;removeBOMLink&apos;)"/>
      </action>
      
      <action name="createPartListFromFolder" ajax="row" checkaccess="true" uicomponent="CREATE_PARTS_LIST">
        <command class="com.ptc.arbortext.windchill.partlist.forms.CreatePartListFormProcessor" method="execute" windowType="popup"/>
        <includeFilter name="hideForNonSIS"/>
      </action> 
      
      <action name="partsEditorStructureGWT" resourceBundle="com.ptc.arbortext.windchill.partlist.partListActionsRB">
        <command url="netmarkets/jsp/partseditor/partseditor.jsp"/>
      </action>
	  
	  <action name="partListWhereUsed" resourceBundle="com.ptc.arbortext.windchill.partlist.partListActionsRB" uicomponent="THIRD_LEVEL_WHERE_USED">
	    <component name="partListWhereUsedTab.partListWhereUsedTable"/>
      </action>
      
      <action name="illustrations" resourceBundle="com.ptc.arbortext.windchill.partlist.partListActionsRB">
        <component name="partListRelatedObjects.illustrations"/>
      </action>
      
      <action name="boms" resourceBundle="com.ptc.arbortext.windchill.partlist.partListActionsRB">
        <component name="partListRelatedObjects.boms"/>
      </action>
            
      <action name="partListRelatedActionItems" resourceBundle="com.ptc.arbortext.windchill.partlist.partListActionsRB">
        <component name="netmarkets.actionitem.list" windowType="page"/>
      </action>
   
      <action name="partListRelatedContexts" resourceBundle="com.ptc.arbortext.windchill.partlist.partListActionsRB"/>
            
      <action name="partListRelatedManagedCollection" resourceBundle="com.ptc.arbortext.windchill.partlist.partListActionsRB">
	    <component name="managedCollection.list" windowType="page"/>
      </action>
      
      <!-- 
      <action name="partListRelatedNotes" resourceBundle="com.ptc.arbortext.windchill.partlist.partListActionsRB">
		<component name="partListRelatedNotes.list"/>
      </action>
      -->
            
      <action name="partListRelatedDeliverables" resourceBundle="com.ptc.arbortext.windchill.partlist.partListActionsRB"/>
             
      <action name="generateTranslationDocument" uicomponent="GENERATE_TRANSLATION_DOCUMENT" checkaccess="true">
      <command class="com.ptc.arbortext.windchill.corestruct.commands.GenerateLocalizationFileCommand" method="generateLocalizationFile" ajax="row"/>
        <includeFilter name="com.ptc.cat.ui.client.internal.action.OneSelectionFilter"/>
      </action>
      
      <!-- Edit any soft attributes of the parts list.  This item only appears when the object is checked out -->
      <action name="edit">
      	<command class="com.ptc.core.components.forms.EditWorkableFormProcessor" method="execute" windowType="popup"/>
      	<includeFilter name="sandboxSharingValidationSimple"/>
      	<includeFilter name="hideForNewObjectInWorkspace"/>
      	<includeFilter name="hideForCheckedoutObjectInWorkspace"/>
      	<includeFilter name="hideForPartListNotCheckedOut"/>
      	<includeFilter name="hideSBHiddenFilter"/>
      </action>
      
      <!-- Edit any soft attributes of the parts list.  This item only appears when the object is checked in -->
      <action name="editAttributesAndCheckOut">
      	<command class="com.ptc.core.components.forms.EditWorkableFormProcessor" method="execute" windowType="popup" url="/netmarkets/jsp/partlist/edit.jsp"/>
      	<includeFilter name="sandboxSharingValidationSimple"/>
      	<includeFilter name="disableForNewObjectInWorkspace"/>
      	<includeFilter name="hideForCheckedOutPartList"/>
      	<includeFilter name="hideSBHiddenFilter"/>
      </action>
      
      <!-- Customized Edit Common Attributes action that just shows "Name" and
               "Number", so we use this as our Rename action to edit master parts list attributes  -->
      <action name="renameJCA" ajax="row">
      	<command class="com.ptc.arbortext.windchill.partlist.forms.EditCommonAttrsFormProcessor" method="execute" url="/netmarkets/jsp/partlist/editCommonAttrsWizard" windowType="popup"/>
		<includeFilter name="sandboxSharingValidationSimple"/>
		<includeFilter name="hideSBHiddenFilter"/>
      </action>
      
      <action name="editCommonAttrsWizardStep">
      	<command class="" method="" windowType="wizard_step"/>
      </action>
     
      <action name="openPartsEditor">
      	<command windowType="page" class="java.lang.Object" method="openPartsEditor"/>
      </action>
      
      <!-- defineItemAttributesWizStepForCADDoc is main single step wizard for new CAD Doc. 
          It is based on defineItemAttributesWizStep from core actions.xml . Defined here
          so that custom hooks for other attributes such as postloadJS, afterJs can be done for 
          new Part+CADDoc use case.                                                              -->        
     <action name="defineItemAttributesWizStepForCADDoc" hidden="true" afterVK="setAttributesWizStep"
          preloadWizardPage="false" required="true" postloadJS="newCADDocumentInitialize" resourceBundle="com.ptc.core.ui.componentRB">
         <component name="defineItemAttributesWizStepPL" typeBased="true" windowType="wizard_step"/>
     </action>
     
     <action name="defineItemWizStepPL" id="defineItemWizStepPL" preloadWizardPage="false" required="true" afterVK="defineItem" resourceBundle="com.ptc.core.ui.componentRB">
          <command windowType="wizard_step" url="servlet/TypeBasedIncludeServlet?contextAction=defineItemWizStepPL"/>
     </action>
     
     <!-- Change the uicomponent to be PLE specific to ensure the PLE createWizard action is picked up -->
     <action name="createPartWizard" uicomponent="CREATE_PART_PL" ajax="row">
        <command class="com.ptc.arbortext.windchill.partlist.forms.CreatePartAndCADDocInPartsListFormProcessor" method="execute" 
                 url="/netmarkets/jsp/partlist/createPartWizard.jsp?showNewCADDocStep=true&amp;hideRevisionPicker=true&amp;hideAssociatePart=true" 
                 onClick="validateCreateLocation(event)" windowType="popup"/>
      <includeFilter name="showNewActionPreValidation"/>
      </action>
      
      <action name="plPublishedContent"/>
      
      <!--  use our own 'Open in Creo View' action that uses a filter to determine if each object in the table can be opened-->
     <action name="openCreoView">
    	<includeFilter name="disableCalculationDataFilter"/>
    	<includeFilter name="hideForNotRepresented"/>
    	<command onClick="evalJspResult(event, &apos;netmarkets/jsp/wvs/openProductView.jsp&apos;)"/>
    	<nonSupportedTypes>
    		<type value="WCTYPE|wt.epm.EPMDocument|org.rnd.DynamicDocument|org.rnd.Note" />
    	</nonSupportedTypes>
    </action>
    
    <action name="createPartListToEPMDocumentLink"  selectRequired="true" ajax="row">
    	<command class="com.ptc.arbortext.windchill.partlist.forms.EditIllustrationLinkFormProcessor" method="execute" windowType="popup" onClick="onClickValidation(event,&apos;edit_IllustrationWizardRequest&apos;)"/>
    	<includeFilter name="hideForAuthoringApps"/>
    </action>
    
    <!-- custom cancel button for the new dynamic doc link wizard -->
    <action name="cancelButton" id="PJL_wizard_cancel" resourceBundle="com.ptc.arbortext.windchill.partlist.partListActionsRB">
    <!-- register when the cancelButton has been clicked from this wizard, further processing is required -->
    	<command onClick="cancelEditClicked()"/>
    </action>
    
    <action name="createIllustrationLink_Wizard" ajax="row" resourceBundle="com.ptc.arbortext.windchill.partlist.partListActionsRB" multiselect="false" selectRequired="true">
       	<command class="com.ptc.arbortext.windchill.partlist.forms.EditIllustrationLinkFormProcessor" method="execute" windowType="popup"/>
    </action> 
      
      <action name="analysisWizStep">
        <command windowType="wizard_step"/>
      </action>
      
      <action name="generateWizStep" preloadWizardPage="false" hidden="true">
        <command windowType="wizard_step"/>
      </action>
      
      <!-- custom cancel button for the new dynamic doc link wizard -->
    <action name="cancelGenerateButton" id="PJL_wizard_cancel" resourceBundle="com.ptc.arbortext.windchill.partlist.partListActionsRB">
    <!-- register when the cancelButton has been clicked from this wizard, further processing is required -->
         <command class="com.ptc.arbortext.windchill.partlist.action.PartListCommands" method="cancelPartsListGeneration"/>
    </action>
    
    <action name="plSaveAs" checkaccess="true" enabledwhensuspended="true" renderType="PDM" uicomponent="SAVE_AS">
        <command windowType="popup" class="java.lang.Object" method="plSaveAs"/>
        <includeFilter name="sandboxSharingValidationSimple"/>
        <includeFilter name="hideFromNonAgreementMgrs"/>
        <supportedTypes>
            <type value="com.ptc.arbortext.windchill.partlist.PartList"/>
        </supportedTypes>
    </action>
     
     <action name="replacements" checkaccess="true" ajax="true">
       <includeFilter name="psbSessionValidation" />
       <command windowType="popup"/>
       <access name="update"/>
     </action>
     
     <action name="replacements_step" checkaccess="true" ajax="true">
       <component name="relatedObjects.partsListReplacementsStep" />      
       <command windowType="wizard_step"/>
       <access name="update"/>
     </action>
     
     <action name="addAlternateLinks" ajax="row" uicomponent="ADD_ALTERNATE">
       <command windowType="popup"/>
     </action>
     
     <action name="removeAlternateLinks" renderType="GENERAL" selectRequired="true" uicomponent="REMOVE_REPLACEMENT">
        <command windowType="no_content" onClick="removeRows(event)"/>
     </action>
     
     <action name="configure" checkaccess="true" ajax="true" uicomponent="CREATE_PARTS_LIST">
       <includeFilter name="hideForCheckedOutPartList"/>
       <includeFilter name="hideForPartListNotConfigurableFilter"/>
       <command windowType="popup"/>
     </action>
     
     <action name="setFilterStep">
       <command windowType="wizard_step"/>
     </action>
     
     <action name="previewStep">
       <command windowType="wizard_step"/>
     </action>
     
     <action name="variantSpecificationStep">
       <command windowType="wizard_step"/>
     </action>
     
     <action name="moduleVariantStep">
       <command windowType="wizard_step"/>
     </action>
     
    <action name="partListRequiringUpdateGWT">
        <command class="com.ptc.cat.ui.client.action.LaunchURLAction" 
                 url="/netmarkets/jsp/partlist/partListRequiringUpdateReport.jsp" 
                 method="execute" 
                 windowType="popup"/>
    </action>
    
    <action name="updateCompleted">
    	<command class="com.ptc.arbortext.windchill.partlist.action.PartListCommands" method="partsListUpdateCompleted"/>
    	<includeFilter name="hideForUpdateNotRequiredFilter"/>
    	<supportedTypes>
            <type value="com.ptc.arbortext.windchill.partlist.PartList"/>
        </supportedTypes>
    </action>
    
    <action name="updateNotRequired">
        <command class="com.ptc.arbortext.windchill.partlist.action.PartListCommands" method="partsListUpdateNotRequired"/>
        <includeFilter name="hideForUpdateNotRequiredFilter"/>
        <supportedTypes>
            <type value="com.ptc.arbortext.windchill.partlist.PartList"/>
        </supportedTypes>
    </action>
    
        <action name="updatePartsList">
        <includeFilter name="sisNotReadyFilter"/>
        <includeFilter name="hideForUpdateNotRequiredFilter"/>
        <supportedTypes>
            <type value="com.ptc.arbortext.windchill.partlist.PartList"/>
        </supportedTypes>
    </action>
    
    <action name="plCheckin" ajax="row" dtiUpload="true">
          <includeFilter name="hideForNewObjectInWorkspace" />
          <includeFilter name="hideForCheckedoutObjectInWorkspace" />
          <includeFilter name="sandboxSharingValidationSimple" />
          <includeFilter name="hideFromNonAgreementMgrs"/> 
          <includeFilter name="hideSBHiddenFilter"/>
          <includeFilter name="hideForClashJobDefinition" />           
          <command url="/netmarkets/jsp/wip/checkin.jsp"  class="com.ptc.arbortext.windchill.partlist.forms.PLCheckinObjectFormProcessor" method="execute" windowType="popup" />
    </action>
    <action name="partListRequiringRegenerationGWT">
	<command class="com.ptc.cat.ui.client.action.LaunchURLAction" 
		 url="/netmarkets/jsp/partlist/partListRequiringRegenerationReport.jsp" 
		 method="execute" 
		 windowType="popup"/>
    </action>
  </objecttype>
            
</listofactions>
