<?xml version="1.0"?>
<!DOCTYPE actionmodels SYSTEM 'actionmodels.dtd'>

<!-- define the actions on the UI components -->
<actionmodels resourceBundle="com.ptc.arbortext.windchill.partseditor.partsEditorActionsRB">
   <model name="partsEditorPartsTreeContextMenu">
   	  <action name="viewInfoGWT" type="partseditor"/>
   	  <action name="separator" type="separator"/>
      <submodel name="partsEditorOpenInRelatedPartsTreeContextSubmenuGWT"/>
      <action name="selectInVIZTabGWT" type="partseditor"/>
      <action name="selectInTableGWT" type="partseditor"/>
      <action name="separator" type="separator"/>
      <submodel name="partsEditorAddInsertRelatedPartsTreeContextSubmenuGWT"/>
      <action name="removeGWT" type="partseditor"/>
      <submodel name="partsEditorEditRelatedPartsTreeContextSubmenuGWT"/>
      <submodel name="partsEditorReplaceRelatedPartsTreeContextSubmenuGWT"/>
      <action name="separator" type="separator"/>
      <action name="copyToWindchillGWT" type="partseditor"/>
      <action name="pasteFromClipboardToTreeGWT" type="partseditor"/>
      <action name="separator" type="separator"/>
      <action name="relatedObjectsGWT" type="partseditor" />
      <submodel name="partsEditorAddUpdateRelatedInformationSubmenuGWT"/>
      <submodel name="partsEditorAddToRelatedPartsTreeContextSubmenuGWT"/>
      <action name="separator" type="separator"/>
      <action name="updateCompletedGWT" type="partseditor"/>
      <action name="updateNotRequiredGWT" type="partseditor"/>
      <action name="updatePartsListGWT" type="partseditor"/>
      <action name="separator" type="separator"/>
      <action name="checkinGWT" type="partseditor"/>
      <action name="checkoutGWT" type="partseditor"/>
      <action name="undocheckoutGWT" type="psb"/>
      <action name="newRevisionGWT" type="cat"/>
      <action name="separator" type="separator"/>
	  <action name="newRepresentationGWT" type="partseditor"/>
	  <action name="separator" type="separator"/>
      <action name="manageApplicability" type="partseditor"/> <!-- Manage Applicability -->
   </model>

   <model name="partsEditorRelatedPartsContextMenu">
      <action name="viewInfoGWT" type="cat"/>
      <action name="separator" type="separator"/>
      <action name="removeGWT" type="partseditor"/>
      <action name="editUsageLinkGWT" type="partseditor"/>
      <action name="editCommonAttribsGWT" type="partseditor"/>
      <action name="editOptionRules" type="partseditor"/>
      <action name="renamePartlistGWT" type="partseditor"/>
      <action name="separator" type="separator"/>
   	  <action name="copyToWindchillGWT" type="partseditor"/>
   	  <action name="pasteFromClipboardToTableGWT" type="partseditor"/>
      <action name="separator" type="separator"/>
      <action name="selectInTreeGWT" type="partseditor"/>
      <action name="separator" type="separator"/>
      <action name="checkinGWT" type="psb"/>
      <action name="checkoutGWT" type="psb"/>
      <action name="undocheckoutGWT" type="psb"/>
      <action name="newRevisionGWT" type="cat"/>
   </model>

   <model name="partsEditorRelatedPartsToolBar">
   <!-- Insert Existing and Insert New / Multiple New in the Items table need their own actions because we don't
   want to filter them on object type, see spr 2065185 -->
   	  <action name="addItemFromItemsTab" type="partseditor"/>
      <action name="insertNewPartStructureFromItemsTabGWT" type="partseditor"/>
      <action name="insertMultiNewPartStructureFromItemsTabGWT" type="partseditor"/>
      <action name="removeChildPartGWT" type="partseditor"/>
      <action name="separator" type="separator"/>
      <action name="editUsageLinkGWT" type="partseditor"/>
      <action name="editOptionRules" type="partseditor"/>
      <action name="separator" type="separator"/>
   	  <action name="copyToWindchillGWT" type="cat"/>
   	  <action name="pasteFromClipboardToTableGWT" type="partseditor"/>
   	  <action name="separator" type="separator"/>
   	  <action name="saveSortGWT" type="partseditor"/>
   </model>

   <model name="PartsEditor.toolbar">
      <action name="editingGroupGWT" type="psb"/>
      <action name="addItem" type="partseditor"/>
      <action name="removeGWT" type="partseditor"/>
      <action name="insertNewPartStructureSplitGWT" type="partseditor"/>
      <action name="insertNewPartStructureGWT" type="partseditor"/>
      <action name="insertMultiNewPartStructureGWT" type="partseditor"/>
	  <action name="editSplitGWT" type="partseditor"/>
      <action name="editGWT" type="partseditor"/>
      <action name="editUsageLinkGWT" type="partseditor"/>
      <action name="editCommonAttribsGWT" type="partseditor" />
      <action name="separator" type="separator"/>
      <action name="renamePartlistGWT" type="partseditor"/>


	  <action name="checkInOutGroupGWT" type="psb"/>
      <action name="checkoutGWT" type="partseditor"/>
      <action name="newRevisionGWT" type="cat"/>
      <action name="checkinSplitGWT" type="partseditor"/>
      <action name="checkinGWT" type="partseditor"/>
      <action name="undocheckoutGWT" type="partseditor"/>

      <action name="clipboardGroupGWT" type="psb"/>
      <action name="pasteFromClipboardToTreeWithLargeIconGWT" type="partseditor"/>
      <action name="copyToWindchillClipboardWithLargeIconGWT" type="partseditor"/>

      <action name="viewingGroupGWT" type="psb"/>
      <action name="showDefaultRelatedObjectsGWT" type="partseditor"/>
      <action name="configurableTableViewGWT" type="cat"/>
      <action name="configurableTableViewListGWT" type="cat"/>
      <action name="separator" type="separator"/>
      <action name="saveStructureViewGWT" type="cat"/>
      <action name="configurableTableViewManagerGWT" type="cat"/>
      <action name="separator" type="cat"/>
      <action name="hideAllRelatedObjectsGWT" type="partseditor"/>

      <action name="displayGWT" type="cat"/>
      <action name="selectAllGWT" type="cat"/>
      <action name="separator" type="separator"/>
      <action name="viewLayout2Panel" type="cat"/>
      <action name="viewLayout3Panel" type="cat"/>
      <action name="separator" type="separator"/>
      <action name="refreshGWT" type="partseditor"/>

      <action name="AddToGroupGWT" type="partseditor"/>
      <action name="addToActionsGWT" type="psb"/>
      <action name="addToBaselineGWT" type="cat"/>

      <action name="filterGroupGWT" type="ec"/>
      <action name="editFilterWithLargeIconGWT" type="ec"/>
      <action name="filterPropertiesGWT" type="ec"/>
      <action name="savedFiltersGWT" type="ec"/>

	  <action name="addRelatedGroup" type="partseditor"/>
	  <action name="addBom" type="partseditor"/>
	  <action name="illustrationActions" type="partseditor"/>
      <action name="addExistingIllustration" type="partseditor"/>
      <action name="createIllustration" type="partseditor"/>
      <action name="updateIllustration" type="partseditor"/>

      <action name="PublishGroup" type="partseditor"/>
      <action name="newRepresentationGWT" type="partseditor"/>

      <action name="toolsGroupGWT" type="psb"/>
      <action name="openActions" type="partseditor"/>
      <action name="openInPSEGWT" type="psb"/>
      <action name="openInMPSEGWT" type="psb"/>
      <!-- disabled by the WTPartTypeFilter in psb -->
      <action name="openInSPSEGWT" type="partseditor"/>
      <action name="openInSAPSBGWT" type="partseditor"/>
      <action name="openInCreoViewGWT" type="partseditor"/>

      <!-- Uncomment these actions to enable the Configure button in the ribbon menu -->
      <!--<action name="configureGroupGWT" type="partseditor" />
      <action name="configureGWT" type="partseditor" />-->

   </model>

   <model name="partsEditorBOMTreeContextMenu">
   	  <action name="addSelectedPart" type="partseditor"/>
   	  <action name="viewInfoGWT" type="cat"/>
   	  <action name="bomViewApplicability" type="partseditor"/>
   	  <action name="launchStructureCompareGWT" type="psb"/>
   </model>

   <model name="partsEditorAddUpdateRelatedInformationSubmenuGWT">
      <action name="addBom" type="partseditor"/>
      <action name="addExistingIllustration" type="partseditor"/>
      <action name="createIllustration" type="partseditor"/>
      <action name="updateIllustration" type="partseditor"/>
   </model>

   <model name="partsEditorBOMTreeToolBar">
      <action name="addSelectedPart" type="partseditor"/>
      <action name="viewBomInfoGWT" type="partseditor"/>
      <action name="bomViewApplicability" type="partseditor"/>
      <action name="launchStructureCompareGWT" type="psb"/>
   </model>

   <model name="partsEditorAddInsertRelatedPartsTreeContextSubmenuGWT">
      <action name="addItem" type="partseditor"/>
      <action name="insertNewPartStructureGWT" type="partseditor"/>
      <action name="insertMultiNewPartStructureGWT" type="partseditor"/>
   </model>

   <model name="partsEditorAddToRelatedPartsTreeContextSubmenuGWT">
   	<action name="addToBaselineGWT" type="cat"/>
   </model>


   <model name="partsEditorVizToolBar">
         <action name="zoomAllGWT" type="cat" />
      <action name="zoomSelectedGWT" type="partseditor" />
      <action name="zoomToWindowGWT" type="partseditor"/>
      <action name="separator" type="separator" />
      <action name="setSpinCenterGWT" type="partseditor" />
      <action name="toggleAutoSelectionGWT" type="partseditor" />
      <action name="toggleAutoSelectionFromStructToVIZGWT" type="cat" />
      <action name="toggleAutoSelectionFromVIZToStructGWT" type="cat" />
      <action name="spatialFilter" type="partseditor" />
      <action name="setBoxSpatialFilter" type="structurecomponent" />
      <action name="setSphereSpatialFilter" type="structurecomponent" />
      <action name="setProximitySpatialFilter" type="structurecomponent" />
      <action name="updateSpatialFilter" type="structurecomponent" />
      <action name="separator" type="separator"/>
      <action name="defaultRenderModeGWT" type="partseditor"/>
      <action name="shadedRenderModeGWT" type="baseclient"/>
      <action name="shadedWithEdgesRenderModeGWT" type="baseclient"/>
      <action name="hiddenLineRemovalGWT" type="baseclient"/>
      <action name="wireframeRenderModeGWT" type="baseclient"/>
      <action name="meshRenderModeGWT" type="baseclient"/>
      <action name="defaultOrientationGWT" type="partseditor"/>
      <action name="iso1OrientationGWT" type="baseclient"/>
      <action name="iso2OrientationGWT" type="baseclient"/>
      <action name="topOrientationGWT" type="baseclient"/>
      <action name="bottomOrientationGWT" type="baseclient"/>
      <action name="leftOrientationGWT" type="baseclient"/>
      <action name="rightOrientationGWT" type="baseclient"/>
      <action name="frontOrientationGWT" type="baseclient"/>
      <action name="backOrientationGWT" type="baseclient"/>
      <action name="separator" type="separator" />
      <action name="selectModeGWT" type="partseditor"/>
      <action name="selectAllGWT" type="partseditor"/>
      <action name="separator" type="separator" />
      <action name="translateModeGWT" type="partseditor"/>
      <action name="rotateModeGWT" type="partseditor"/>
      <action name="restoreAllSplitGWT" type="partseditor"/>
      <action name="restoreAllGWT" type="baseclient"/>
      <action name="resetInstanceGWT" type="baseclient"/>
      <action name="separator" type="separator" />
      <action name="distanceMeasurementGWT" type="partseditor"/>
      <action name="diameterMeasurementGWT" type="partseditor"/>
      <action name="angleMeasurementGWT" type="partseditor"/>
      <action name="summaryMeasurementGWT" type="partseditor"/>
      <action name="separator" type="separator" />
      <action name="deleteSelectedMeasurementGWT" type="partseditor"/>
      <action name="deleteAllMeasurementsGWT" type="partseditor"/>
      <action name="separator" type="separator" />
      <action name="createStructureItemToVizItemLink" type="partseditor"/>
      <action name="illustrationSelection" type="partseditor"/>
   </model>

   <model name="partsEditorOpenInRelatedPartsTreeContextSubmenuGWT" resourceBundle="com.ptc.arbortext.windchill.partseditor.partsEditorActionsRB">
      <action name="openInPSEGWT" type="psb"/>
      <action name="openInMPSEGWT" type="psb"/>
      <!-- disabled by the WTPartTypeFilter in psb -->
      <action name="openInSPSEGWT" type="partseditor"/>
      <action name="openInSAPSBGWT" type="partseditor"/>
      <action name="openInCreoViewGWT" type="partseditor"/>
      <action name="displayInVisualizationTabGWT" type="partseditor"/>
      <action name="openInCreoIllustrateGWT" type="partseditor"/>
      <action name="openInIsoDrawGWT" type="partseditor"/>
   </model>


   <model name="partsEditorEditRelatedPartsTreeContextSubmenuGWT">
      <action name="editGWT" type="partseditor"/>
      <action name="editUsageLinkGWT" type="partseditor"/>
      <action name="editCommonAttribsGWT" type="partseditor" />
      <action name="separator" type="separator"/>
      <action name="renamePartlistGWT" type="partseditor"/>
   </model>

   <model name="partsEditorNewRelatedPartsTreeContextSubmenuGWT">

   </model>

    <!-- The following toolbar is defined and not used; we do this so that the icons for the associated actions will appear in menus
         See http://rdwiki.ptcnet.ptc.com/mediawiki/index.php?title=DR129_New_Naming_Conventions_for_Toolbar_and_Menubar_Action_Model
         See SPR 2074894
    -->
    <model name="toolbar to enable icons">
        <action name="generateTranslationDocument" type="partlist"/>
        <action name="openPartsEditor" type="partlist"/>
    </model>

   <model name="editOptionATO button partlist">
      <action name="itemChoiceGWT" type="partseditor"/>
   </model>

   <model name="editLinkATO button partlist">
      <action name="editOptionRules" type="partseditor"/>
   </model>

   <model name="partsEditorReplaceRelatedPartsTreeContextSubmenuGWT">
      <action name="partsEditorReplacementsGWT" type="partseditor"/>
   </model>

   <model name="partsEditorReplacement.ToolBar">
      <action name="partsEditorRemoveGWT" type="partseditor"/>
      <!-- Remove Selected Objects -->
      <action name="partsEditorAddAlternateLinks" type="partseditor"/>
      <!-- Add Alternate Part -->
      <action name="partsEditorAddSubstituteLinks" type="partseditor"/>
      <!-- Add Substitute Part -->
   </model>

   <model name="partsEditorSupplementaryReplacementsContextMenu">
      <action name="manageApplicabilitySuppRepLink" type="partseditor"/> <!-- Manage Applicability -->
   </model>

   <model name="supplementaryReplacementsTableActions">
   	  <action name="removeSupplementaryReplacementLink" type="partseditor"/>
   	  <action name="addSupplementaryReplacementLink" type="partseditor"/>
   </model>
</actionmodels>
