<?xml version="1.0"?>
<!DOCTYPE listofactions SYSTEM 'actions.dtd'>
<listofactions>
	<objecttype name="partseditor"
		resourceBundle="com.ptc.arbortext.windchill.partseditor.partsEditorActionsRB">

		<action name="removeGWT">
			<command class="com.ptc.arbortext.windchill.partseditor.client.action.PLERemoveAction"/>
			<includeFilter name="com.ptc.cat.ui.client.internal.action.OneOrMoreSelectionFilter"/>
			<includeFilter name="com.ptc.cat.ui.client.internal.action.HaveParentFilter"/>
		</action>
		<action name="removeChildPartGWT">
			<command class="com.ptc.arbortext.windchill.partseditor.client.action.PLERemoveAction"/>
			<includeFilter name="com.ptc.cat.ui.client.internal.action.OneOrMoreSelectionFilter"/>
			<includeFilter
				name="com.ptc.cat.ui.client.internal.action.IsNotRootStructureModelFilter"/>
			<includeFilter name="disableForNewObjectInWorkspace"/>
		</action>

		<!-- Don't carry out any action when the Edit menu is clicked on the Toolbar, because there is no consistent
 	edit action for both a Parts List and Parts List Item.  The user should select from the dropdown which Edit action
 	to use, see spr 2060790 -->
		<action name="editSplitGWT">
			<command class="com.ptc.cat.ui.client.action.NoAction"/>
		</action>


		<!-- Edit any soft attributes of the parts list.  This item only appears when the object is checked out -->
		<action name="editGWT" ajax="component">
			<command class="com.ptc.cat.ui.client.action.EditAction" method="execute"
				url="/netmarkets/jsp/partlist/edit" windowType="popup"/>
			<includeFilter name="com.ptc.cat.ui.client.internal.action.OneSelectionFilter"/>
			<nonSupportedTypes>
				<type value="wt.epm.EPMDocument"/>
			</nonSupportedTypes>
		</action>


		<action name="editUsageLinkGWT">
			<command class="com.ptc.arbortext.windchill.partseditor.client.action.EditUsagesAction"/>
			<includeFilter name="com.ptc.cat.ui.client.internal.action.OneSelectionFilter"/>
			<includeFilter name="com.ptc.cat.ui.client.internal.action.HaveParentFilter"/>
			<includeFilter name="disableForNewObjectInWorkspace"/>
			<nonSupportedTypes>
				<type value="com.ptc.arbortext.windchill.partlist.PartList"/>
			</nonSupportedTypes>
		</action>


		<action name="addItem">
			<command class="com.ptc.arbortext.windchill.partseditor.client.action.AddItemAction"/>
			<includeFilter name="com.ptc.cat.ui.client.internal.action.OneSelectionFilter"/>
			<includeFilter
				name="com.ptc.cat.ui.client.internal.action.IsNotUnspecifiedIterationFilter"/>
			<includeFilter name="disableForNewObjectInWorkspace"/>
			<supportedTypes>
				<type value="com.ptc.arbortext.windchill.partlist.PartList"/>
			</supportedTypes>
		</action>

		<!-- Insert Existing and Insert New / Multiple New in the Items table need their own actions because we don't
   want to filter them on object type, see spr 2065185 -->
		<action name="addItemFromItemsTab">
			<command class="com.ptc.arbortext.windchill.partseditor.client.action.AddItemAction"/>
		</action>

		<action name="insertNewPartStructureSplitGWT" uicomponent="CREATE_PART" ajax="row">
			<command
				class="com.ptc.arbortext.windchill.partseditor.client.action.InsertNewPartAction"
				url="/ptc1/partlist/createPartWizard?invokedfrom=folder&amp;showNewCADDocStep=true&amp;hideRevisionPicker=true&amp;hideAssociatePart=true"/>
			<includeFilter
				name="com.ptc.cat.ui.client.internal.action.IsNotUnspecifiedIterationFilter"/>
			<includeFilter name="com.ptc.cat.ui.client.internal.action.OneSelectionFilter"/>
			<includeFilter name="disableForNewObjectInWorkspace"/>
			<supportedTypes>
				<type value="com.ptc.arbortext.windchill.partlist.PartList"/>
			</supportedTypes>
		</action>

		<action name="insertNewPartStructureFromItemsTabGWT" uicomponent="CREATE_PART" ajax="row">
			<command
				class="com.ptc.arbortext.windchill.partseditor.client.action.InsertNewPartAction"
				url="/ptc1/partlist/createPartWizard?invokedfrom=folder&amp;showNewCADDocStep=true&amp;hideRevisionPicker=true&amp;hideAssociatePart=true"/>
			<includeFilter name="disableForNewObjectInWorkspace"/>
		</action>


		<action name="insertMultiNewPartStructureFromItemsTabGWT" uicomponent="CREATE_PART"
			ajax="row">
			<command
				class="com.ptc.arbortext.windchill.partseditor.client.action.InsertNewPartsAction"
				method="execute"
				url="/ptc1/partlist/createPartWizard?wizardType=multiPart&amp;invokedfrom=folder"
				windowType="popup"/>
			<includeFilter name="disableForNewObjectInWorkspace"/>
		</action>

		<action name="insertNewPartStructureGWT" uicomponent="CREATE_PART" ajax="row">
			<command
				class="com.ptc.arbortext.windchill.partseditor.client.action.InsertNewPartAction"
				url="/ptc1/partlist/createPartWizard?invokedfrom=folder&amp;showNewCADDocStep=true&amp;hideRevisionPicker=true&amp;hideAssociatePart=true"/>
			<includeFilter
				name="com.ptc.cat.ui.client.internal.action.IsNotUnspecifiedIterationFilter"/>
			<includeFilter name="com.ptc.cat.ui.client.internal.action.OneSelectionFilter"/>
			<includeFilter name="disableForNewObjectInWorkspace"/>
			<supportedTypes>
				<type value="com.ptc.arbortext.windchill.partlist.PartList"/>
			</supportedTypes>
		</action>

		<!-- Create multiple new parts and add to Parts List gwt action -->
		<!-- Change the uicomponent to be PLE specific to ensure the PLE createWizard action is picked up -->
		<action name="insertMultiNewPartStructureGWT" uicomponent="CREATE_PART" ajax="row">
			<command
				class="com.ptc.arbortext.windchill.partseditor.client.action.InsertNewPartsAction"
				method="execute"
				url="/ptc1/partlist/createPartWizard?wizardType=multiPart&amp;invokedfrom=folder"
				windowType="popup"/>
			<includeFilter
				name="com.ptc.cat.ui.client.internal.action.IsNotUnspecifiedIterationFilter"/>
			<includeFilter name="com.ptc.cat.ui.client.internal.action.OneSelectionFilter"/>
			<includeFilter name="disableForNewObjectInWorkspace"/>
			<supportedTypes>
				<type value="com.ptc.arbortext.windchill.partlist.PartList"/>
			</supportedTypes>

		</action>

		<action name="checkoutGWT">
			<command class="com.ptc.cat.ui.client.internal.action.CheckoutAction"/>
			<includeFilter name="com.ptc.cat.ui.client.internal.action.OneOrMoreSelectionFilter"/>
			<includeFilter name="com.ptc.cat.ui.client.internal.action.CheckinFilter"/>
			<nonSupportedTypes>
				<type value="wt.epm.EPMDocument"/>
			</nonSupportedTypes>
		</action>

		<action name="checkinSplitGWT">
			<command class="com.ptc.arbortext.windchill.partseditor.client.action.PLCheckinAction"/>
			<includeFilter name="com.ptc.cat.ui.client.internal.action.OneOrMoreSelectionFilter"/>
			<includeFilter
				name="com.ptc.cat.ui.client.internal.action.CheckoutConsiderSiteAdminFilter"/>
		</action>

		<action name="checkinGWT">
			<command class="com.ptc.arbortext.windchill.partseditor.client.action.PLCheckinAction"/>
			<includeFilter name="com.ptc.cat.ui.client.internal.action.OneOrMoreSelectionFilter"/>
			<includeFilter
				name="com.ptc.cat.ui.client.internal.action.CheckoutConsiderSiteAdminFilter"/>
		</action>

		<action name="undocheckoutGWT">
			<command class="com.ptc.cat.ui.client.internal.action.UndoCheckoutAction"/>
			<includeFilter name="com.ptc.cat.ui.client.internal.action.OneOrMoreSelectionFilter"/>
			<includeFilter
				name="com.ptc.cat.ui.client.internal.action.CheckoutConsiderSiteAdminFilter"/>
		</action>

        <action name="showhiderelatedinfo" >
            <command class="com.ptc.arbortext.windchill.partseditor.client.action.PartsEditorRelatedObjectsAction"/>
            <supportedTypes>
                <type value="com.ptc.arbortext.windchill.partlist.PartList" />
            </supportedTypes>
        </action>

        <action name="relatedObjectsWithLargeIconGWT">
            <command class="com.ptc.arbortext.windchill.partseditor.client.action.PartsEditorRelatedObjectsAction"/>
            <supportedTypes>
                <type value="com.ptc.arbortext.windchill.partlist.PartList" />
            </supportedTypes>
            <includeFilter name="com.ptc.cat.ui.client.internal.action.OneOrMoreSelectionFilter"/>
        </action>

		<action name="showDefaultRelatedObjectsGWT" ajax="row">
			<command class="com.ptc.arbortext.windchill.partseditor.client.action.PartsEditorShowDefaultRelatedObjectsAction" />
			<includeFilter name="com.ptc.cat.ui.client.internal.action.OneOrMoreSelectionFilter" />
			<includeFilter name="com.ptc.cat.ui.client.internal.action.IsNotUnspecifiedIterationFilter" />
			<includeFilter name="com.ptc.windchill.enterprise.part.psb.client.filters.ShowHideRelatedInfoFilter" />
			<supportedTypes>
                <type value="com.ptc.arbortext.windchill.partlist.PartList" />
            </supportedTypes>
		</action>

		<action name="hideAllRelatedObjectsGWT"  ajax="row">
        	<command class="com.ptc.cat.gxt.client.action.HideAllRelatedObjectsAction"/>
            <includeFilter name="com.ptc.cat.ui.client.internal.action.OneOrMoreSelectionFilter"/>
            <includeFilter name="com.ptc.cat.ui.client.internal.action.IsNotUnspecifiedIterationFilter"/>
            <includeFilter name="com.ptc.windchill.enterprise.part.psb.client.filters.ShowHideRelatedInfoFilter"/>
            <supportedTypes>
                <type value="com.ptc.arbortext.windchill.partlist.PartList" />
            </supportedTypes>
        </action>

		<action name="relatedObjectsGWT">
        	<command class="com.ptc.cat.gxt.client.action.RelatedObjectsAction"/>
            <includeFilter name="com.ptc.cat.ui.client.internal.action.OneOrMoreSelectionFilter"/>
            <includeFilter name="com.ptc.cat.ui.client.internal.action.IsNotUnspecifiedIterationFilter"/>
            <includeFilter name="com.ptc.windchill.enterprise.part.psb.client.filters.ShowHideRelatedInfoFilter"/>
            <supportedTypes>
                <type value="com.ptc.arbortext.windchill.partlist.PartList" />
            </supportedTypes>
        </action>

		<action name="copyToWindchillGWT" uicomponent="COPY">
			<command class="com.ptc.cat.gxt.client.action.CopyAction"/>
			<includeFilter name="com.ptc.cat.ui.client.internal.action.OneOrMoreSelectionFilter"/>
			<includeFilter
				name="com.ptc.cat.ui.client.internal.action.IsNotUnspecifiedIterationFilter"/>
			<nonSupportedTypes>
				<type value="com.ptc.arbortext.windchill.partlist.PartList"/>
				<type value="wt.epm.EPMDocument"/>
			</nonSupportedTypes>
		</action>

		<action name="copyToWindchillClipboardWithLargeIconGWT" uicomponent="COPY">
			<command class="com.ptc.cat.gxt.client.action.CopyAction"/>
			<includeFilter name="com.ptc.cat.ui.client.internal.action.OneOrMoreSelectionFilter"/>
			<includeFilter
				name="com.ptc.cat.ui.client.internal.action.IsNotUnspecifiedIterationFilter"/>
			<nonSupportedTypes>
				<type value="com.ptc.arbortext.windchill.partlist.PartList"/>
				<type value="wt.epm.EPMDocument"/>
			</nonSupportedTypes>
		</action>

		<action name="pasteFromClipboardToTreeGWT">
			<command class="com.ptc.cat.gxt.client.action.PasteAction"/>
			<includeFilter name="com.ptc.cat.ui.client.internal.action.OneSelectionFilter"/>
			<includeFilter
				name="com.ptc.cat.ui.client.internal.action.IsNotUnspecifiedIterationFilter"/>
			<supportedTypes>
				<type value="com.ptc.arbortext.windchill.partlist.PartList"/>
			</supportedTypes>
		</action>

		<action name="pasteFromClipboardToTreeWithLargeIconGWT">
			<command class="com.ptc.cat.gxt.client.action.PasteAction"/>
			<includeFilter name="com.ptc.cat.ui.client.internal.action.OneSelectionFilter"/>
			<includeFilter
				name="com.ptc.cat.ui.client.internal.action.IsNotUnspecifiedIterationFilter"/>
			<supportedTypes>
				<type value="com.ptc.arbortext.windchill.partlist.PartList"/>
			</supportedTypes>
		</action>

		<action name="pasteFromClipboardToTableGWT" uicomponent="PASTE">
			<command
				class="com.ptc.arbortext.windchill.partseditor.client.action.ItemsTablePasteAction"/>
			<includeFilter
				name="com.ptc.cat.ui.client.internal.action.IsNotUnspecifiedIterationFilter"/>
		</action>

		<action name="editOptionRules" uicomponent="ASSIGN_EXPRESSION">
			<command
				class="com.ptc.arbortext.windchill.partseditor.client.action.PartsListEditOptionRulesAction"
				method="execute" url="/ptc1/partlist/assignUsesOptionality" windowType="popup"/>
			<includeFilter name="com.ptc.cat.ui.client.internal.action.OneSelectionFilter"/>
			<includeFilter name="com.ptc.cat.ui.client.internal.action.HaveParentFilter"/>

			<nonSupportedTypes>
				<type value="com.ptc.arbortext.windchill.partlist.PartList"/>
			</nonSupportedTypes>
		</action>

		<action name="editOptionRules_step">
			<command class="" method="" windowType="wizards_step"/>
		</action>


		<action name="assignUsesOptionChoices"
			resourceBundle="com.ptc.windchill.option.optionResource" ajax="page">
			<command url="netmarkets/jsp/partseditor/editOptionRules.jsp"
				class="com.ptc.arbortext.windchill.partseditor.forms.PartsListEditOptionRulesFormProcessor"
				method="execute" windowType="popup"/>
			<includeFilter name="disableConfigurablePartsFilter"/>
		</action>

		<action name="assignUsesExpression" ajax="page" uicomponent="ASSIGN_EXPRESSION">
            <command url="netmarkets/jsp/partseditor/assignUsesExpression.jsp?expression_type=Advanced&amp;assignedTo=Uses"
            	class="com.ptc.arbortext.windchill.partseditor.forms.PartsListEditExpressionFormProcessor" method="execute" windowType="popup"/>
            <includeFilter name="disableConfigurablePartsFilter"/>
        </action>

		<action name="assignUsesExpressionStep">
			<command class="" method="" windowType="wizards_step"/>
		</action>

		<!-- Temp. unsupported action: SPR 2081837 -->
		<action name="saveAsGWT" uicomponent="SAVE_AS" ajax="component">
			<command class="com.ptc.cat.ui.client.action.SaveAsAction" method="execute"
				url="/servlet/WindchillAuthGW/wt.enterprise.URLProcessor/URLTemplateAction"
				windowType="popup"/>
			<includeFilter name="com.ptc.cat.ui.client.internal.action.OneOrMoreSelectionFilter"/>
			<includeFilter
				name="com.ptc.cat.ui.client.internal.action.IsNotUnspecifiedIterationFilter"/>
			<nonSupportedTypes>
				<type value="com.ptc.arbortext.windchill.partlist.PartList"/>
			</nonSupportedTypes>
		</action>

		<action name="addSelectedPart">
			<command
				class="com.ptc.arbortext.windchill.partseditor.client.action.AddSelectedPartsAction"/>
			<includeFilter name="com.ptc.cat.ui.client.internal.action.OneOrMoreSelectionFilter"/>
			<includeFilter
				name="com.ptc.arbortext.windchill.partseditor.client.internal.action.BOMSelectionFilter"
			/>
		</action>

		<action name="viewBomInfoGWT">
			<command class="com.ptc.arbortext.windchill.partseditor.client.action.ViewBomInfoAction"/>
			<includeFilter name="com.ptc.cat.ui.client.internal.action.OneSelectionFilter"/>
		</action>

		<action name="bomViewApplicability">
			<command class="com.ptc.arbortext.windchill.serviceEffectivity.client.action.BOMViewApplicabilityAction"/>
			<includeFilter name="com.ptc.cat.ui.client.internal.action.OneSelectionFilter"/>
			<includeFilter name="showForReleaseOptIn_11_0_10"/>
		</action>

		<action name="addRelatedGroup">
			<command class="com.ptc.cat.ui.client.action.NoAction"/>
		</action>

		<action name="addBom">
			<command class="com.ptc.arbortext.windchill.partseditor.client.action.AddBomAction"/>
			<includeFilter name="com.ptc.cat.ui.client.internal.action.OneSelectionFilter"/>
			<supportedTypes>
				<type value="com.ptc.arbortext.windchill.partlist.PartList"/>
			</supportedTypes>
		</action>
		
		<action name="createStructureItemToVizItemLink">
			<command class="com.ptc.arbortext.windchill.partseditor.client.action.CreateStructureItemToVizItemAction"/>
			<includeFilter name="com.ptc.arbortext.windchill.partseditor.client.internal.action.DisableForNonCADDataFileTypeFilter"/>
		</action>
		
		<action name="zoomSelectedGWT">
			<command class="com.ptc.cat.viz.client.action.ZoomSelectedAction"/>
			<includeFilter name="com.ptc.arbortext.windchill.partseditor.client.internal.action.DisableForNonCreoDataFileTypeFilter"/>
		</action>

		<action name="zoomToWindowGWT">
			<command class="com.ptc.windchill.baseclient.client.action.ZoomToWindowAction"/>
			<includeFilter name="com.ptc.arbortext.windchill.partseditor.client.internal.action.DisableForNonCADDataFileTypeFilter"/>
		</action>
		
		<action name="setSpinCenterGWT">
			<command class="com.ptc.cat.viz.client.action.SetSpinCenterAction"/>
			<includeFilter name="com.ptc.arbortext.windchill.partseditor.client.internal.action.DisableForNonCreoDataFileTypeFilter"/>
		</action>
		
		<action name="toggleAutoSelectionGWT">
			<command class="com.ptc.cat.ui.client.action.NoAction"/>
			<includeFilter name="com.ptc.arbortext.windchill.partseditor.client.internal.action.DisableForNonCADDataFileTypeFilter"/>
		</action>
		
		<action name="spatialFilter">
		    <command class="com.ptc.cat.ui.client.action.NoAction"/>
            <includeFilter name="showHideSpatialFilter"/>
            <includeFilter name="com.ptc.windchill.enterprise.object.alternaterep.client.filters.PARLatestIterationFilter"/>
			<includeFilter name="com.ptc.arbortext.windchill.partseditor.client.internal.action.DisableForNonCADDataFileTypeFilter"/>
		</action>
		
		<action name="defaultRenderModeGWT">
			<command class="com.ptc.cat.ui.client.action.NoAction"/>
			<includeFilter name="com.ptc.arbortext.windchill.partseditor.client.internal.action.DisableForNonCreoDataFileTypeFilter"/>
		</action>
				
		<action name="defaultOrientationGWT">
			<command class="com.ptc.cat.ui.client.action.NoAction"/>
			<includeFilter name="com.ptc.arbortext.windchill.partseditor.client.internal.action.DisableForNonCADDataFileTypeFilter"/>
		</action>
				
		<action name="selectModeGWT">
			<command class="com.ptc.windchill.baseclient.client.action.SelectModeAction"/>
			<includeFilter name="com.ptc.arbortext.windchill.partseditor.client.internal.action.DisableForNonCADDataFileTypeFilter"/>
		</action>
				
		<action name="selectAllGWT">
			<command class="com.ptc.windchill.enterprise.structurecomponent.client.action.SelectAllVizAction"/>
			<includeFilter name="com.ptc.arbortext.windchill.partseditor.client.internal.action.DisableForNonCreoDataFileTypeFilter"/>
		</action>
				
		<action name="translateModeGWT">
			<command class="com.ptc.windchill.baseclient.client.action.TranslateModeAction"/>
			<includeFilter name="com.ptc.arbortext.windchill.partseditor.client.internal.action.DisableForNonCADDataFileTypeFilter"/>
		</action>
				
		<action name="rotateModeGWT">
			<command class="com.ptc.windchill.baseclient.client.action.RotateModeAction"/>
			<includeFilter name="com.ptc.arbortext.windchill.partseditor.client.internal.action.DisableForNonCADDataFileTypeFilter"/>
		</action>
				
		<action name="restoreAllSplitGWT">
			<command class="com.ptc.cat.ui.client.action.NoAction"/>
			<includeFilter name="com.ptc.arbortext.windchill.partseditor.client.internal.action.DisableForNonCADDataFileTypeFilter"/>
		</action>
				
		<action name="distanceMeasurementGWT">
			<command class="com.ptc.windchill.baseclient.client.action.DistanceMeasurementAction"/>
			<includeFilter name="com.ptc.arbortext.windchill.partseditor.client.internal.action.DisableForNonCADDataFileTypeFilter"/>
		</action>
				
		<action name="diameterMeasurementGWT">
			<command class="com.ptc.windchill.baseclient.client.action.DiameterMeasurementAction"/>
			<includeFilter name="com.ptc.arbortext.windchill.partseditor.client.internal.action.DisableForNonCADDataFileTypeFilter"/>
		</action>
				
		<action name="angleMeasurementGWT">
			<command class="com.ptc.windchill.baseclient.client.action.AngleMeasurementAction"/>
			<includeFilter name="com.ptc.arbortext.windchill.partseditor.client.internal.action.DisableForNonCADDataFileTypeFilter"/>
		</action>
				
		<action name="summaryMeasurementGWT">
			<command class="com.ptc.windchill.baseclient.client.action.SummaryMeasurementAction"/>
			<includeFilter name="com.ptc.arbortext.windchill.partseditor.client.internal.action.DisableForNonCADDataFileTypeFilter"/>
		</action>
				
		<action name="deleteSelectedMeasurementGWT">
			<command class="com.ptc.windchill.baseclient.client.action.DeleteSelectedMeasurementAction"/>
            <includeFilter name="com.ptc.windchill.baseclient.client.action.IsPVMeasurementSelected"/>
			<includeFilter name="com.ptc.arbortext.windchill.partseditor.client.internal.action.DisableForNonCADDataFileTypeFilter"/>
		</action>
				
		<action name="deleteAllMeasurementsGWT">
			<command class="com.ptc.windchill.baseclient.client.action.DeleteAllMeasurementsAction"/>
			<includeFilter name="com.ptc.arbortext.windchill.partseditor.client.internal.action.DisableForNonCADDataFileTypeFilter"/>
		</action>

		<!-- action only applicable for parts -->
		<action name="viewInfoGWT">
			<command class="com.ptc.cat.ui.client.action.ViewInfoAction"/>
			<includeFilter name="com.ptc.cat.ui.client.internal.action.OneSelectionFilter"/>
			<nonSupportedTypes>
				<type value="com.ptc.arbortext.windchill.partlist.PartList"/>
			</nonSupportedTypes>
		</action>

		<action name="selectInTableGWT">
			<command
				class="com.ptc.arbortext.windchill.partseditor.client.action.SelectInUsesTabAction"/>
			<includeFilter name="com.ptc.cat.ui.client.internal.action.OneSelectionFilter"/>
			<includeFilter name="com.ptc.cat.ui.client.internal.action.HaveParentFilter"/>
			<nonSupportedTypes>
				<type value="com.ptc.arbortext.windchill.partlist.PartList"/>
				<type value="wt.epm.EPMDocument"/>
			</nonSupportedTypes>
		</action>

		<action name="selectInTreeGWT">
			<command
				class="com.ptc.arbortext.windchill.partseditor.client.action.SelectInStructureTreeAction"/>
			<includeFilter name="com.ptc.cat.ui.client.internal.action.OneSelectionFilter"/>
		</action>

		<action name="selectInVIZTabGWT">
			<command class="com.ptc.cat.ui.client.action.SelectInVIZTabAction"/>
			<includeFilter name="com.ptc.arbortext.windchill.partseditor.client.internal.action.DisableForNonCreoDataFileTypeFilter"/>
			<supportedTypes>
				<type value="wt.part.WTPart"/>
				<type value="wt.part.WTPartUsageLink"/>
				<type value="wt.part.PartUsesOccurrence"/>
				<type value="wt.part.RTPartPathOccurrence"/>
			</supportedTypes>
		</action>

		<!-- add access control for the Publish Representation action, see spr 2090291 -->
		<action name="newRepresentationGWT" ajax="component" uicomponent="PUBLISH_REPRESENTATION">
			<command class="com.ptc.cat.ui.client.action.NewRepresentationAction"
				url="/netmarkets/jsp/wvs/newRep/decideEpmOrFile.jsp"/>
			<includeFilter name="com.ptc.cat.ui.client.internal.action.OneSelectionFilter"/>
			<includeFilter name="disableForNewObjectInWorkspace"/>
			<supportedTypes>
				<type value="com.ptc.arbortext.windchill.partlist.PartList"/>
			</supportedTypes>
		</action>


		<action name="renamePartlistGWT">
			<command class="com.ptc.cat.gxt.client.action.RenameAction"/>
			<includeFilter name="com.ptc.cat.ui.client.internal.action.OneSelectionFilter"/>
			<includeFilter
				name="com.ptc.cat.ui.client.internal.action.IsNotUnspecifiedIterationFilter"/>
		</action>

		<!--  Use our own openActions, not PSB openActionsGWT to avoid the OpenActionsValidator which hides the Tools
	group for a Parts List -->
		<action name="openActions">
			<command class="com.ptc.arbortext.windchill.partseditor.client.action.OpenInAction"/>
		</action>

		<action name="AddToGroupGWT">
			<command class="com.ptc.cat.ui.client.action.NoAction"/>
		</action>

		<action name="PublishGroup">
			<command class="com.ptc.cat.ui.client.action.NoAction"/>
		</action>

		<action name="openInSPSEGWT" uicomponent="SIS_PSE">
			<command class="com.ptc.cat.gxt.client.action.OpenProductStructureExplorerAction"
				url="/ptc1/explorer/launchExplorer?appId=ptc.cust.sis.ProductStructureExplorer"/>
			<includeFilter name="isNotInProject"/>
			<includeFilter name="com.ptc.cat.ui.client.internal.action.OneSelectionFilter"/>
			<nonSupportedTypes>
				<type value="com.ptc.arbortext.windchill.partlist.PartList"/>
				<type value="wt.epm.EPMDocument"/>
			</nonSupportedTypes>
		</action>

		<action name="openInSAPSBGWT" uicomponent="SIS_PSE">
			<command class="com.ptc.cat.gxt.client.action.OpenPartInSAPSBAction" url="/ptc1/sapsb/sapsb?" windowType="popup" />
			<includeFilter name="isNotInProject"/>
			<includeFilter name="com.ptc.cat.ui.client.internal.action.OneSelectionFilter"/>
			<nonSupportedTypes>
				<type value="com.ptc.arbortext.windchill.partlist.PartList"/>
				<type value="wt.epm.EPMDocument"/>
			</nonSupportedTypes>
		</action>

		<action name="openInCreoViewGWT">
			<command class="com.ptc.cat.ui.client.action.OpenInCreoViewAction"/>
			<includeFilter name="com.ptc.cat.ui.client.internal.action.OneSelectionFilter"/>
			<includeFilter name="isNotInProject"/>
			<supportedTypes>
				<type value="wt.epm.EPMDocument"/>
			</supportedTypes>
		</action>

		<action name="displayInVisualizationTabGWT">
			<command class="com.ptc.arbortext.windchill.partseditor.client.action.DisplayInVizTabAction"/>
			<includeFilter name="com.ptc.cat.ui.client.internal.action.OneSelectionFilter"/>
			<supportedTypes>
				<type value="wt.epm.EPMDocument"/>
			</supportedTypes>
			<includeFilter name="showForReleaseOptIn_11_0_10"/>
		</action>

		<action name="openInCreoIllustrateGWT">
			<command class="com.ptc.arbortext.windchill.partseditor.client.action.OpenInGWTAction"/>
			<includeFiter name="openInCreoIllustrateGWT"/>
			<includeFilter name="com.ptc.cat.ui.client.internal.action.OneSelectionFilter"/>
		</action>

		<action name="openInIsoDrawGWT">
			<command class="com.ptc.arbortext.windchill.partseditor.client.action.OpenInGWTAction"/>
			<includeFiter name="openInIsoDrawGWT"/>
			<includeFilter name="com.ptc.cat.ui.client.internal.action.OneSelectionFilter"/>
		</action>

		<!-- New Representation Wizard Actions -->

		<action name="publishPartListRepresentation"
			resourceBundle="com.ptc.arbortext.windchill.partseditor.newrep.NewRepResource">
			<command class="com.ptc.arbortext.windchill.partseditor.newrep.NewRepFormProcessor"
				method="execute" windowType="popup"
				url="netmarkets/jsp/partseditor/newrep/newRepWizard.jsp"/>
		</action>

		<action name="newRepDefinitionStep"
			resourceBundle="com.ptc.arbortext.windchill.partseditor.newrep.NewRepResource"
			required="false">
			<command windowType="wizard_step"
				url="netmarkets/jsp/partseditor/newrep/newRepDefinitionStep.jsp"/>
		</action>


		<action name="submitPublishJob"
			resourceBundle="com.ptc.arbortext.windchill.partseditor.newrep.NewRepResource">
			<command class="" method="" windowType="page" url="javascript:onSubmit()"/>
		</action>

		<action name="refreshGWT">
			<command class="com.ptc.arbortext.windchill.partseditor.client.action.RefreshAction"/>
		</action>

		<action name="itemChoiceGWT" uicomponent="ASSIGN_EXPRESSION">
			<command class="com.ptc.arbortext.windchill.partseditor.client.action.PartsListEditItemOptionRulesAction" method="execute"
				url="/ptc1/optionality/assignItemOptionalityGWT" windowType="popup"/>
			<includeFilter name="com.ptc.cat.ui.client.internal.action.OneSelectionFilter"/>
			<includeFilter
				name="com.ptc.cat.ui.client.internal.action.IsNotUnspecifiedIterationFilter"/>
			<includeFilter name="com.ptc.cat.ui.client.internal.action.IsNotProjectContainer"/>
			<nonSupportedTypes>
                <type value="wt.part.WTPartMaster"/>
            </nonSupportedTypes>
		</action>

		<action name="editItemOptionRules" multiselect="true">
			<command
				class="com.ptc.arbortext.windchill.partseditor.forms.PartsListEditOptionRulesFormProcessor"
				url="netmarkets/jsp/filterTemplate/editItemOptionRules.jsp" method="execute"
				windowType="popup"
				onClick="onClickValidation(event,&apos;editItemOptionRules&apos;)"/>
			<includeFilter name="disableConfigurablePartsFilter"/>
			<includeFilter name="OptionsSandBoxSharedFilter"/>
			<includeFilter name="hideEditItemOptionRulesActionFilter"/>
			<includeFilter name="NonLatestIterationObjectActionFilter"/>
		</action>


		<action name="manageApplicability" ajax="row">
			<command
				class="com.ptc.arbortext.windchill.serviceEffectivity.client.action.ManageApplicabilityAction"/>
			<includeFilter name="com.ptc.cat.ui.client.internal.action.OneSelectionFilter"/>
			<nonSupportedTypes>
                <type value="wt.part.WTPartMaster"/>
            </nonSupportedTypes>
		</action>

		<action name="manageApplicabilitySuppRepLink" ajax="row">
			<command
				class="com.ptc.arbortext.windchill.serviceEffectivity.client.action.ManageApplicabilityAction"/>
			<includeFilter name="com.ptc.cat.ui.client.internal.action.OneSelectionFilter"/>
		</action>

		<action name="generateActionsGWT">
			<command class="com.ptc.cat.ui.client.action.NoAction"/>
		</action>

		<action name="generatePLSelected" multiselect="true" checkaccess="true"
			uicomponent="GENERATE_PARTSLIST">
			<command class="com.ptc.cat.ui.client.action.GeneratePartsListsForSelectedPartsAction"/>
			<includeFilter name="com.ptc.cat.ui.client.internal.action.OneOrMoreSelectionFilter"/>
			<includeFilter name="com.ptc.cat.ui.client.internal.action.HasChildrenFilter"/>
			<includeFilter name="disableForNonServiceableChildren"/>
			<supportedTypes>
				<type value="wt.part.WTPart"/>
			</supportedTypes>
		</action>

		<action name="generatePLAll" checkaccess="true" uicomponent="GENERATE_PARTSLIST">
			<command class="com.ptc.cat.ui.client.action.GeneratePartsListsForAllPartsAction"/>
			<includeFilter name="disableForEmptyPartStructureFilter"/>
		</action>

		<action name="generatePL" checkaccess="true" uicomponent="GENERATE_PARTSLIST" ajax="row">
			<command class="com.ptc.cat.ui.client.action.GeneratePartsListsForSelectedPartsAction"/>
			<includeFilter name="com.ptc.cat.ui.client.internal.action.OneOrMoreSelectionFilter"/>
			<includeFilter name="com.ptc.cat.ui.client.internal.action.HasChildrenFilter"/>
			<includeFilter name="disableForNonServiceableChildren"/>
			<supportedTypes>
				<type value="wt.part.WTPart"/>
			</supportedTypes>
		</action>

		<action name="partsEditorReplacementsGWT" ajax="true">
			<command class="com.ptc.arbortext.windchill.partseditor.client.action.ManageReplacementAction" method="execute" url="/ptc1/partlist/replacements" windowType="popup"/>
			<includeFilter name="com.ptc.cat.ui.client.internal.action.OneSelectionFilter"/>
			<includeFilter name="com.ptc.cat.ui.client.internal.action.HaveParentFilter"/>
			<includeFilter name="hideForObjectInProject"/>
			<includeFilter name="disableForParentInTreeAdminLocked"/>
			<supportedTypes>
				<type value="wt.part.WTPart"/>
				<type value="wt.part.WTPartUsageLink"/>
				<type value="wt.part.PartUsesOccurrence"/>
				<type value="wt.part.RTPartPathOccurrence"/>
			</supportedTypes>
		</action>

		<action name="saveSortGWT">
           <command class="com.ptc.arbortext.windchill.partseditor.client.action.SaveSortAction"/>
        </action>

		<action name="serviceGroupGWT">
			<command class="com.ptc.cat.ui.client.action.NoAction"/>
		</action>

		<action name="partsEditorRemoveGWT" ajax="row" checkAccess="true" uicomponent="REMOVE_REPLACEMENT">
			<command class="com.ptc.arbortext.windchill.partseditor.client.action.RemoveReplacementAction"/>
			<includeFilter name="com.ptc.cat.ui.client.internal.action.OneOrMoreSelectionFilter"/>
			<includeFilter name="com.ptc.arbortext.windchill.partseditor.client.internal.action.PartListEditorOneSelectionFilter"/>
			<includeFilter name="com.ptc.arbortext.windchill.partseditor.client.internal.action.IsPartListItemFilter"/>
			<includeFilter name="com.ptc.arbortext.windchill.partseditor.client.internal.action.PartListItemIsNotPartMasterFilter"/>
			<includeFilter name="com.ptc.arbortext.windchill.partseditor.client.internal.action.AlternateCheckinOrCheckoutFilter"/>
			<includeFilter name="com.ptc.arbortext.windchill.partseditor.client.internal.action.SubstituteCheckinOrCheckoutFilter"/>
		</action>

		<action name="partsEditorAddAlternateLinks" ajax="row" checkAccess="true" uicomponent="ADD_ALTERNATE">
			<command class="com.ptc.arbortext.windchill.partseditor.client.action.AddAlternateAction"/>
			<includeFilter name="com.ptc.arbortext.windchill.partseditor.client.internal.action.IsPartListItemFilter"/>
			<includeFilter name="com.ptc.arbortext.windchill.partseditor.client.internal.action.PartListEditorOneSelectionFilter"/>
		</action>

		<action name="partsEditorAddSubstituteLinks" ajax="row" checkAccess="true" uicomponent="ADD_SUBSTITUTE">
			<command class="com.ptc.arbortext.windchill.partseditor.client.action.AddSubstituteAction"/>
			<includeFilter name="com.ptc.arbortext.windchill.partseditor.client.internal.action.PartListEditorOneSelectionFilter"/>
			<includeFilter name="com.ptc.arbortext.windchill.partseditor.client.internal.action.IsPartListItemFilter"/>
			<includeFilter name="com.ptc.arbortext.windchill.partseditor.client.internal.action.PartListCheckinOrCheckoutFilter"/>
			<includeFilter name="com.ptc.arbortext.windchill.partseditor.client.internal.action.PartListItemIsNotPartMasterFilter"/>
		</action>

		<action name="removeSupplementaryReplacementLink" checkAccess="true" uicomponent="REMOVE_REPLACEMENT">
	        <command class="com.ptc.arbortext.windchill.partseditor.client.action.RemoveSupplementaryReplacementLinkAction"/>
			<includeFilter name="com.ptc.cat.ui.client.internal.action.OneOrMoreSelectionFilter"/>
			<includeFilter name="com.ptc.arbortext.windchill.partseditor.client.internal.action.IsPartListItemFilter"/>
			<includeFilter name="com.ptc.arbortext.windchill.partseditor.client.internal.action.PartListCheckinOrCheckoutFilter"/>
			<includeFilter name="com.ptc.arbortext.windchill.partseditor.client.internal.action.PartListItemIsNotPartMasterFilter"/>
	     </action>

		<action name="addSupplementaryReplacementLink" ajax="component" checkAccess="true" uicomponent="ADD_SUPPLEMENTARY_REPLACEMENT">
			<command class="com.ptc.arbortext.windchill.partseditor.client.action.AddSupplementaryReplacementLinkAction"/>
			<includeFilter name="com.ptc.arbortext.windchill.partseditor.client.internal.action.PartListEditorOneSelectionFilter"/>
			<includeFilter name="com.ptc.arbortext.windchill.partseditor.client.internal.action.IsPartListItemFilter"/>
			<includeFilter name="com.ptc.arbortext.windchill.partseditor.client.internal.action.PartListCheckinOrCheckoutFilter"/>
			<includeFilter name="com.ptc.arbortext.windchill.partseditor.client.internal.action.PartListItemIsNotPartMasterFilter"/>
	     </action>

	     <action name="supplementaryReplacementLinks" >
        	<component name="supplementaryTable" type="partseditor"/>
      	 </action>

		 <action name="configureGroupGWT">
			<command class="com.ptc.cat.ui.client.action.NoAction"/>
		 </action>

		 <action name="configureGWT">
			<command class="com.ptc.arbortext.windchill.partseditor.client.action.ConfigureAction"/>
			<includeFilter name="com.ptc.cat.ui.client.internal.action.OneSelectionFilter"/>
			<includeFilter name="disableForNewObjectInWorkspace"/>
			<supportedTypes>
				<type value="com.ptc.arbortext.windchill.partlist.PartList"/>
			</supportedTypes>
		 </action>

		 <action name="illustrationActions">
			<command class="com.ptc.cat.ui.client.action.NoAction"/>
			<includeFilter name="com.ptc.cat.ui.client.internal.action.OneSelectionFilter"/>
			<supportedTypes>
				<type value="com.ptc.arbortext.windchill.partlist.PartList"/>
			</supportedTypes>
		 </action>

		 <action name="addExistingIllustration">
			<command class="com.ptc.arbortext.windchill.partseditor.client.action.AddIllustrationAction"/>
			<includeFilter name="com.ptc.cat.ui.client.internal.action.OneSelectionFilter"/>
			<supportedTypes>
				<type value="com.ptc.arbortext.windchill.partlist.PartList"/>
			</supportedTypes>
		</action>

		 <action name="createIllustration">
			<command class="com.ptc.arbortext.windchill.partseditor.client.action.AddIllustrationAction"/>
			<includeFilter name="com.ptc.cat.ui.client.internal.action.OneSelectionFilter"/>
			<includeFilter name="sisNotReadyFilter"/>
			<supportedTypes>
				<type value="com.ptc.arbortext.windchill.partlist.PartList"/>
			</supportedTypes>
		</action>

		<action name="updateIllustration">
			<command class="com.ptc.arbortext.windchill.partseditor.client.action.AddIllustrationAction"/>
			<includeFilter name="com.ptc.cat.ui.client.internal.action.OneSelectionFilter"/>
			<includeFilter name="sisNotReadyFilter"/>
			<supportedTypes>
				<type value="com.ptc.arbortext.windchill.partlist.PartList"/>
			</supportedTypes>
		</action>
        <action name="generateTranslationDocumentForParts">
            <command class="com.ptc.arbortext.windchill.partseditor.client.action.GenerateXliffAction"/>
            <supportedTypes>
                <type value="wt.part.WTPart"/>
            </supportedTypes>
        </action>

        <action name="updateCompletedGWT">
    		<command class="com.ptc.arbortext.windchill.partseditor.client.action.UpdateRequiredAction"/>
    		<includeFilter name="hideForUpdateNotRequiredFilter"/>
    		<supportedTypes>
           		<type value="com.ptc.arbortext.windchill.partlist.PartList"/>
        	</supportedTypes>
    	</action>

   		<action name="updateNotRequiredGWT">
        	<command class="com.ptc.arbortext.windchill.partseditor.client.action.UpdateRequiredAction"/>
        	<includeFilter name="hideForUpdateNotRequiredFilter"/>
        	<supportedTypes>
            	<type value="com.ptc.arbortext.windchill.partlist.PartList"/>
        	</supportedTypes>
    	</action>
        
        <action name="updatePartsListGWT">
            <command class="com.ptc.cat.ui.client.action.NoAction"/>
            <includeFilter name="sisNotReadyFilter"/>
            <includeFilter name="hideForUpdateNotRequiredFilter"/>
            <supportedTypes>
                <type value="com.ptc.arbortext.windchill.partlist.PartList"/>
            </supportedTypes>
        </action>

		<action name="illustrationSelection">
			<command class="com.ptc.arbortext.windchill.partseditor.client.action.IllustrationSelectionAction"/>
			<includeFilter name="showForReleaseOptIn_11_0_10"/>
		</action>
		
		<!-- Since editCommonAttrsGWT action is PSB action, we have to defined the action for a different type partseditor
		     in order to use ShowForReleaseOptIn_11_0_10_Filter for making the action be opt-in only in our UI. Please 
		     remove this action and use the PSB action when opt-in is removed. -->
		 <action name="editCommonAttribsGWT" ajax="row">
			<command class="com.ptc.cat.ui.client.action.EditCommonAtributesAction" method="execute" url="/ptc1/part/editPartCommonAttrsWizard" windowType="popup"/>
			<includeFilter name="com.ptc.cat.ui.client.internal.action.OneSelectionFilter"/>
			<includeFilter name="com.ptc.cat.ui.client.internal.action.CheckinFilter"/>
			<includeFilter name="disableForNewParentObjectInWorkspace"/>
			<includeFilter name="com.ptc.windchill.enterprise.associativity.asb.client.filter.IsNotEnterpriseDataVisibilityFilter" />
			<supportedTypes>
			        <type value="wt.part.WTPart"/>
			        <type value="wt.part.WTPartUsageLink"/>
			        <type value="wt.part.PartUsesOccurrence"/>
			        <type value="wt.part.RTPartPathOccurrence"/>
			</supportedTypes>
			<includeFilter name="showForReleaseOptIn_11_0_10"/>
		</action>


	</objecttype>

</listofactions>
