<?xml version="1.0" encoding="UTF-8"?>
<!DOCTYPE actionmodels SYSTEM 'actionmodels.dtd'>
   <!-- define the actions on the UI components -->
   <actionmodels resourceBundle="com.ptc.arbortext.windchill.partlist.partListActionsRB">

    <model name="partlist_search_table_actions_toolbar">
        <action name="list_copy" type="object" shortcut="true" /> <!-- Copy -->
        <action name="CONTAINERMOVE" type="pdmObject" /> <!-- Move -->
        <action name="separator" type="separator" /> <!-- Seperator -->
        <action name="multiObjectCheckIn" type="wip" /> <!--multiObjectCheckIn -->
        <action name="multiObjectCheckOut" type="wip" /> <!--multiObjectCheckOut -->
        <action name="multiObjectUndoCheckout" type="wip" /> <!-- multiObjectUndoCheckout -->
        <action name="separator" type="separator" /> <!-- Seperator -->
        <submodel name="new_submenu" />
        <action name="separator" type="separator" /> <!-- Seperator -->
        <action name="cadmultiexport" type="object" /> <!-- Export CAD documents -->
        <action name="list_delete" type="search" shortcut="true" /> <!-- Delete -->
        <action name="send_owner_notification_wizard" type="network" /> <!-- Email Object Owners -->
        <action name="batchPrint" type="wvs" /> <!-- Send file to new Batch Print UI -->
        <action name="SETSTATE_FROMFOLDERS" type="pdmObject" /> <!-- Set State -->
        <action name="separator" type="separator" /> <!-- Seperator -->
        <submodel name="process_submenu" />
        <submodel name="folderbrowser_toolbar_exportlisttofile_submenu" /> <!-- Export -->
        <action name="separator" type="separator" /> <!-- Seperator -->
        <action name="createSubscription" type="subscription" /> <!--Subscribe -->
    </model>
        
<!-- Part List information page Actions list -->
   <model name="partlist row actions" menufor="com.ptc.arbortext.windchill.partlist.PartList">
      <action name="view"                             type="object"/>             <!-- View Information -->
      <action name="separator"                        type="separator"/>          <!-- ===================================== -->
      <submodel name="more part list actions open in"/>
      <action name="separator"                        type="separator"/>          <!-- ===================================== -->
      <action name="plCheckin"                        type="partlist"/>           <!-- Check In -->
      <action name="checkout"                         type="wip"/>                <!-- Check Out -->
      <action name="undocheckout"                     type="object"/>             <!-- Undo Checkout -->
      <!-- There are 2 menu items for edit attributes, one for when the parts list is checked in and one for when it
      is checked out, but they will both have the same label and only one will be visible, so to the user, it will appear there is
      only one 'Edit Attributes' menu item.  This is to ensure the correct checked out/in state is passed to the edit.jsp-->
      <action name="editAttributesAndCheckOut"		  type="partlist"/>			  <!-- Edit Attributes -->
      <action name="edit"					  		  type="partlist"/>			  <!-- Edit Attributes --> 
      <action name="REVISEITEMS"                      type="pdmObject"/>          <!-- New Revision -->
      <action name="separator"                        type="separator"/>          <!-- ===================================== -->
      <action name="updateCompleted"		  		  type="partlist"/>			  <!-- Update Completed -->
      <action name="updateNotRequired"		  		  type="partlist"/>			  <!-- Update Not Required -->
      <action name="updatePartsList"                  type="partlist"/>           <!-- Update Parts List -->
      <action name="separator"                        type="separator"/>          <!-- ===================================== -->
      <submodel name="more part list actions new"/>
      <action name="separator"                        type="separator"/>          <!-- ===================================== -->
      <action name="configure"					      type="partlist"/>			  <!-- Configure --> 
      <action name="separator"                        type="separator"/>          <!-- ===================================== -->
      <action name="plSaveAs"                         type="partlist"/>           <!--  Save As -->
      <action name="renameJCA"               		  type="partlist"/>           <!-- Rename -->
      <action name="CONTAINERMOVE"                    type="pdmObject"/>          <!-- Move -->
      <action name="setState"                         type="lifecycle"/>          <!-- Set State -->
      <action name="downloadExport"            		  type="partlist"/>           <!-- Export -->
      <action name="MULTI_OBJ_DELETE"                 type="pdmObject"/>          <!-- Delete (Non-Information page) -->
      <action name="MULTI_OBJ_DELETE_DETAILS"         type="pdmObject"/>          <!-- Delete (Information page) -->
      <action name="deleteIterations"                 type="object"/>             <!-- Delete Non-latest Iterations -->
      <action name="reassignLC"                       type="lifecycle"/>          <!-- Reassign Life Cycle -->
      <action name="resetTeam"                        type="team"/>               <!-- Reset Team -->
      <action name="separator"                        type="separator"/>          <!-- ===================================== -->
      <submodel name="more part list actions add"/>
      <action name="separator"                        type="separator"/>         <!-- ===================================== -->
      <action name="batchPrint"                       type="wvs"/>               <!-- Severside batchprint using WVS -->
      <action name="separator"                        type="separator"/>         <!-- ===================================== -->
      <action name="displayEffectivityLog"            type="effectivity"/>       <!-- Display Effectivity Log -->
      <action name="separator"                        type="separator"/>         <!-- ===================================== -->
      <!-- Add "Edit Localizable Properties (M020)-->                            <!-- Edit Localizable Properties (M020)-->
      <action name="ManageSecurity"                   type="accessPermission"/>  <!-- Edit Access Control -->
      <action name="EDITSECURITYLABELS"               type="object"/>            <!-- Edit Security Labels -->
      <action name="createSubscription"               type="subscription"/>      <!-- Subscribe -->
      <action name="separator"                        type="separator"/>         <!-- ===================================== -->
      <action name="generateTranslationDocument"      type="partlist" />         <!-- Generate Translation Document -->
      <action name="separator"                        type="separator"/>         <!-- ===================================== -->
   </model>
   
   <model name="illustration row actions" resourceBundle="com.ptc.arbortext.windchill.partlist.partListActionsRB">
   	  <!--  add 'Open in Creo View' and 'Open in authoring app' actions to each row in the Dynamic Documents related objects table -->
   	  <action name="openCreoView" type="partlist" shortcut="true"/>   <!--  Open in Creo View -->
   	  <action name="OPENINCADTOOL" type="pdmObject"/>  <!-- Open in <authoring application> -->
   	  <action name="createPartListToEPMDocumentLink" type="partlist" shortcut="true"/>
   </model>
   
   <model name="bom row actions">
      <action name="removeBOMLink"	type="partlist"	shortcut="true"/>             
   </model>
   
   <model name="more part list actions open in">
   	  <action name="openPartsEditor" type="partlist"/>	    <!-- Open in Parts List Editor -->
   </model>
   
   <model name="more part list actions new">
      <action name="create" type="changeNotice"/>  			<!-- New Change Notice -->
      <action name="create" type="changeRequest"/> 			<!-- New Change Request -->
      <action name="create" type="problemReport"/> 			<!-- New Problem Report -->
      <action name="create" type="variance"/>				<!--  New Variance -->
      <action name="create" type="promotionRequest"/>       <!-- Promote -->
      <action name="createIllustration" type="partlist"/>   <!-- New Illustration -->
   </model>
   
   <model name="more part list actions add">
      <action name="addToBaselineSingle" type="baseline"/>      <!-- Add to Baseline --> 
      <action name="bookmarkIt" type="bookmark"/>          		<!-- Add to Notebook -->
   </model>
   
   <model name="PartListInfoPageTabSet" resourceBundle="com.ptc.core.ui.navigationRB">
      <submodel name="partListInfoDetailsTab"/>
      <action name="partsEditorStructureGWT" type="partlist"/>
      <submodel name="changesTab"/>
      <!-- Add the reps and annotations action within a submodel, this ensures the correct renderer
      is assigned to the tab so that it is refreshed when it is clicked on, see spr 2137378 -->
      <submodel name="partListRepsAndMarkupsTab"/>
      <submodel name="partListRelatedObjectsTab"/>
      <submodel name="partListHistoryTab"/>
      <submodel name="partListWhereUsedTab"/>
   </model>
   
   <model name="third_level_nav_partlist" resourceBundle="com.ptc.arbortext.windchill.partlist.partListActionsRB">>
      <submodel name="partListGeneral"/>
      <submodel name="changes"/>
      <submodel name="partListRelatedObjects"/>
      <submodel name="partListHistory"/>
      <submodel name="partListCollaboration"/>
   </model> 
   
   <model name="partListGeneral" resourceBundle="com.ptc.arbortext.windchill.partlist.partListActionsRB">
   	  <description>3rd level nav menu for PartLists</description>
      <action name="visualizationAndAttributes" type="object" />                    <!-- Visualization and Attributes -->
      <action name="attributes" type="object" />                                    <!-- More Attributes -->
      <action name="separator" type="separator" /> 
      <action name="reference" type="notebook" />                                   <!-- Notebook -->
      <action name="separator" type="separator" />                  
      <action name="partListWhereUsed" type="partlist" />                           <!-- Where Used -->
      <action name="separator" type="separator" />   
      <action name="repsAndMarkups" type="wvs"/>                                    <!-- Representations -->
    </model> 
   
   <model name="partListRelatedObjects" resourceBundle="com.ptc.arbortext.windchill.partlist.partListActionsRB">
      <action name="partListRelatedActionItems" type="partlist"/> 			   <!-- Action Items -->
      <action name="relatedBaselines" type="object"/>					   <!-- Baselines -->
      <action name="partListRelatedContexts" type="partlist" />                      <!-- Contexts -->
      <action name="partListRelatedManagedCollection" type="partlist" />  <!-- Managed Collections -->
      <action name="separator" type="separator" /> 
      <action name="illustrations" type="partlist"/>
      <action name="boms" type="partlist"/>
      <!--  The Published Content table should appear all the time, so use our version of the action that doesn't use a validator,
      see spr 2078192 -->
      <action name="plPublishedContent" type="partlist"/>
      <action name="partListRelatedDeliverables" type="partlist" />             <!-- Deliverables -->
   </model>   
   
   <model name="partListHistory" resourceBundle="com.ptc.arbortext.windchill.partlist.partListActionsRB">
   	  <action name="timelineHistory" type="history"/>
      <action name="separator" type="separator" />
      <action name="maturityHistory" type="history" />     <!-- Maturity History -->
      <action name="versionHistory" type="history" />      <!-- Version History -->
      <action name="separator" type="separator" />         
      <action name="processHistory" type="workflow" />     <!-- Routing/Process History -->
      <action name="separator" type="separator" />  
      <action name="renameHistory" type="object"/>         <!-- Rename History -->         
   </model>
   
   <model name="partListCollaboration" resourceBundle="com.ptc.arbortext.windchill.partlist.partListActionsRB">
   	  <action name="discuss" type="forum"/>                             <!-- Discussion -->
      <action name="objectSubscriptions" type="subscription"/>          <!-- Subscriptions --> 
   </model>

   <model name="partListWhereUsed" resourceBundle="com.ptc.arbortext.windchill.partlist.partListActionsRB">
      <action name="partListWhereUsed" type="partlist"/>
   </model>
      
   <model name="partListRelatedObjectsTab" resourceBundle="com.ptc.arbortext.windchill.partlist.partListActionsRB">
      <action name="illustrations" type="partlist"/>
      <action name="boms" type="partlist"/>
      <!--  use the object publishedContent action.  The tables now appear if published content has been generated -->
      <action name="plPublishedContent" type="partlist"/>
   </model> 
   
   <model name="partListWhereUsedTab">
      <action name="partListWhereUsed" type="partlist"/>
   </model>  
   
   <model name="partListRepsAndMarkupsTab">
      <action name="repsAndMarkups" type="wvs" />
   </model>  
   
   <model name="partListHistoryTab">
      <action name="versionHistory" type="history"/>
      <action name="timelineHistory" type="history"/>
   </model> 
      
   <model name="partListInfoDetailsTab">
      <action name="visualizationAndAttributes" type="object"/>
      <action name="attributes" type="object"/>
   </model>
	   
   <model name="relatedObjects_toolbar" resourceBundle="com.ptc.core.ui.navigationRB">
      <action name="plCheckin"                        type="partlist"/>           <!-- Check In -->
      <action name="checkout"                         type="wip"/>                <!-- Check Out -->
      <action name="copy"                             type="object"/>           
   </model>
   
   <model name="illustrationTableActions">
 	  <action name="removeIllustrationLink" type="partlist" shortcut="true"/>
 	  <action name="edit_IllustrationWizardRequest" type="partlist" shortcut="true"/>
 	  <!-- add New Illustration action to the Dynamic Documents related objects table -->
 	  <action name="createIllustration" type="partlist" shortcut="true"/>   <!-- New Illustration -->
 	  <!-- this action is for linking an illustration to an ICN. It should only be visible for 'AAD Parts List' -->
 	  <action name="createICNToIllustrationLink" type="rulespartseditor"  shortcut="true" />
   </model>
   
   <!--  custom DefaultWizardButtonsNoApply with overridden cancel button specifically for the create new PartListToEPMDocument wizard -->
   <model name="plDefaultWizardButtonsNoApply">
   		<action name="prevButton"    type="object"/>
   		<action name="nextButton"    type="object"/>
   		<action name="okButton"      type="object"/>
   		<action name="cancelButton"  type="partlist"/>
   </model>
   
   <model name="GenerateWizardButtons">
        <action name="prevButton"    type="object"/>
        <action name="nextButton" type="object"/>
        <action name="okButton" type="object" /> 
        <action name="cancelGenerateButton" type="partlist"/>
   </model>
      
   <model name="partListReplacementsAlternateTableToolBar" >
        <action name="removeAlternateLinks" type="partlist" shortcut="true"/>
        <action name="addAlternateLinks" type="partlist" shortcut="true"/>
   </model>
      
   <model name="plConfigureWizardButtons">
      <action name="prevButton"     type="object"/>
      <action name="nextButton"     type="object"/>
      <action name="configSaveBtn"  type="configure"/>
      <action name="okButton"       type="object"/>
      <action name="cancelButton"   type="object"/>
   </model>
   
</actionmodels>
