<?xml version="1.0"?>
<!DOCTYPE listofactions SYSTEM '../../actions.dtd'>

<listofactions>
	<objecttype name="productfamily" class="wt.productfamily.ProductFamilyMember" resourceBundle="com.ptc.windchill.enterprise.productfamily.productFamilyManagementUIActionsRB">
	
		<action name="createProductFamily" uicomponent="CREATE_PRODUCT_FAMILY" ajax="row">
			<command class="com.ptc.windchill.enterprise.productfamily.forms.CreateProductFamilyFormProcessor" method="execute" url="/netmarkets/jsp/productfamily/createProductFamily.jsp" onClick="validateCreateLocation(event)" windowType="popup"/>
			<includeFilter name="showNewActionPreValidation"/>
			<includeFilter name="hideProductFamilyFilter"/>
		</action>
	
      <action name="edit" ajax="row">
         <command class="com.ptc.windchill.enterprise.productfamily.forms.EditProductFamilyMemberFormProcessor" method="execute" windowType="popup"/>
         <includeFilter name="sandboxSharingValidationSimple"/>
         <includeFilter name="hideForAdminLocked"/>
      </action>

		<action name="productFamilies">
          <component name="productFamily.table"/>
		  <includeFilter name="hideProductFamilyFilter"/>
    	</action>

		<action name="productFamilyProductSubTab">
		    <component name="wt.pdmlink.PDMLinkProduct.infoPage" windowType="page" urlParams="tabType=object&amp;tabAction=productFamiliesTab"/>
			<includeFilter name="hideProductFamilyFilter"/>
        </action>

		<action name="productFamilyLibrarySubTab">
		    <component name="wt.inf.library.WTLibrary.infoPage" windowType="page" urlParams="tabType=object&amp;tabAction=productFamiliesTab"/>
			<includeFilter name="hideProductFamilyFilter"/>
        </action>
	
	
    <!-- PFSB GWT actions BEGIN -->
		
		<action name="productFamilyStructureGWT" resourceBundle="com.ptc.windchill.enterprise.productfamily.productFamilyManagementUIActionsRB">
			<command url="netmarkets/jsp/pfsb/PFSB.jsp"/>
			<supportedTypes>
                 <type value="wt.productfamily.ProductFamily"/>
             </supportedTypes>
		</action>
		
		<action name="insertNewProductFamilyObjectsGWT" ajax="row" uicomponent="INSERT_PRODUCT_FAMILY_OBJECTS">
             <command class="com.ptc.windchill.enterprise.productfamily.pfsb.client.action.InsertNewProductFamilyMemberAction" method="execute" url="/ptc1/productfamily/createProductFamilyMember" windowType="popup"/>
             <includeFilter name="com.ptc.cat.ui.client.internal.action.OneSelectionFilter"/>
             <includeFilter name="com.ptc.cat.ui.client.internal.action.OriginalCopyFilter"/>
             <includeFilter name="disableForAdminLocked"/>
             <includeFilter name="hideProductFamilyFilter"/>
             <supportedTypes>
                 <type value="wt.productfamily.ProductFamilyMember"/>
                 <type value="wt.productfamily.ProductFamilyMemberUsageLink"/>
             </supportedTypes>
        </action>
		
		<action name="defineItemAttributesWizStepForProductFamily" afterVK="setAttributesWizStep" preloadWizardPage="true" required="true">
			<command url="netmarkets/jsp/productfamily/defineItemAttributesWizStep.jsp" windowType="wizard_step"/>
		</action>

        <action name="PFMRemoveGWT">
           <command class="com.ptc.windchill.enterprise.productfamily.pfsb.client.action.PFMRemoveAction"/>
           <includeFilter name="com.ptc.cat.ui.client.internal.action.OneOrMoreSelectionFilter"/>
           <includeFilter name="com.ptc.cat.ui.client.internal.action.IsNotRootStructureModelFilter"/>
           <includeFilter name="disableForParentInTreeAdminLocked"/>
           <supportedTypes>
                <type value="wt.productfamily.ProductFamilyMember"/>
                <type value="wt.productfamily.ProductFamilyMemberMaster"/>
                <type value="wt.productfamily.ProductFamilyMemberUsageLink"/>
                <type value="com.ptc.wpcfg.doc.VariantSpec"/>
                <type value="com.ptc.wpcfg.doc.VariantSpecMaster"/>
      		</supportedTypes>
      </action>

      <action name="editFamilyMemberSplitGWT" ajax="row">
         <command class="com.ptc.windchill.enterprise.productfamily.pfsb.client.action.EditProductFamilyMemberAction" method="execute" url="/ptc1/productfamily/edit" windowType="popup"/>
         <supportedTypes>
            <type value="wt.productfamily.ProductFamilyMember"/>
            <type value="com.ptc.wpcfg.doc.VariantSpec"/>
            <type value="wt.lotbaseline.LotBaseline"/>
         </supportedTypes>
      </action>
      
      <action name="editFamilyMemberGWT" ajax="row">
         <command class="com.ptc.windchill.enterprise.productfamily.pfsb.client.action.EditProductFamilyMemberAction" method="execute" url="/ptc1/productfamily/edit" windowType="popup"/>
         <includeFilter name="com.ptc.cat.ui.client.internal.action.OneSelectionFilter"/>
         <supportedTypes>
            <type value="wt.productfamily.ProductFamilyMember"/>
            <type value="com.ptc.wpcfg.doc.VariantSpec"/>
         </supportedTypes>
      </action>
      
       <action name="configurableModuleGroupGWT">
            <command class="com.ptc.cat.ui.client.action.NoAction"/>
       </action>
       
       <action name="assignConfigurableModuleGWT">
            <command class="com.ptc.windchill.enterprise.productfamily.pfsb.client.action.AssignConfigurableModuleJCAAction" method="execute" url="/ptc1/productfamily/assignConfigurableModuleWizard" windowType="popup"/>
             <includeFilter name="com.ptc.cat.ui.client.internal.action.IsNotUnspecifiedIterationFilter"/>
             <includeFilter name="disableForNonProductModelInMultiSelect"/>
             <includeFilter name="disableForAdminLocked"/>
             <supportedTypes>
                     <type value="wt.productfamily.ProductFamily"/>
                     <type value="wt.productfamily.ProductModel"/>
             </supportedTypes>
       </action>
       
       <action name="insertExistingProductFamilyObjectsStructureJCA">
            <command class="com.ptc.windchill.enterprise.productfamily.pfsb.client.action.InsertExistingProductFamilyMemberJCAAction"
                    method="execute" url="/ptc1/productfamily/insertExistingProductFamilyObjectsWizard"
                    windowType="popup"/>
            <includeFilter name="com.ptc.cat.ui.client.internal.action.OneSelectionFilter"/>
            <supportedTypes>
                <type value="wt.productfamily.ProductFamily"/>
                <type value="wt.productfamily.ProductModelGroup"/>
            </supportedTypes>
        </action>

       <action name="unassignConfigurableModuleGWT">
            <command class="com.ptc.windchill.enterprise.productfamily.pfsb.client.action.UnassignConfigurableModuleAction" />
             <includeFilter name="com.ptc.cat.ui.client.internal.action.IsNotUnspecifiedIterationFilter"/>
             <includeFilter name="disableForNonProductModelInMultiSelect"/>
             <includeFilter name="disableForAdminLocked"/>
             <supportedTypes>
                     <type value="wt.productfamily.ProductFamily"/>
                     <type value="wt.productfamily.ProductModel"/>
             </supportedTypes>
       </action>

       <!-- PFSB Rename actions -->
        <action name="rename">
               <command class="com.ptc.windchill.uwgm.cadx.client.action.RenameObjectAction" windowType="popup" url="/servlet/WindchillAuthGW/wt.enterprise.URLProcessor/URLTemplateAction" method="execute"/>
               <includeFilter name="sandboxSharingValidationSimple"/>
               <includeFilter name="hideFromNonAgreementMgrs"/>
               <includeFilter name="hideSBHiddenFilter"/>
        </action>
		
	<!-- PFSB GWT actions END -->
      	
      
    <!--  PFB/MatrixBOM GWT actions BEGIN -->
      
		<action name="openProductFamilyGWT">
            <command class="com.ptc.windchill.enterprise.productfamily.pfb.client.action.OpenProductFamilyAction"/>
        </action>
        
        <action name="launchMatrixEditor" ajax="component" uicomponent="PFM_MATRIX_EDITOR" >
            <command url="netmarkets/jsp/pfb/launchPFB.jsp" windowType="popup"/>
            <supportedTypes>
              <type value="wt.productfamily.ProductFamily"/>
            </supportedTypes>
        </action>
        
        <action name="launchMatrixEditorGWT" ajax="component" uicomponent="PFM_MATRIX_EDITOR" >
            <command class="com.ptc.windchill.enterprise.productfamily.pfsb.client.action.LaunchMatrixEditorAction" method="execute" url="/netmarkets/jsp/pfb/launchPFB.jsp"/>
             <includeFilter name="com.ptc.cat.ui.client.internal.action.OneSelectionFilter"/>
           
            <supportedTypes>
              <type value="wt.productfamily.ProductFamily"/>
            </supportedTypes>
        </action>
        
        <action name="launchMatrixEditorGWTRMC" ajax="component" uicomponent="PFM_MATRIX_EDITOR" >
            <command class="com.ptc.windchill.enterprise.productfamily.pfsb.client.action.LaunchMatrixEditorAction" method="execute" url="/netmarkets/jsp/pfb/launchPFB.jsp"/>
            <includeFilter name="com.ptc.cat.ui.client.internal.action.OneSelectionFilter"/>
            <supportedTypes>
              <type value="wt.productfamily.ProductFamily"/>
            </supportedTypes>
        </action>
        
        <action name="pfbViewInfoGWT">
            <command class="com.ptc.windchill.enterprise.productfamily.pfb.client.action.PFBViewInfoAction" />  
        </action>
        
    <!--  PFB/MatrixBOM GWT actions END -->  
    
        <action name="pfPasteFromClipboardToTreeGWT" uicomponent="PASTE">
            <command class="com.ptc.windchill.enterprise.productfamily.pfsb.client.action.PasteAction"/>
            <supportedTypes>
                <type value="wt.productfamily.ProductModel"/>
            </supportedTypes>
        </action>

        <action name="pfPasteFromClipboardToTreeWithLargeIconGWT" uicomponent="PASTE">
            <command class="com.ptc.windchill.enterprise.productfamily.pfsb.client.action.PasteAction"/>
            <supportedTypes>
                <type value="wt.productfamily.ProductModel"/>
            </supportedTypes>
        </action>

        <action name="pfPasteSelectToTreeGWT" uicomponent="PASTE" ajax="row">
            <command class="com.ptc.windchill.enterprise.productfamily.pfsb.client.action.PasteSelectVariantSpecsAction" method="execute" url="/ptc1/part/ti_paste_select_part?wizardType=multiPart&amp;invokedfrom=folder" windowType="popup"/>
        </action>
      
	</objecttype>

	<!-- Definition of PFM-specific actions on variant specs -->
	<objecttype name="variantspec" class="com.ptc.wpcfg.doc.VariantSpec" resourceBundle="com.ptc.windchill.enterprise.productfamily.productFamilyManagementUIActionsRB">

		<action name="editOptionFilterGWT" ajax="row">
			<command class="com.ptc.windchill.enterprise.productfamily.pfsb.client.action.EditOptionFilterAction"/>
			<includeFilter name="com.ptc.cat.ui.client.internal.action.OneSelectionFilter"/>
            <includeFilter name="com.ptc.cat.ui.client.internal.action.CheckinOrCheckoutFilter"/>
			<supportedTypes>
				<type value="com.ptc.wpcfg.doc.VariantSpec"/>
			</supportedTypes>
        </action>

		<action name="editOptionFilter">
            <command class="com.ptc.windchill.enterprise.productfamily.pfsb.server.forms.EditOptionFilterFormProcessor" url="netmarkets/jsp/variantspec/editOptionFilter.jsp" method="execute" windowType="popup"/>
            <includeFilter name="variantSpecEditOptionFilterActionFilter"/>
		    <supportedTypes>
    	        <type value="com.ptc.wpcfg.doc.VariantSpec"/>
    	    </supportedTypes>
    	</action>
		
		<action name="editOptionFilterStep">
            <command class="" method="" windowType="wizard_step"/>
        </action>
		
		<action name="editOptionFilterSaveBtn" id="PJL_wizard_ok">
            <command class="" method="" windowType="page" url="javascript:EditOptionFilter.submitEditOptionFilterForm()"/>
        </action>
        <action name="editOptionFilterCancelBtn" id="PJL_wizard_cancel">
            <command class="" method="" windowType="page" url="javascript:EditOptionFilter.close()"/>
        </action>

	</objecttype>
    
</listofactions>
