<?xml version="1.0"?>
<!DOCTYPE actionmodels SYSTEM 'actionmodels.dtd'>

<actionmodels resourceBundle="com.ptc.windchill.enterprise.productfamily.productFamilyManagementUIActionsRB">

   <model name="more_ProductFamily_actions" menufor="wt.productfamily.ProductFamilyMember">
       <action name="view" type="object"/>
       <action name="launchMatrixEditor" type="productfamily"/>
       <action name="separator" type="separator"/>
       <action name="edit" type="productfamily"/>
       <action name="MULTIRENAME" type="pdmObject"/>  <!-- Rename Action for Info page -->
       <action name="separator" type="separator"/>
       <action name="SETSTATE" type="pdmObject"/>    <!-- Set State -->
       <action name="reassignLC" type="lifecycle"/>  <!-- Reassign Life Cycle -->
       <action name="resetTeam" type="team"/>   <!-- Reset Team -->
   </model>

	<model name="productFamilyTableToolbar">
		<action name="createProductFamily" type="productfamily" shortcut="true"/>
	</model> 
	
	<model name="productFamily_third_level_nav">
		<submodel name="productFamilyGeneral"/>
		<submodel name="collaboration" resourceBundle="com.ptc.core.ui.navigationRB"/>
		<action name="ProductFamily_LotBaselines" type="lotbaseline"/>
	</model>

	<model name="productFamilyInfoPageTabSet">
		<submodel name="productFamilyInfoDetailsTab"/>
		<action name="productFamilyStructureGWT" type="productfamily"/>
		<submodel name="lotbaselinesTab" type="lotbaseline"/>
	</model>
	
	<model name="lotbaselinesTab" resourceBundle="com.ptc.windchill.lotbaseline.data.lotBaselineResource">
	     	<action name="ProductFamily_LotBaselines" type="lotbaseline"/>
    	</model>
    	
	<model name="productFamilyInfoDetailsTab">
		<action name="primaryAttributes" type="object"/>
		<action name="attributes" type="object"/>
	</model>

	<model name="productFamilyGeneral">
		<action name="primaryAttributes" type="object"/>
		<action name="attributes" type="object"/>
	</model>
	
    <!--  pfsb models START -->
    <model name="pfsbTreeContextMenu">
      <action name="viewInfoGWT" type="cat"/>
      <action name="separator" type="separator"/>
      <action name="launchMatrixEditorGWTRMC" type="productfamily"/>
      <action name="separator" type="separator"/>
      <submodel name="pfsbInsertTreeContextSubmenuGWT" />
      <action name="PFMRemoveGWT" type="productfamily" />
      <submodel name="pfsbEditTreeContextSubmenuGWT"/>
      
      <action name="editOptionFilterGWT" type="variantspec"/>
      <action name="separator" type="separator" />
      <action name="copyToWindchillGWT" type="cat" />
      <action name="pfPasteFromClipboardToTreeGWT" type="productfamily" />
      <action name="separator" type="separator" />
      <submodel name="psbExpandContextSubmenuGWT"/>
      <action name="separator" type="separator"/>
      <action name="createLotBaseline" type="lotbaseline"/>
      <action name="separator" type="separator"/>
      <action name="addToLotBaselineGWT" type="lotbaseline"/>
      <action name="updateProductVariantsGWT" type="lotbaseline"/>
    </model>
	
    <model name="pfsbTreeToolBar">
      	<!-- Editing Group -->
      	<action name="editingGroupGWT" type="psb">
      		<ribbonInfo buttonType="group" columnCount="2" />
      	</action>
        <action name="insertExistingProductFamilyObjectsStructureJCA" type="productfamily">
            <ribbonInfo buttonType="button" buttonScale="small" />        
        </action>
        <action name="PFMRemoveGWT" type="productfamily">
            <ribbonInfo buttonType="button" buttonScale="small"/>
        </action>	
      	<action name="insertNewProductFamilyObjectsGWT" type="productfamily">
      		<ribbonInfo buttonType="button" buttonScale="small" />
      	</action>
         <action name="editFamilyMemberSplitGWT" type="productfamily">
            <ribbonInfo buttonType="split" buttonScale="small"/>
         </action>  
         <action name="editFamilyMemberGWT" type="productfamily">
            <ribbonInfo buttonType="menuitem" buttonScale="small"/>
         </action>
         <action name="rename" type="productfamily">
    	    <ribbonInfo buttonType="menuitem" buttonScale="small"/>
    	 </action>
      	
        <!-- Clipboard Group -->
        <action name="clipboardGroupGWT" type="psb" >
            <ribbonInfo buttonType="group" columnCount="2" />
        </action>
        <action name="copyToWindchillWithLargeIconGWT" type="cat" >
            <ribbonInfo buttonType="button" buttonScale="medium" />
        </action>
        <action name="pfPasteFromClipboardToTreeWithLargeIconGWT" type="productfamily">
            <ribbonInfo buttonType="split" buttonScale="medium" />
        </action>
        <action name="pfPasteFromClipboardToTreeGWT" type="productfamily">
            <ribbonInfo buttonType="menuitem" buttonScale="medium" />
        </action>
        <action name="pfPasteSelectToTreeGWT" type="productfamily">
            <ribbonInfo buttonType="menuitem" buttonScale="medium" />
        </action>
        
        
      	<!-- Viewing Group -->
      	<!-- Views -->
      	<action name="viewingGroupGWT" type="psb">
      		<ribbonInfo buttonType="group" columnCount="2" />
      	</action>
      	<action name="configurableTableViewWithLargeIconGWT" type="cat">
      		<ribbonInfo buttonType="menu" buttonScale="medium" />
      	</action>
      	<action name="configurableTableViewListGWT" type="cat">
      		<ribbonInfo buttonType="check" groupName="table_view" />
      	</action>
      	<action name="separator" type="separator" />
      	<action name="saveStructureViewGWT" type="cat">
      		<ribbonInfo buttonType="menuitem" />
      	</action>
      	<action name="configurableTableViewManagerGWT" type="cat">
      		<ribbonInfo buttonType="menuitem" />
      	</action>
      	<!-- Display -->
      	<action name="displayWithLargeIconGWT" type="cat">
      		<ribbonInfo buttonType="menu" buttonScale="medium" />
      	</action>
      	<action name="selectAllGWT" type="cat">
      		<ribbonInfo buttonType="menuitem" />
      	</action>
      	<action name="separator" type="separator" />
      	<action name="expandAllLevelsFromRootGWT" type="cat">
      		<ribbonInfo buttonType="menuitem" />
      	</action>
      	<action name="psbExpandSubmenuGWT" type="psb">
      		<ribbonInfo buttonType="submenu" />
      	</action>
      	<action name="expandOneLevelGWT" type="cat">
      		<ribbonInfo buttonType="submenuitem" />
      	</action>
      	<action name="expandTwoLevelsGWT" type="cat">
      		<ribbonInfo buttonType="submenuitem" />
      	</action>
      	<action name="expandThreeLevelsGWT" type="cat">
      		<ribbonInfo buttonType="submenuitem" />
      	</action>
      	<action name="expandFourLevelsGWT" type="cat">
      		<ribbonInfo buttonType="submenuitem" />
      	</action>
      	<action name="expandFiveLevelsGWT" type="cat">
      		<ribbonInfo buttonType="submenuitem" />
      	</action>
      	<action name="separator" type="separator" />
      	<action name="expandAllSelectedLevelsGWT" type="cat">
      		<ribbonInfo buttonType="submenuitem" />
      	</action>
      	<action name="expandNLevelsGWT" type="cat">
      		<ribbonInfo buttonType="submenuitem" />
      	</action>
      	<action name="psbEndExpandSubmenuGWT" type="psb">
      		<ribbonInfo buttonType="endsubmenu" />
      	</action>
      	<action name="collapseAllLevelsGWT" type="cat">
      		<ribbonInfo buttonType="menuitem" />
      	</action>
      	<action name="separator" type="separator" />
      	<action name="refreshGWT" type="cat">
      		<ribbonInfo buttonType="menuitem" />
      	</action>
      	<!-- Configurable Module Group -->
      	<action name="configurableModuleGroupGWT" type="productfamily">
      		<ribbonInfo buttonType="group" columnCount="2" />
      	</action>
      	<action name="assignConfigurableModuleGWT" type="productfamily">
      		<ribbonInfo buttonType="button" buttonScale="medium" />
      	</action>
        <action name="unassignConfigurableModuleGWT" type="productfamily">
            <ribbonInfo buttonType="button" buttonScale="medium" />
        </action>
      	<!-- Tools Group -->
      	<action name="toolsGroupGWT" type="psb">
      		<ribbonInfo buttonType="group" columnCount="2" />
      	</action>
      	<action name="launchMatrixEditorGWT" type="productfamily">
      		<ribbonInfo buttonType="button" buttonScale="medium" />
      	</action>
    </model> 
  
   <!-- pfsb model END -->
	
	
   <!-- PFB/MatrixBOM model START -->
   
    <model name="pfbTreeMiniToolBar">
      <action name="openProductFamilyGWT" type="productfamily" />
      <action name="copyToWindchillGWT" type="cat" />
      <action name="pfPasteFromClipboardToTreeGWT" type="productfamily" />
   </model>

   <model name="pfbTreeContextMenu">
      <action name="pfbViewInfoGWT" type="productfamily" />
      <action name="separator" type="separator" />
      <action name="copyToWindchillGWT" type="cat" />
      <action name="pfPasteFromClipboardToTreeGWT" type="productfamily" />
      <action name="separator" type="separator" />
      <submodel name="pfbExpandContextSubmenuGWT"/>
      <action name="collapseAllLevelsGWT" type="cat" />
   </model>
   
   <model name="pfbExpandContextSubmenuGWT">
      <action name="expandOneLevelGWT" type="cat" />
      <action name="expandTwoLevelsGWT" type="cat" />
      <action name="expandThreeLevelsGWT" type="cat" />
      <action name="expandFourLevelsGWT" type="cat" />
      <action name="expandFiveLevelsGWT" type="cat" />
      <action name="separator" type="separator" />
      <action name="expandAllSelectedLevelsGWT" type="cat" />
      <action name="expandNLevelsGWT" type="cat" />
   </model>
   
   <model name="pfbIndicatorActionModel">
   </model>  
   
   <model name="pfbBOMTreeToolBar">
   
      <action name="viewingGroupGWT" type="psb" />
      <action name="configurableTableViewWithLargeIconGWT" type="cat" />
      <action name="configurableTableViewListGWT" type="cat" />
      <action name="separator" type="separator" />
      <action name="saveStructureViewGWT" type="cat" />
      <action name="configurableTableViewManagerGWT" type="cat" />
      <action name="displayWithLargeIconGWT" type="cat" />
      <action name="selectAllGWT" type="cat" />
      <action name="separator" type="separator" />
      <action name="expandAllLevelsFromRootGWT" type="cat" />
      <action name="psbExpandSubmenuGWT" type="psb" />
      <action name="expandOneLevelGWT" type="cat" />
      <action name="expandTwoLevelsGWT" type="cat" />
      <action name="expandThreeLevelsGWT" type="cat" />
      <action name="expandFourLevelsGWT" type="cat" />
      <action name="expandFiveLevelsGWT" type="cat" />
      <action name="separator" type="separator" />
      <action name="expandAllSelectedLevelsGWT" type="cat" />
      <action name="expandNLevelsGWT" type="cat" />
      <action name="collapseAllLevelsGWT" type="cat" />
      <action name="psbEndExpandSubmenuGWT" type="psb" />
      <action name="separator" type="separator" />
      <action name="refreshGWT" type="cat" /> 
      
   </model>

   <model name="pfbBOMTreeContextMenu">
   </model>
   
   <model name="pfbBOMIndicatorActionModel">
   </model>  
   
   <!-- PFB/MatrixBOM model END -->
   <!-- Insert submenu for PFSB tree context menu -->
      <model name="pfsbInsertTreeContextSubmenuGWT">
         <action name="insertNewProductFamilyObjectsGWT" type="productfamily"/>
         <action name="insertExistingProductFamilyObjectsStructureJCA" type="productfamily" />
      </model>
    <!-- Edit submenu for PFSB tree context menu -->
      <model name="pfsbEditTreeContextSubmenuGWT">
		<action name="editFamilyMemberGWT" type="productfamily"/>
		<action name="editLotBaselineGWT" type="lotbaseline"/>
		<action name="separator" type="separator"/>
		<action name="rename" type="productfamily" />
		<action name="lotBaselineMoveGWT" type="lotbaseline"/>
      </model>

	
   <model name="pfsb_variantspecchoices_toolbar">
      <action name="editOptionFilter" type="variantspec" shortcut="true"/>
   </model>
   
   <model name="EditOptionFilterButtons">
      <action name="editOptionFilterSaveBtn"     type="variantspec"/>
      <action name="editOptionFilterCancelBtn"   type="variantspec"/>
   </model>
</actionmodels>
