<!DOCTYPE actionmodels SYSTEM '../../actionmodels.dtd'>

<!-- define the actions on the UI components -->
<actionmodels>

   <model name="psbRelatedPartsTreeToolBar">
      <action name="editingGroupGWT" type="psb" />
      <action name="insertExistingPartStructureGWT" type="psb" />
      <action name="insertExistingPartStructureJCA" type="psb" />
      <action name="removeGWT" type="psb" />
      <action name="replaceWithExistingPartStructureGWT" type="psb" />
      <action name="insertNewPartStructureSplitGWT" type="psb" />
      <action name="insertNewPartStructureGWT" type="psb" />
      <action name="insertMultiNewPartStructureGWT" type="psb" />
      <action name="editSplitGWT" type="psb" />
      <action name="editGWT" type="psb" />
      <action name="editUsageLinkTreeGWT" type="psb" />
      <action name="editCommonAttrsGWT" type="psb" />
      <action name="separator" type="separator" />
      <action name="renameGWT" type="psb" />
      <action name="cadxRenameGWT" type="cadx" />
      <action name="moveGWT" type="cat" />

      <action name="createOccurrencesGWT" type="psb" />
      <action name="replaceWithNewPartStructureGWT" type="psb" />

      <action name="checkInOutGroupGWT" type="psb" />
      <action name="checkoutGWT" type="psb" />
      <action name="newRevisionGWT" type="cat" />
      <action name="partCheckinSplitGWT" type="psb" />
      <action name="partCheckinGWT" type="psb" />
      <action name="undocheckoutGWT" type="psb" />
      <action name="findCheckoutItemsGWT" type="psb" />

      <action name="clipboardGroupGWT" type="psb" />
      <action name="pasteFromClipboardToTreeWithLargeIconGWT" type="psb" />
      <action name="copyToWindchillWithLargeIconGWT" type="cat" />
      <action name="pasteFromClipboardToTreeGWT" type="psb" />
      <action name="pasteSelectToTreeGWT" type="psb" />

      <action name="viewingGroupGWT" type="psb" />
      <action name="showDefaultRelatedObjectsGWT" type="psb" />

      <action name="configurableTableViewGWT" type="cat" />
      <action name="configurableTableViewListGWT" type="cat" />
      <action name="separator" type="separator" />
      <action name="saveStructureViewGWT" type="cat" />
      <action name="configurableTableViewManagerGWT" type="cat" />
      <action name="separator" type="cat" />
      <action name="sourcingContextGWT" type="psb" />
      <action name="sourcingContextListGWT" type="psb" />
      <action name="separator" type="cat" />
      <action name="findSourcingContextGWT" type="psb" />

      <action name="hideAllRelatedObjectsGWT" type="psb" />

      <action name="displayGWT" type="cat" />
      <action name="displayOccurrencesGWT" type="psb" />
      <action name="separator" type="separator" />
      <action name="selectAllGWT" type="cat" />
      <action name="separator" type="separator" />
      <action name="expandAllLevelsFromRootGWT" type="cat" />
      <action name="psbExpandSubmenuGWT" type="psb" />
      <action name="expandOneLevelGWT" type="cat" />
      <action name="expandTwoLevelsGWT" type="cat" />
      <action name="expandThreeLevelsGWT" type="cat" />
      <action name="expandFourLevelsGWT" type="cat" />
      <action name="expandFiveLevelsGWT" type="cat" />
      <action name="separator" type="separator" />
      <action name="expandAllSelectedLevelsGWT" type="cat" />
      <action name="expandNLevelsGWT" type="cat" />
      <action name="collapseAllLevelsGWT" type="cat" />
      <action name="psbEndExpandSubmenuGWT" type="psb" />
      <action name="separator" type="separator" />
      <action name="viewLayout2Panel" type="cat" />
      <action name="viewLayout3Panel" type="cat" />
      <action name="separator" type="separator" />
      <action name="refreshGWT" type="cat" />

      <action name="newAddToGroupGWT" type="psb" />
      <action name="newActionsGWT" type="psb" />
      <action name="saveAsGWT" type="psb" />
      <action name="separator" type="separator" />
      <action name="newPromotionRequestTreeGWT" type="psb" />
      <action name="newPartConfigGWT" type="psb" />
      <action name="newRepresentationTreeGWT" type="psb" />
      <action name="newPARGWT" type="psb"/>
      <action name="addToActionsGWT" type="psb" />
      <action name="addToBaselineGWT" type="cat" />
      <action name="addToPackageGWT" type="cat" />
      <action name="SBAddToPrj" type="cat" />

      <action name="filterGroupGWT" type="ec" />
      <action name="editFilterWithLargeIconGWT" type="ec" />
      <action name="filterPropertiesGWT" type="ec" />
      <action name="savedFiltersGWT" type="ec" />

      <action name="toolsGroupGWT" type="psb" />
      <action name="compareActionsGWT" type="psb" />
      <action name="launchStructureCompareGWT" type="psb" />
      <action name="launchCompareToCADGWT" type="dsv" />
      <action name="openActionsGWT" type="psb" />
      <action name="openInProductViewGWT" type="psb" />
      <action name="openInPSEGWT" type="psb" />
      <action name="openInMPSEGWT" type="psb" />
      <action name="openInSPSEGWT" type="psb" />
      <action name="openInMAPSBGWT" type="baseclient" />
      <action name="openInSAPSBGWT" type="psb" />

      <action name="serviceGroupGWT" type="partseditor" />
      <action name="generateActionsGWT" type="partseditor" />
      <action name="generatePLSelected" type="partseditor" />
      <action name="generatePLAll" type="partseditor" />

      <action name="psbReportsGroupGWT" type="psb" />
      <action name="psbReportsGWT" type="psb" />
      <action name="psbReportMultiLevelCompListGWT" type="psb" />
      <action name="separator" type="separator" />
      <action name="psbReportSingleLevelConsolBOMGWT" type="psb" />
      <action name="psbReportSingleLevelBOMGWT" type="psb" />
      <action name="psbReportSingleLevelBOMWithNotesGWT" type="psb" />
      <action name="separator" type="separator" />
      <action name="psbReportMultiLevelBOMGWT" type="psb" />
      <action name="psbReportMultiLevelBOMWithReplacementsGWT" type="psb" />
      <action name="psbReportMultiLevelBOMWithAMLAVLGWT" type="psb" />
      <action name="psbReportMultiLevelBOMWithAMLGWT" type="psb" />
      <action name="separator" type="separator" />
      <action name="singleSourceOEMPartsGWT" type="psb" />
      <action name="uniqueManufacturerPartsGWT" type="psb" />
      <action name="separator" type="separator" />
      <action name="changeBaselineReportGWT" type="change" />
      <action name="exportActionsGWT" type="cat"/>
      <action name="exportCsvGWT" type="cat" />
      <action name="exportHtmlGWT" type="cat" />
      <action name="exportPdfGWT" type="cat" />
      <action name="exportTextGWT" type="cat" />
      <action name="exportXlsGWT" type="cat" />
      <action name="exportXlsxGWT" type="cat" />
      <action name="exportXlsReportGWT" type="cat" />
      <action name="exportXmlGWT" type="cat" />
	  <action name="spreadsheetExportGWT" type="ixb" />
   </model>

   <model name="psbRelatedPartsToolBar">
   	<action name="insertExistingPartUsesGWT" type="psb" />
   	<action name="insertExistingPartUsesJCA" type="psb" />
   	<action name="insertNewPartUsesGWT" type="psb" />
   	<action name="insertMultiNewPartUsesGWT" type="psb" />
   	<action name="removeChildPartGWT" type="psb" />
   	<action name="separator" type="separator" />
   	<action name="editUsageLinkGWT" type="psb" ></action>
   	<action name="editAttrValuesUsageLinksGWT" type="psb" />
   	<!--<action name="assignOptionalityGWT" type="psb" /> -->
   	<action name="separator" type="separator" ></action>
   	<action name="copyToWindchillGWT" type="cat" />
   	<action name="pasteFromClipboardToTableGWT" type="psb" />
   	<action name="pasteSelectToTableGWT" type="psb" />
    <action name="tableExportActionsGWT" type="cat"/>
    <action name="exportCsvGWT" type="cat" />
    <action name="exportHtmlGWT" type="cat" />
    <action name="exportPdfGWT" type="cat" />
    <action name="exportTextGWT" type="cat" />
    <action name="exportXlsGWT" type="cat" />
    <action name="exportXlsxGWT" type="cat" />
    <action name="exportXlsReportGWT" type="cat" />
    <action name="exportXmlGWT" type="cat" />
   </model>

   <model name="psbRelatedPartsContextMenu">
      <action name="viewInfoGWT" type="cat" />
      <action name="separator" type="separator" />
      <action name="removeChildPartGWT" type="psb" />
      <action name="editUsageLinkGWT" type="psb" />
      <action name="editAttrValuesUsageLinksGWT" type="psb" />
      <action name="assignOptionalityGWT" type="psb" />
      <action name="viewAssignedUsesExpressionGWT" type="expressionAssignable" />
      <action name="copyAssignedUsesExpressionGWT" type="expressionAssignable" />              <!-- Copy Independent Expression -->
      <action name="renameGWT" type="psb" />
      <action name="cadxRenameGWT" type="cadx" />
      <action name="separator" type="separator" />
      <action name="copyToWindchillGWT" type="cat" />
      <action name="pasteFromClipboardToTableGWT" type="psb" />
      <action name="separator" type="separator" />
      <action name="selectInTreeGWT" type="psb" />
      <action name="separator" type="separator" />
      <action name="partCheckinGWT" type="psb" />
      <action name="checkoutGWT" type="psb" />
      <action name="undocheckoutGWT" type="psb" />
      <action name="newRevisionGWT" type="cat" />
   </model>

   <model name="psbRelatedPartsTreeContextMenu">
            <action name="viewInfoGWT" type="cat" />

            <action name="separator" type="separator" />

            <action name="partCheckinGWT" type="psb" />
            <action name="checkoutGWT" type="psb" />

            <action name="undocheckoutGWT" type="psb" />
            <action name="newRevisionGWT" type="cat" />

            <action name="separator" type="separator" />

            <submodel name="psbAddInsertRelatedPartsTreeContextSubmenuGWT"/>
            <action name="removeGWT" type="psb" />

            <submodel name="psbEditRelatedPartsTreeContextSubmenuGWT"/>
            <action name="assignItemOptionalityGWT" type="psb" />
            <action name="viewAssignedExpressionGWT" type="expressionAssignable" />

            <action name="copyAssignedExpressionGWT" type="expressionAssignable"/>              <!-- Copy Independent Expression -->
            <submodel name="psbReplaceRelatedPartsTreeContextSubmenuGWT"/>
            <!-- New code added to add two new actions in replace sub-menu-->
            <submodel name="psbReplacePartsTreeContextSubmenuGWT"/>

            <!--Added to have the Manage Replacements action on the main menu itself-->
            <action name="replacementsGWT" type="psb" />

            <action name="separator" type="separator" />

            <action name="copyToWindchillGWT" type="cat" />
            <action name="pasteFromClipboardToTreeGWT" type="psb" />
            <submodel name="psbExpandContextSubmenuGWT"/>
            <action name="findSimilarGWT" type="partslink" />

            <action name="separator" type="separator" />

            <action name="relatedObjectsGWT" type="psb" />
            <submodel name="addUpdateRelatedInformationSubmenuGWT"/>
            <submodel name="psbAddToRelatedPartsTreeContextSubmenuGWT"/>
            <action name="updateDistributionTargetGWT" type="psb" />
            <submodel name="psbCADRelatedPartsTreeContextSubmenuGWT"/>

            <action name="separator" type="separator" />

            <submodel name="psbOpenInRelatedPartsTreeContextSubmenuGWT"/>
            <action name="selectInVIZTabGWT" type="cat" />
            <action name="selectInTableGWT" type="psb" />

            <action name="separator" type="separator" />

            <submodel name="psbCompareRelatedPartsTreeContextSubmenuGWT"/>
            <submodel name="psbNewRelatedPartsTreeContextSubmenuGWT"/>
            <action name="setProximityExpansionCriteriaGWT" type="psb" />

            <action name="separator" type="separator" />
            <action name="manageApplicability" type="corestruct"/> <!-- Manage Applicability -->

            <action name="separator" type="separator" />
            <action name="generatePL" type="partseditor" />"
                  <action name="generateTranslationDocument" type="asps" />


            <!-- <action name="customActionGWT" type="psb"/> -->
   </model>

   <model name="psbAddInsertRelatedPartsTreeContextSubmenuGWT" resourceBundle="com.ptc.windchill.enterprise.part.psb.psbActionsRB">
      <action name="insertExistingPartStructureGWT" type="psb" />
      <action name="insertExistingPartStructureJCA" type="psb" />
      <action name="insertNewPartStructureGWT" type="psb" />
      <action name="insertMultiNewPartStructureGWT" type="psb" />
   </model>

   <model name="psbEditRelatedPartsTreeContextSubmenuGWT" resourceBundle="com.ptc.windchill.enterprise.part.psb.psbActionsRB">
      <action name="editGWT" type="psb" />
      <action name="editUsageLinkTreeGWT" type="psb" />
      <action name="editCommonAttrsGWT" type="psb" />
      <action name="separator" type="separator" />
      <action name="renameGWT" type="psb" />
      <action name="cadxRenameGWT" type="cadx" />
       <action name="moveGWT" type="cat" />
   </model>


   <model name="psbDisplayRelatedPartsTreeContextSubmenuGWT" resourceBundle="com.ptc.windchill.enterprise.part.psb.psbActionsRB">
      <action name="selectAllGWT" type="cat" />
      <action name="separator" type="separator" />
      <action name="expandAllLevelsGWT" type="cat" />
      <action name="collapseAllLevelsGWT" type="cat" />
   </model>

   <model name="psbReplaceRelatedPartsTreeContextSubmenuGWT" resourceBundle="com.ptc.windchill.enterprise.part.psb.psbActionsRB">
      <action name="replacePartGWT" type="psb" />
      <action name="replaceWithAlternateSubstitute" type="psb" />
      <action name="replaceWithExistingPart" type="psb" />
      <action name="replaceWithAddingNewPart" type="psb" />
   </model>

   <model name="psbNewRelatedPartsTreeContextSubmenuGWT" resourceBundle="com.ptc.windchill.enterprise.part.psb.psbActionsRB">
      <action name="saveAsGWT" type="psb" />
      <action name="separator" type="separator" />
      <action name="newPromotionRequestGWT" type="psb" />
      <action name="separator" type="separator" />
      <action name="newRepresentationGWT" type="psb" />
   </model>

   <model name="psbAddToRelatedPartsTreeContextSubmenuGWT" resourceBundle="com.ptc.windchill.enterprise.part.psb.psbActionsRB">
      <action name="addToBaselineGWT" type="cat" />
      <action name="addToPackageGWT" type="cat" />
      <action name="SBAddToPrj" type="cat" />
   </model>

   <model name="psbCompareRelatedPartsTreeContextSubmenuGWT" resourceBundle="com.ptc.windchill.enterprise.part.psb.psbActionsRB">
      <action name="launchStructureCompareGWT" type="psb" />
      <action name="launchCompareToCADGWT" type="dsv" />
   </model>

   <model name="psbOpenInRelatedPartsTreeContextSubmenuGWT" resourceBundle="com.ptc.windchill.enterprise.part.psb.psbActionsRB">
      <action name="openInProductViewGWT" type="psb" />
      <action name="openInPSEGWT" type="psb" />
      <action name="openInMPSEGWT" type="psb" />
      <action name="openInSPSEGWT" type="psb" />
      <action name="openInMAPSBGWT" type="baseclient" />
      <action name="openInSAPSBGWT" type="psb" />
   </model>

   <model name="psbCADRelatedPartsTreeContextSubmenuGWT" resourceBundle="com.ptc.windchill.enterprise.part.psb.psbActionsRB">
      <action name="partToCadBuildGWT" type="psb" />
      <action name="publishToCADGWT" type="cat"/>
      <action name="displayDeletedBuildReferencesGWT" type="psb"/>
   </model>

   <model name="addUpdateRelatedInformationSubmenuGWT" resourceBundle="com.ptc.windchill.enterprise.part.psb.psbActionsRB">
      <action name="addRelatedDesDocGWT" type="psb" />
      <action name="addRelatedRefDocGWT" type="psb" />
      <action name="manageNotes" type="psb" />
      <action name="separator" type="separator" />
      <action name="addAMLGWT" type="psb" />
      <action name="addAVLGWT" type="psb" />
   </model>

   <model name="psbIndicatorActionModel">
      <action name="replacementsGWT" type="psb" />
   </model>

   <model name="psbOccurrencesToolBar">
      <action name="removeOccurrenceGWT" type="psb" />
      <action name="editOccurrenceGWT" type="psb" />
      <action name="tableExportActionsGWT" type="cat"/>
      <action name="exportCsvGWT" type="cat" />
      <action name="exportHtmlGWT" type="cat" />
      <action name="exportPdfGWT" type="cat" />
      <action name="exportTextGWT" type="cat" />
      <action name="exportXlsGWT" type="cat" />
      <action name="exportXlsxGWT" type="cat" />
      <action name="exportXlsReportGWT" type="cat" />
      <action name="exportXmlGWT" type="cat" />

   </model>

   <model name="psbOccurrencesContextMenu">
      <action name="removeOccurrenceGWT" type="psb" />
      <action name="editOccurrenceGWT" type="psb" />
      <action name="assignOccurrencesOptionalityGWT" type="psb" />
      <action name="viewAssignedOccurrencesExpressionGWT" type="expressionAssignable" />
      <action name="copyAssignedOccurrencesExpressionGWT" type="expressionAssignable" />
      <action name="separator" type="separator" />
      <action name="showOnlyRelatedOccurrencesGWT" type="psb" />
   </model>

   <model name="psbPanelContextMenu">
      <action name="viewLayout2Panel" type="cat"/>
      <action name="viewLayout3Panel" type="cat"/>
   </model>

   <model name="psbTreePanelContextMenu">
      <action name="selectAllGWT" type="cat" />
      <action name="separator" type="separator" />
      <action name="viewLayout2Panel" type="cat"/>
      <action name="viewLayout3Panel" type="cat"/>
      <action name="separator" type="separator" />
      <action name="refreshGWT" type="cat" />
   </model>

    <model name="psbDeletedBuildReferenceToolBar">
           <action name="removeDeletedBuildReferencesGWT" type="psb"/>
           <action name="separator" type="separator"/>
    </model>

    <model name="psbDeletedBuildReferenceContextMenu">
           <action name="separator" type="separator"/>
    </model>

    <model name="psbVizToolBar">
      <action name="zoomAllGWT" type="cat" />
      <action name="zoomSelectedGWT" type="cat" />
      <action name="zoomToWindowGWT" type="baseclient"/>

      <action name="separator" type="separator" />

      <action name="setSpinCenterGWT" type="cat" />
      <action name="toggleAutoSelectionGWT" type="cat" />
      <action name="toggleAutoSelectionFromStructToVIZGWT" type="cat" />
      <action name="toggleAutoSelectionFromVIZToStructGWT" type="cat" />

      <action name="spatialFilter" type="structurecomponent" />
      <action name="setBoxSpatialFilter" type="structurecomponent" />
      <action name="setSphereSpatialFilter" type="structurecomponent" />
      <action name="setProximitySpatialFilter" type="structurecomponent" />
      <action name="updateSpatialFilter" type="structurecomponent" />

      <action name="separator" type="separator"/>

      <action name="defaultRenderModeGWT" type="baseclient"/>
      <action name="shadedRenderModeGWT" type="baseclient"/>
      <action name="shadedWithEdgesRenderModeGWT" type="baseclient"/>
      <action name="hiddenLineRemovalGWT" type="baseclient"/>
      <action name="wireframeRenderModeGWT" type="baseclient"/>
      <action name="meshRenderModeGWT" type="baseclient"/>

      <action name="defaultOrientationGWT" type="baseclient"/>
      <action name="iso1OrientationGWT" type="baseclient"/>
      <action name="iso2OrientationGWT" type="baseclient"/>
      <action name="topOrientationGWT" type="baseclient"/>
      <action name="bottomOrientationGWT" type="baseclient"/>
      <action name="leftOrientationGWT" type="baseclient"/>
      <action name="rightOrientationGWT" type="baseclient"/>
      <action name="frontOrientationGWT" type="baseclient"/>
      <action name="backOrientationGWT" type="baseclient"/>

      <action name="separator" type="separator" />

      <action name="selectModeGWT" type="baseclient"/>
      <action name="selectAllGWT" type="structurecomponent"/>

      <action name="separator" type="separator" />
      <action name="translateModeGWT" type="baseclient"/>
      <action name="rotateModeGWT" type="baseclient"/>
      <action name="restoreAllSplitGWT" type="baseclient"/>
      <action name="restoreAllGWT" type="baseclient"/>
      <action name="resetInstanceGWT" type="baseclient"/>

      <action name="separator" type="separator" />

      <action name="distanceMeasurementGWT" type="baseclient"/>
      <action name="diameterMeasurementGWT" type="baseclient"/>
      <action name="angleMeasurementGWT" type="baseclient"/>
      <action name="summaryMeasurementGWT" type="baseclient"/>

      <action name="separator" type="separator" />

      <action name="deleteSelectedMeasurementGWT" type="baseclient"/>
      <action name="deleteAllMeasurementsGWT" type="baseclient"/>
   </model>

   <model name="psbFindCheckedOutItemsToolBar">
      <action name="partCheckinAndRemoveGWT" type="psb" />
      <action name="undocheckoutAndRemoveGWT" type="psb" />
      <action name="separator" type="separator" />
      <action name="compareInfoGWT" type="psb" />
   </model>

   <model name="psbFindCheckedOutItemsContextMenu">
      <action name="partCheckinAndRemoveGWT" type="psb" />
      <action name="undocheckoutAndRemoveGWT" type="psb" />
      <action name="separator" type="separator" />
      <action name="compareInfoGWT" type="psb" />
   </model>

   <model name="psbExpandContextSubmenuGWT" resourceBundle="com.ptc.windchill.enterprise.part.psb.psbActionsRB">
      <action name="expandOneLevelGWT" type="cat" />
      <action name="expandTwoLevelsGWT" type="cat" />
      <action name="expandThreeLevelsGWT" type="cat" />
      <action name="expandFourLevelsGWT" type="cat" />
      <action name="expandFiveLevelsGWT" type="cat" />
      <action name="separator" type="separator" />
      <action name="expandAllSelectedLevelsGWT" type="cat" />
      <action name="expandNLevelsGWT" type="cat" />
   </model>

   <model name="editOptionATO button psb">
      <action name="itemChoiceGWT" type="psb"/>
   </model>

   <model name="editLinkATO button psb">
      <action name="corestructLinkItemChoiceGWT" type="corestruct"/>
   </model>

   <model name="psbVariantSpecRelatedPartsTreeToolBar">
      <action name="viewingGroupGWT" type="psb" />
      <action name="showDefaultRelatedObjectsGWT" type="psb" />

      <action name="configurableTableViewGWT" type="cat" />
      <action name="configurableTableViewListGWT" type="cat" />
      <action name="separator" type="separator" />
      <action name="saveStructureViewGWT" type="cat" />
      <action name="configurableTableViewManagerGWT" type="cat" />
      <action name="separator" type="cat" />
      <action name="sourcingContextGWT" type="psb" />
      <action name="sourcingContextListGWT" type="psb" />
      <action name="separator" type="cat" />
      <action name="findSourcingContextGWT" type="psb" />

      <action name="hideAllRelatedObjectsGWT" type="psb" />

      <action name="displayGWT" type="cat" />
      <action name="displayOccurrencesGWT" type="psb" />
      <action name="separator" type="separator" />
      <action name="selectAllGWT" type="cat" />
      <action name="separator" type="separator" />
      <action name="expandAllLevelsFromRootGWT" type="cat" />
      <action name="psbExpandSubmenuGWT" type="psb" />
      <action name="expandOneLevelGWT" type="cat" />
      <action name="expandTwoLevelsGWT" type="cat" />
      <action name="expandThreeLevelsGWT" type="cat" />
      <action name="expandFourLevelsGWT" type="cat" />
      <action name="expandFiveLevelsGWT" type="cat" />
      <action name="separator" type="separator" />
      <action name="expandAllSelectedLevelsGWT" type="cat" />
      <action name="expandNLevelsGWT" type="cat" />
      <action name="collapseAllLevelsGWT" type="cat" />
      <action name="psbEndExpandSubmenuGWT" type="psb" />
      <action name="separator" type="separator" />
      <action name="viewLayout2Panel" type="cat" />
      <action name="viewLayout3Panel" type="cat" />
      <action name="separator" type="separator" />
      <action name="refreshGWT" type="cat" />

      <action name="filterGroupGWT" type="ec" />
      <action name="filterPropertiesGWT" type="ec" />
      
      <action name="toolsGroupGWT" type="psb" />
      <action name="editOptionFilterPSBGWT" type="variantspec"/>
   </model>

   <model name="psbVariantSpecRelatedPartsTreeContextMenu">
      <action name="pvStructureViewInfoGWT" type="psb" />
   </model>

</actionmodels>
