<?xml version="1.0"?>
<!DOCTYPE actionmodels SYSTEM '../../actionmodels.dtd'>

<actionmodels>
	<model name="sis ps templates toolbar actions">
		<action name="addPSTemplate" type="corestruct" shortcut="true" />
		<action name="removeISPSTemplate" type="corestruct" shortcut="true" />
 	</model>
	<model name="sis ps template row actions">
	    <action name="view" type="object"/>                         <!-- View Information -->
		<action name="addPSTemplate" type="corestruct" shortcut="true" />
		<action name="removeISPSTemplate" type="corestruct" shortcut="true" />
		<action name="actionListOpenInPubStructureEditor" type="pubst"/>  <!-- Open in PubStructure Editor -->
	</model>

    <!-- Main Ribbon Tooblar for the Publication Structure Editor
         The actions must coincide with those specified in getToolbarConfigOverrides() in
         com.ptc.arbortext.windchill.pubstruct.server.PubStTreeConfigBuilder -->
    <model name="pubstTreeToolBar">
        <action name="editingGroupGWT" type="pubst" />
        <action name="insertExisting" type="pubst" />
        <action name="insertExistingContent" type="pubst" />
        <action name="insertExistingPublicationSection" type="pubst" />
        <action name="insertExistingPublicationStructure" type="pubst" />
        <action name="removePSGWT" type="pubst" />
        <action name="editSplitGWT" type="pubst" />
        <action name="editGWT" type="pubst" />
        <action name="renameGWT" type="pubst" />
        <action name="separator" type="separator" />                      <!-- ===================================== -->
        <action name="setMultiLanguageGWT" type="pubst" />
        <action name="unSetMultiLanguageGWT" type="pubst" />
        <action name="moveActionsPubst" type="corestruct"/>
        <action name="moveUp" type="corestruct" />
        <action name="moveDown" type="corestruct" />
        <action name="promote" type="corestruct" />
        <action name="demote" type="corestruct" />
        <action name="insertNew" type="pubst" />
        <action name="insertNewPublicationSection" type="pubst" />
        <action name="insertMultipleNewPublicationSection" type="pubst" />
        <action name="insertTableOfContents" type="pubst" />
        <action name="insertNewDynamicDocument" type="pubst" />
        <action name="insertNewPartsList" type="pubst" />
        <action name="insertIndex" type="pubst" />
        <!-- <action name="insertNewPlaceholder" type="corestruct"/> -->
        

        <action name="checkInOutGroupGWT" type="pubst" />
        <action name="pubstCheckoutGWT" type="pubst" />
        <action name="pubstUndoCheckoutGWT" type="pubst" />
        <action name="checkinGWT" type="psb" />
        <action name="checkoutItems" type="corestruct" />
        <action name="findCheckoutItemsGWT" type="pubst" />
        <action name="findAllCheckoutItemsGWT" type="corestruct" />
        <action name="findAllCheckoutItemsInInfoStructGWT" type="pubst" />

	    <action name="clipboardGroupGWT" type="psb" />
	    <action name="pasteFromClipboardToTreeWithLargeIconGWT" type="corestruct" />
	    <action name="copyToWindchillWithLargeIconGWT" type="corestruct" />
	    <action name="pasteFromClipboardToTreeGWT" type="corestruct" />
	    <action name="pasteSelectToTreeGWT" type="corestruct" />

        <action name="viewingGroupGWT" type="pubst" />
        <action name="configurableTableViewGWT" type="cat" />
        <action name="configurableTableViewListGWT" type="cat" />
        <action name="separator" type="separator" />
        <action name="saveStructureViewGWT" type="cat" />
        <action name="configurableTableViewManagerGWT" type="cat" />
        <action name="displayGWT" type="cat" />
        <action name="selectAllGWT" type="cat" />
        <action name="separator" type="separator" />
        <action name="expandAllLevelsFromRootGWT" type="cat" />				<!-- Changes start for story b-126253 starts-->
		<action name="psbExpandSubmenuGWT" type="psb" />
        <action name="expandOneLevelGWT" type="cat" />						<!-- creating submenuitem expand by 1 level -->
		<action name="expandTwoLevelsGWT" type="cat" />						<!-- expand by 2 levels 					-->
		<action name="expandThreeLevelsGWT" type="cat" />					<!-- expand by 3 levels 					-->
		<action name="expandFourLevelsGWT" type="cat" />					<!-- expand by 4 levels 					-->
		<action name="expandFiveLevelsGWT" type="cat" />					<!-- expand by 5 levels 					-->
		<action name="separator" type="separator" />						<!-- =======================================-->
		<action name="expandAllSelectedLevelsGWT" type="cat" />				<!-- expand by all levels 					-->
		<action name="expandNLevelsGWT" type="cat" />						<!-- expand by n levels 					-->
		<action name="collapseAllLevelsGWT" type="cat" />					<!-- collapse all levels 					-->
		<action name="psbEndExpandSubmenuGWT" type="psb" />					<!-- Changes end for story b-126253 ends 	-->
        <action name="separator" type="separator" />
        <action name="refreshGWT" type="corestruct" />

        <action name="newAddToGroupGWT" type="pubst" />
        <action name="newActionsGWT" type="pubst" />
        <action name="saveAsGWT" type="pubst" />
        <action name="saveAsMasterCopyGWT" type="pubst" />
        <action name="replaceWithLocalCopy" type="pubst" />
        <action name="separator" type="separator"/>
        <action name="newPromotionRequestGWT" type="corestruct"/>

        <action name="addToActionsGWT" type="psb" />
        <action name="addToBaselineGWT" type="pubst"/>
        <action name="addToPackageGWT" type="pubst" />
        <action name="addToProjectGWT" type="pubst" />

        <action name="filterGroupGWT" type="ec" />
        <action name="editFilterWithLargeIconGWT" type="ec" />
        <action name="filterPropertiesSplitGWT" type="corestruct"/>
      	<action name="filterPropertiesGWT" type="ec"/>
      	<action name="generateFilterGWT" type="corestruct"/>

        <action name="savedFiltersGWT" type="ec" />

		<action name="PublishGroup" type="pubst"/>
		<action name="publishPubstRepresentationGWT" type="pubst" />

        <action name="toolsGroupGWT" type="psb" />
        <action name="openActionsPubst" type="pubst" />
        <action name="openInPubStructureEditor" type="pubst"/>
        <action name="openAllTopicsInArbortextEditor" type="pubst"/>
	    <action name="openContentInArbortextEditor" type="pubst"/>
	    <action name="openContentInPartsListEditor" type="pubst"/>

        <action name="psbReportsGroupGWT" type="psb" />
        <action name="psbReportsGWT" type="psb" />
        <action name="aspsReportDeliveryContentGWT" type="asps" />
	    
    </model>

    <model name="pubNodeCompare">
        <action name="wtObjCompare" type="ocmp"/>                                <!-- Compare Information -->
        <action name="launchStructureCompare" type="structureCompare"/>          <!-- Compare to Part Structure -->
    </model>

    <!-- Context menu for Pub Struct tree in Info Page's Structure tab -->
    <model name="pubstTreeContextMenu">
        <action name="viewInfoGWT" type="cat" />
        <action name="separator" type="separator" />
        <submodel name="pubstOpenInSubmenu" />
        <action name="separator" type="separator" />
        <submodel name="pubstInsertNew" />
        <submodel name="pubstInsertExisting" />
        <action name="removePSGWT" type="pubst" />
        <submodel name="pubstEditTreeContextSubmenuGWT" />
        <action name="separator" type="separator" />
        <action name="checkinGWT" type="psb" />
        <action name="pubstCheckoutGWT" type="pubst" />
        <action name="pubstUndoCheckoutGWT" type="pubst" />
        <action name="separator" type="separator"/>
        <action name="copyToWindchillGWT" type="corestruct" />
        <action name="pasteFromClipboardToTreeGWT" type="corestruct" />
       	<submodel name="expandSelectedBy" />								<!-- Changes for story b-126253 -->
        <action name="separator" type="separator" />
        <submodel name="pubstNewTreeContextSubmenuGWT"/>
        <action name="separator" type="separator" />
        <submodel name="pubstAddToTreeContextSubmenuGWT"/>
        <action name="separator" type="separator" />
        <action name="publishPubstRepresentationGWTCM" type="pubst" />
        <action name="separator" type="separator" />
        <action name="generateTranslationDocument" type="asps" />
        <!-- Should only be uncommented for customers who need the Create Full Baseline action
        <action name="createFullBaseline" type="corestruct" />
        -->
        <action name="separator" type="separator" />
        <action name="manageApplicability" type="corestruct"/> <!-- Manage Applicability -->
      <action name="multiManageApplicability" type="corestruct"/> <!-- Multi Manage Applicability -->
        
        <action name="regenerate" type="corestruct"/>
  
        <action name="aspsReportDeliveryContentGWT" type="asps" />
    </model>

    <model name="expandSelectedBy" resourceBundle="com.ptc.arbortext.windchill.pubstruct.pubstActionsRB">	<!-- Changes for story b-126253 starts		-->
    	<action name="expandOneLevelGWT" type="cat" />														<!-- creating submenuitem expand by 1 level	-->
		<action name="expandTwoLevelsGWT" type="cat" />														<!-- expand by 2 level   					-->
		<action name="expandThreeLevelsGWT" type="cat" />													<!-- expand by 3 level   					-->
		<action name="expandFourLevelsGWT" type="cat" />													<!-- expand by 4 levels  					-->
      	<action name="expandFiveLevelsGWT" type="cat" />													<!-- expand by 5 levels  					-->
		<action name="separator" type="separator" />														<!-- =======================================-->
		<action name="expandAllSelectedLevelsGWT" type="cat" />												<!-- expand by all level 					-->
		<action name="expandNLevelsGWT" type="cat" />														<!-- expand by n level   					-->
    </model>

    <!-- Pub Struct tree view context menu Insert New sub-menu -->
    <model name="pubstInsertNew" resourceBundle="com.ptc.arbortext.windchill.pubstruct.pubstActionsRB">
        <action name="insertNewPublicationSection" type="pubst" />
        <action name="insertMultipleNewPublicationSection" type="pubst" />
        <action name="insertTableOfContents" type="pubst" />
        <action name="insertNewDynamicDocument" type="pubst" />
        <action name="insertNewPartsList" type="pubst" />
        <action name="insertIndex" type="pubst" />
        <action name="insertNewExternalPublicationRef" type="rules"/>    
        <action name="insertNewListOfEffectiveDataModules" type="rules"/>
        <action name="insertNewChangeRecord" type="rules"/>
        <action name="insertNewHighlights" type="rules"/>
        <!-- <action name="insertNewPlaceholder" type="corestruct"/> -->
    </model>

    <!-- Pub Struct tree view context menu Insert Existing sub-menu -->
    <model name="pubstInsertExisting" resourceBundle="com.ptc.arbortext.windchill.pubstruct.pubstActionsRB">
        <action name="insertExistingContent" type="pubst" />
        <action name="insertExistingPublicationSection" type="pubst" />
        <action name="insertExistingPublicationStructure" type="pubst" />
    </model>

    <!-- Pub Struct tree view context menu Open In sub-menu for PubStructure and PubSection -->
    <model name="pubstOpenInSubmenu" resourceBundle="com.ptc.arbortext.windchill.pubstruct.pubstActionsRB">
        <action name="openInPubStructureEditor" type="pubst"/>
        <action name="openAllTopicsInArbortextEditor" type="pubst"/>
	    <action name="openContentInArbortextEditor" type="pubst"/>
	    <action name="openContentInPartsListEditor" type="pubst"/>
    </model>

    <!-- Pub Struct tree view context menu New sub-menu -->
    <model name="pubstNewTreeContextSubmenuGWT" resourceBundle="com.ptc.arbortext.windchill.pubstruct.pubstActionsRB">
        <action name="saveAsGWT" type="pubst" />
        <action name="saveAsMasterCopyGWT" type="pubst" />
        <action name="replaceWithLocalCopy" type="pubst" />
        <action name="separator" type="separator"/>
        <action name="newPromotionRequestGWT" type="corestruct"/>
    </model>

    <!-- Pub Struct tree view context menu AddTo sub-menu -->
    <model name="pubstAddToTreeContextSubmenuGWT" resourceBundle="com.ptc.arbortext.windchill.pubstruct.pubstActionsRB">
        <action name="addToBaselineGWT" type="pubst"/>
        <action name="addToPackageGWT" type="pubst" />
        <action name="addToProjectGWT" type="pubst" />
    </model>

    <!-- Pub Struct tree view context menu Edit sub-menu -->
    <model name="pubstEditTreeContextSubmenuGWT" resourceBundle="com.ptc.arbortext.windchill.pubstruct.pubstActionsRB">
        <action name="editGWT" type="pubst"/>
        <action name="renameGWT" type="pubst" />
        <action name="separator" type="separator" />                      <!-- ===================================== -->
        <action name="setMultiLanguageGWT" type="pubst" />
        <action name="unSetMultiLanguageGWT" type="pubst" />
    </model>

    <model name="pubstIndicatorActionModel">
        <action name="replacementsGWT" type="pubst" />
    </model>

    <model name="pubstFindCheckedOutItemsToolBar">
        <action name="checkinAndRemoveGWT" type="pubst" />
        <action name="undocheckoutAndRemoveGWT" type="pubst" />
        <action name="separator" type="separator" />
        <action name="compareInfoGWT" type="pubst" />
    </model>

    <model name="pubstFindCheckedOutItemsContextMenu">
        <action name="checkinAndRemoveGWT" type="pubst" />
        <action name="undocheckoutAndRemoveGWT" type="pubst" />
        <action name="separator" type="separator" />
        <action name="compareInfoGWT" type="pubst" />
    </model>

    <!--  Toolbar buttons for Pub Struct table -->
    <model name="pubstructtable toolbar actions">
        <action name="createPubStructWizard" type="arbortext" shortcut="true" />
        <action name="createPubStructWizard" type="rules" shortcut="true"/>
        <action name="separator" type="separator" />
        <action name="pubstTableActionsOpenInPubStructureEditor" type="pubst"/>  <!-- Open in PubStructure Editor -->
        <action name="separator" type="separator" />
        <action name="WFMULTISAVEAS" type="folder" shortcut="true" />
        <action name="list_copy" type="object" />
        <action name="list_delete" type="object" shortcut="true" />
        <action name="refresh" type="cat" shortcut="true"/>
    </model>

    <!--  Context menu for Pub Struct table -->
    <model name="pubstTableContextMenu">
        <action name="view" type="object" />                              <!-- View Information -->
        <action name="separator" type="separator" />                      <!-- ===================================== -->
        <action name="actionListOpenInPubStructureEditor" type="pubst"/>  <!-- Open in PubStructure Editor -->
        <action name="separator" type="separator" />                      <!-- ===================================== -->
        <action name="checkin" type="wip" />                              <!-- Check In -->
        <action name="checkout" type="wip" />                             <!-- Check Out -->
        <action name="undocheckout" type="object" />                      <!-- Undo Checkout -->
        <action name="separator" type="separator" />                      <!-- ===================================== -->
        <action name="editJCA" type="pubst" />                            <!-- Edit Attributes... -->
        <action name="renameJCA" type="pubst" />                          <!-- Rename... -->
        <action name="separator" type="separator" />                      <!-- ===================================== -->
        <action name="copy" type="object" />                              <!-- Copy -->
        <action name="WFSAVEAS" type="pdmObject" />                       <!-- Save As -->
        <action name="MULTI_OBJ_DELETE" type="pdmObject" />               <!-- Delete (Non-Information page) -->
        <action name="saveAsMasterCopy" type="pubst"/>
    </model>

    <!--  Pub Struct information page tab set -->
    <model name="pubstructInfoPageTabSet" resourceBundle="com.ptc.core.ui.navigationRB">
        <submodel name="pubstructDetails" />
        <action name="pubstructStructureGWT" type="pubst" />
        <submodel name="pubstructRepresentations" />
        <submodel name="pubstructChanges" />
    </model>

    <!-- Information page Actions list AND Folders View for PubStructure nodes -->
	<model name="pubstruct.row.actions" menufor="WCTYPE|wt.part.WTPart|com.ptc.sis.Base|com.ptc.sis.BaseDiv|com.ptc.sis.PsSection|com.ptc.sis.PsRoot">
	<action name="createPSTranslationPackage" type="simTranslation"/>        <!-- Create Translation Package - Optional Windchill translation application -->
	<action name="cancelPSTranslationPackage" type="simTranslation"/>        <!-- Cancel Translation Package - Optional Windchill translation application -->
        <action name="separator" type="separator" />                             <!-- ===================================== -->
        <action name="view" type="object"/>                                      <!-- View Information -->
        <action name="separator" type="separator" />                             <!-- ===================================== -->
        <submodel name="pubstructActionListOpenInSubmenu" />                     <!-- Open in ==> -->
        <action name="separator" type="separator" />                             <!-- ===================================== -->
        <action name="checkin" type="wip" />                                     <!-- Check In -->
        <action name="checkout" type="wip"/>                                     <!-- Check Out -->
        <action name="undocheckout" type="object" />                             <!-- Undo Checkout -->
        <action name="editJCA" type="pubst" />                                   <!-- Edit Attributes... -->
        <action name="editItemOptionRules" type="filterTemplate"/>  <!-- Edit Item Option Rules -->
        <action name="REVISEITEMS" type="pdmObject"/>                            <!-- Revise -->
        <action name="separator" type="separator" />                             <!-- ===================================== -->
        <submodel name="pubstructActionListNew"/>                                <!-- New ==> -->
        <action name="separator" type="separator" />                             <!-- ===================================== -->
        <action name="copy" type="object" />                                     <!-- Copy -->
        <action name="WFSAVEAS" type="pdmObject" />                              <!-- Save As -->
        <action name="renameJCA" type="pubst"/>                                  <!-- Rename -->
        <action name="route" type="workflow" />                                  <!-- Route -->
        <action name="CONTAINERMOVE" type="pdmObject" />                         <!-- Move -->
        <action name="setState" type="lifecycle" />                              <!-- Set State -->
        <action name="MULTI_OBJ_DELETE" type="pdmObject" />                      <!-- Delete (Non-Information page) -->
        <action name="MULTI_OBJ_DELETE_DETAILS" type="pdmObject" />              <!-- Delete (Information page) -->
        <action name="deleteIterations" type="object" />                         <!-- Delete Non-latest Iterations -->
        <action name="reassignLC" type="lifecycle" />                            <!-- Reassign Life Cycle -->
        <action name="assignView" type="part" />                                 <!-- Reassign View -->
        <action name="separator" type="separator" />                             <!-- ===================================== -->
        <action name="publishPubstRepresentation" type="pubst" />                <!-- Publish Representation -->
        <action name="separator" type="separator" />                             <!-- ===================================== -->
        <submodel name="pubstructActionListAddTo"/>                              <!-- Add to ==> -->
        <action name="separator" type="separator" />                             <!-- ===================================== -->
        <submodel name="pubstructActionListCompare"/>                            <!-- Compare ==> -->
        <action name="separator" type="separator" />                             <!-- ===================================== -->
        <action name="separator" type="separator" />                             <!-- ===================================== -->
        <action name="ManageSecurity" type="accessPermission"/>                  <!-- Edit Access Control -->
        <action name="EDITSECURITYLABELS" type="object"/>                        <!-- Edit Security Labels -->
        <action name="createSubscription" type="subscription"/>                  <!-- Subscribe -->
    </model>

    <!-- Information page Actions list AND Folders View for PubSection nodes -->
	<model name="pubsection.row.actions" menufor="WCTYPE|wt.part.WTPart|com.ptc.sis.Base|com.ptc.sis.BaseDiv|com.ptc.sis.PsSection">
        <action name="view" type="object"/>                                      <!-- View Information -->
        <action name="separator" type="separator" />                             <!-- ===================================== -->
        <submodel name="pubstructActionListOpenInSubmenu" />                     <!-- Open in ==> -->
        <action name="separator" type="separator" />                             <!-- ===================================== -->
        <action name="checkin" type="wip" />                                     <!-- Check In -->
        <action name="checkout" type="wip"/>                                     <!-- Check Out -->
        <action name="undocheckout" type="object" />                             <!-- Undo Checkout -->
        <action name="editJCA" type="pubst" />                               <!-- Edit Attributes... -->
       <action name="editItemOptionRules" type="filterTemplate"/>  <!-- Edit Item Option Rules -->
        <action name="REVISEITEMS" type="pdmObject"/>                            <!-- Revise -->
        <action name="separator" type="separator" />                             <!-- ===================================== -->
        <submodel name="pubstructActionListNew"/>                                <!-- New ==> -->
        <action name="separator" type="separator" />                             <!-- ===================================== -->
        <action name="copy" type="object" />                                     <!-- Copy -->
        <action name="WFSAVEAS" type="pdmObject" />                              <!-- Save As -->
        <action name="renameJCA" type="pubst"/>                             <!-- Rename -->
        <action name="route" type="workflow" />                                  <!-- Route -->
        <action name="CONTAINERMOVE" type="pdmObject" />                         <!-- Move -->
        <action name="setState" type="lifecycle" />                              <!-- Set State -->
        <action name="MULTI_OBJ_DELETE" type="pdmObject" />                      <!-- Delete (Non-Information page) -->
        <action name="MULTI_OBJ_DELETE_DETAILS" type="pdmObject" />              <!-- Delete (Information page) -->
        <action name="deleteIterations" type="object" />                         <!-- Delete Non-latest Iterations -->
        <action name="reassignLC" type="lifecycle" />                            <!-- Reassign Life Cycle -->
        <action name="assignView" type="part" />                                 <!-- Reassign View -->
        <action name="separator" type="separator" />                             <!-- ===================================== -->
        <action name="publishPubstRepresentation" type="pubst" />                <!-- Publish Representation -->
        <action name="separator" type="separator" />                             <!-- ===================================== -->
        <submodel name="pubSectionActionListAddTo"/>                             <!-- Add to ==> -->
        <action name="separator" type="separator" />                             <!-- ===================================== -->
        <submodel name="pubstructActionListCompare"/>                            <!-- Compare ==> -->
        <action name="separator" type="separator" />                             <!-- ===================================== -->
        <action name="separator" type="separator" />                             <!-- ===================================== -->
        <action name="ManageSecurity" type="accessPermission"/>                  <!-- Edit Access Control -->
        <action name="EDITSECURITYLABELS" type="object"/>                        <!-- Edit Security Labels -->		   				 <!-- Manage Security ==> -->
        <action name="createSubscription" type="subscription"/>                  <!-- Subscribe -->
    </model>

    <!-- Information page Actions list AND Folders View for PubSpecial (TOC and Index) nodes -->
	<model name="pubspecial.row.actions" menufor="WCTYPE|wt.part.WTPart|com.ptc.sis.Base|com.ptc.sis.Content|com.ptc.sis.PsSpecial">
        <action name="view" type="object"/>                                      <!-- View Information -->
        <action name="separator" type="separator" />                             <!-- ===================================== -->
        <action name="checkin" type="wip" />                                     <!-- Check In -->
        <action name="checkout" type="wip"/>                                     <!-- Check Out -->
        <action name="undocheckout" type="object" />                             <!-- Undo Checkout -->
        <action name="editJCA" type="pubst" />                                   <!-- Edit Attributes... -->
        <action name="editItemOptionRules" type="filterTemplate"/>               <!-- Edit Item Option Rules -->
        <action name="REVISEITEMS" type="pdmObject"/>                            <!-- Revise -->
        <action name="separator" type="separator" />                             <!-- ===================================== -->
        <submodel name="pubstructActionListNew"/>                                <!-- New                                 > -->
        <action name="separator" type="separator" />                             <!-- ===================================== -->
        <action name="renameJCA" type="pubst"/>                                  <!-- Rename -->
        <action name="route" type="workflow" />                                  <!-- Route -->
        <action name="CONTAINERMOVE" type="pdmObject" />                         <!-- Move -->
        <action name="setState" type="lifecycle" />                              <!-- Set State -->
        <action name="MULTI_OBJ_DELETE" type="pdmObject" />                      <!-- Delete (Non-Information page) -->
        <action name="MULTI_OBJ_DELETE_DETAILS" type="pdmObject" />              <!-- Delete (Information page) -->
        <action name="deleteIterations" type="object" />                         <!-- Delete Non-latest Iterations -->
        <action name="reassignLC" type="lifecycle" />                            <!-- Reassign Life Cycle -->
        <action name="assignView" type="part" />                                 <!-- Reassign View -->
        <action name="separator" type="separator" />                             <!-- ===================================== -->
        <submodel name="pubSectionActionListAddTo"/>                             <!-- Add to ==> -->
        <action name="separator" type="separator" />                             <!-- ===================================== -->
        <submodel name="pubstructActionListCompare"/>                            <!-- Compare ==> -->
        <action name="separator" type="separator" />                             <!-- ===================================== -->
        <action name="ManageSecurity" type="accessPermission"/>                  <!-- Edit Access Control -->
        <action name="EDITSECURITYLABELS" type="object"/>                        <!-- Edit Security Labels -->		   				 <!-- Manage Security ==> -->
        <action name="createSubscription" type="subscription"/>                  <!-- Subscribe -->
    </model>

    <!-- Information page Actions list AND Folders View "Open In" sub-menu for PubStructure and PubSection nodes -->
    <model name="pubstructActionListOpenInSubmenu" resourceBundle="com.ptc.arbortext.windchill.pubstruct.pubstActionsRB">
        <action name="openProductView" type="wvs"/>                              <!-- Open in ProductView -->
        <action name="actionListOpenInPubStructureEditor" type="pubst"/>         <!-- Open in PubStructure Editor -->
        <action name="openAllTopicsInArbortextEditorJSP" type="pubst"/>
	    <action name="openContentInArbortextEditorJSP" type="pubst"/>            <!-- Open Content in Arbortext Editor -->
    </model>

    <!-- Information page Actions list AND Folders View "New" sub-menu for PubStructure and PubSection nodes -->
    <model name="pubstructActionListNew" resourceBundle="com.ptc.arbortext.windchill.pubstruct.pubstActionsRB">
        <action name="create" type="changeNotice"/>                   <!-- New Change Notice -->
        <action name="create" type="changeRequest" />                 <!-- New Change Request -->
        <action name="create" type="problemReport" />                 <!-- New Problem Report -->
        <action name="create" type="variance" />                      <!-- New Variance -->
        <action name="create" type="promotionRequest" />              <!-- New Promotion Request -->
        <action name="newViewVersion" type="part" />                  <!-- New View Version-->
    </model>

    <!-- Information page Actions list AND Folders View "Add to" sub-menu for PubStructure nodes -->
    <model name="pubstructActionListAddTo" resourceBundle="com.ptc.arbortext.windchill.pubstruct.pubstActionsRB">
        <action name="addToBaselineSingle" type="baseline" />                   <!-- Add to Baseline -->
        <action name="addToManagedCollectionSingle" type="managedcollection" /> <!-- Add to Managed Collection -->
        <action name="bookmarkIt" type="bookmark" />                            <!-- Add to Notebook -->
        <action name="addToPackageSingle" type="wpcollection"/>                <!-- Add to Package -->
        <action name="SBAddToPrj" type="sandbox" />                             <!-- Add to Project -->
    </model>

    <!-- Information page Actions list AND Folders View "Add to" sub-menu for PubSection nodes -->
    <model name="pubSectionActionListAddTo" resourceBundle="com.ptc.arbortext.windchill.pubstruct.pubstActionsRB">
        <action name="addToBaselineSingle" type="baseline" />                   <!-- Add to Baseline -->
        <action name="addToManagedCollectionSingle" type="managedcollection" /> <!-- Add to Managed Collection -->
        <action name="bookmarkIt" type="bookmark" />                            <!-- Add to Notebook -->
        <action name="addToPackageSingle" type="wpcollection" />                <!-- Add to Package -->
    </model>

    <!-- Pub Struct Action List Compare sub-menu -->
    <model name="pubstructActionListCompare" resourceBundle="com.ptc.arbortext.windchill.pubstruct.pubstActionsRB">
        <action name="wtObjCompare" type="ocmp" />                        <!-- Compare Information -->
        <action name="launchStructureCompare" type="structureCompare" />  <!-- Compare to Part Structure -->
    </model>

    <!-- Info sets to show on Pub Struct Info page Details tab -->
    <model name="pubstructDetails" resourceBundle="com.ptc.arbortext.windchill.pubstruct.pubstActionsRB">
        <action name="visualizationAndAttributes" type="object" />
        <!-- action for showing Applicabilty info. TBD. Need info from ASPS team. -->
        <action name="whereUsed" type="object" />
    </model>

    <!-- Info sets to show on Representations tab for Pub Struct -->
    <model name="pubstructRepresentations" resourceBundle="com.ptc.arbortext.windchill.pubstruct.pubstActionsRB">
        <action name="repsAndMarkups" type="wvs" />
        <action name="publishedContent" type="object" />
    </model>

    <!-- Info sets to show on Changes tab for Pub Struct -->
    <model name="pubstructChanges" resourceBundle="com.ptc.arbortext.windchill.pubstruct.pubstActionsRB">
        <action name="relatedChangeIssues" type="change" />
        <action name="relatedChangeRequests" type="change" />
        <action name="relatedAffectedByChangeNotices" type="change" />
        <action name="relatedResultingFromChangeNotices" type="change" />
    </model>

    <!-- Info sets to show on History tab for Pub Struct -->
    <model name="pubstructHistory" resourceBundle="com.ptc.arbortext.windchill.pubstruct.pubstActionsRB">
        <action name="versionHistory" type="history" />
        <action name="timelineHistory" type="history" />
    </model>

    <!-- Pub Struct information page 3rd level nav menu bar -->
    <model name="third_level_nav_pubstruct" resourceBundle="com.ptc.core.ui.navigationRB">
        <submodel name="pubstruct_general" />       <!-- General (customized for Pub Struct)  -->
       	<submodel name="changes"/>         	    <!-- Change (use default part change menu) -->
        <submodel name="pubstruct_relatedItems" />  <!-- Related Objects (customized for Pub Struct) -->
        <submodel name="pubstruct_history" />       <!-- History (customized for Pub Struct) -->
        <submodel name="pubstruct_collaboration" />           <!-- Collaboration (use default part collab menu) -->
    </model>

    <!-- Pub Struct specific General menu for 3rd level nav menu bar -->
    <model name="pubstruct_general" resourceBundle="com.ptc.arbortext.windchill.pubstruct.pubstActionsRB">
        <description>General 3rd level nav menu for Publication Structure</description>
        <action name="visualizationAndAttributes" type="object" />      <!-- Visualization and Attributes -->
        <action name="attributes" type="object"/>  			            <!-- More Attributes -->
        <action name="separator" type="separator" />                    <!-- ===================================== -->
        <action name="choices" type="choiceMappable"/>                  <!-- Assigned Choices -->
        <action name="listAssignedOptionSet" type="filterTemplate"/>    <!-- Assigned Option Sets -->
        <action name="separator" type="separator" />                    <!-- ===================================== -->
        <action name="reference" type="notebook" />                     <!-- Notebook -->
        <action name="separator" type="separator" />                    <!-- ===================================== -->
        <action name="whereUsed" type="object" />                       <!-- Where Used -->
        <action name="separator" type="separator" />                    <!-- ===================================== -->
        <action name="repsAndMarkups" type="wvs" />                     <!-- Representations -->
    </model>

    <!-- Pub Struct specific Related Objects menu for 3rd level nav menu bar -->
    <model name="pubstruct_relatedItems" resourceBundle="com.ptc.arbortext.windchill.pubstruct.pubstActionsRB">
        <description>Related Objects 3rd level nav menu for Publication Structure</description>
        <action name="relatedActionItems" type="actionitem" />               <!-- Action Items -->
        <action name="annotationSets" type="annotation" />                   <!-- Annotations -->
        <action name="relatedBaselines" type="object" />                     <!-- Baselines -->
        <action name="relatedContexts" type="object" />                      <!-- Contexts -->
        <action name="relatedManagedCollection" type="managedcollection" />  <!-- Managed Collections -->
        <action name="relatedNotes" type="note" />                           <!-- Notes -->
        <action name="relatedPackages" type="wp" />                          <!-- Packages -->
        <action name="separator" type="separator" />                         <!-- ================================ -->
        <action name="relatedPartsCADDocuments" type="part" />               <!-- CAD/Dynamic Documents -->
        <action name="relatedPartsDocuments" type="part" />                  <!-- Described By Documents -->
        <action name="relatedPartsReferences" type="part" />                 <!-- References Documents -->
        <action name="translationSummary" type="translation"/>             <!-- Translation Summary -->
        <action name="translationContent" type="translation"/>             <!-- Translation Content -->
    </model>

    <!-- Pub Struct specific History menu for 3rd level nav menu bar -->
    <model name="pubstruct_history" resourceBundle="com.ptc.arbortext.windchill.pubstruct.pubstActionsRB">
        <description>History 3rd level nav menu for Publication Structure</description>
        <action name="timelineHistory" type="history" />     <!-- Timeline -->
        <action name="separator" type="separator" />         <!-- ================================ -->
        <action name="maturityHistory" type="history" />     <!-- Maturity History -->
        <action name="versionHistory" type="history" />      <!-- Verion History -->
        <action name="separator" type="separator" />         <!-- ================================ -->
        <action name="processHistory" type="workflow" />     <!-- Routing/Process History -->
        <action name="separator" type="separator" />         <!-- ================================ -->
        <action name="renameHistory" type="object" />        <!-- Rename History -->
        <action name="saveAsHistory" type="history" />       <!-- Save-As History -->
    </model>

    <model name="pubstruct_collaboration" resourceBundle="com.ptc.arbortext.windchill.pubstruct.pubstActionsRB">
	<description>Collaboration 3rd level nav menu for pub struct</description>
	<action name="discuss" type="forum"/>
	<action name="objectSubscriptions" type="subscription"/>
    </model>

    <!-- Pub Section information page tab set -->
    <model name="pubsectionInfoPageTabSet" resourceBundle="com.ptc.core.ui.navigationRB">
        <submodel name="pubstructDetails" /> <!-- Reuse for Pub Sections -->
        <action name="pubstructStructureGWT" type="pubst" /> <!-- Structure Editor on Pub Section -->
        <submodel name="pubstructRepresentations" />
        <submodel name="pubstructChanges" />
    </model>

    <!-- PubSpecial information page tab set -->
    <model name="pubspecialInfoPageTabSet" resourceBundle="com.ptc.core.ui.navigationRB">
        <submodel name="pubspecialDetails" />
    </model>

    <!-- Info sets to show on PubSpecial Info page Details tab -->
    <model name="pubspecialDetails" resourceBundle="com.ptc.arbortext.windchill.pubstruct.pubstActionsRB">
        <action name="visualizationAndAttributes" type="object" />
    </model>

    <!-- Side-by-side Information Structure (formerly ASPS) toolbar -->
    <model name="PubstASPS.toolbar">
        <action name="insertIntoPublicationStructureGroup" type="pubst"/>
        <action name="insertBeforeIntoPubSt" type="pubst"/>
        <action name="insertAsFirstChildIntoPubSt" type="pubst"/>
        <action name="insertAfterIntoPubSt" type="pubst"/>
        <action name="insertAsLastChildIntoPubSt" type="pubst"/>

        <action name="viewingGroupGWT" type="pubst" />
        <action name="configurableTableViewGWT" type="cat" />
        <action name="configurableTableViewListGWT" type="cat" />
        <action name="separator" type="separator" />
        <action name="saveStructureViewGWT" type="cat" />
        <action name="configurableTableViewManagerGWT" type="cat" />
        <action name="displayGWT" type="cat" />
        <action name="selectAllGWT" type="cat" />
        <action name="separator" type="separator" />
        <action name="expandAllLevelsFromRootGWT" type="cat" />				<!-- Changes start for story b-126253 starts	-->
		<action name="psbExpandSubmenuGWT" type="psb" />
        <action name="expandOneLevelGWT" type="cat" />						<!-- creating submenuitem expand by 1 level  	-->
		<action name="expandTwoLevelsGWT" type="cat" />						<!-- expand by 2 levels 						-->
		<action name="expandThreeLevelsGWT" type="cat" />					<!-- expand by 3 levels 						-->
		<action name="expandFourLevelsGWT" type="cat" />					<!-- expand by 4 levels 						-->
		<action name="expandFiveLevelsGWT" type="cat" />					<!-- expand by 5 levels 						-->
		<action name="separator" type="separator" />						<!-- =======================================	-->
		<action name="expandAllSelectedLevelsGWT" type="cat" />				<!-- expand by all levels						-->
		<action name="expandNLevelsGWT" type="cat" />						<!-- expand by n levels 						-->
		<action name="collapseAllLevelsGWT" type="cat" />					<!-- collapse all levels 						-->
		<action name="psbEndExpandSubmenuGWT" type="psb" />					<!-- Changes end for story b-126253 ends 		-->
		<action name="separator" type="separator" />						<!-- =======================================	-->
        <action name="openIS" type="pubst" />
        <action name="openISList" type="pubst" />
        <action name="displayPrimaryIS" type="pubst"/>
        <action name="separator" type="separator" />
        <action name="refreshGWT" type="corestruct" />

        <action name="filterGroupGWT" type="ec" />
        <action name="editFilterWithLargeIconGWT" type="ec" />
        <action name="filterPropertiesGWT" type="ec" />
        <action name="savedFiltersGWT" type="ec" />
    </model>

    <!-- Side-by-Side Information Structure (formerly ASPS) tree view context menu -->
    <model name="PubstASPS.contextmenu">
        <action name="insertBeforeIntoPubSt" type="pubst"/>
        <action name="insertAfterIntoPubSt" type="pubst"/>
        <action name="insertAsFirstChildIntoPubSt" type="pubst"/>
        <action name="insertAsLastChildIntoPubSt" type="pubst"/>
        <action name="copyToWindchillGWT" type="corestruct" />				<!-- Change for story b-127592  -->
        <action name="openInISTab" type="pubst"/>
        <action name="displayPrimaryIS" type="pubst"/>
        <action name="separator" type="separator" />
        <submodel name="expandSelectedBy" />								<!-- Change for story b-126253  -->
    </model>


    <model name="editLinkATO button pubstruct">
       <action name="corestructLinkItemChoiceGWT" type="corestruct"/>
   </model>

   <model name="PubSt.informationElementList.toolbar">
	  <action name="refreshIE" type="pubst"/>
      <action name="separator" type="separator"/>
	  <action name="openInEditorIE" type="corestruct"/>
	  <action name="openInPartsListEditorIE" type="corestruct"/>
      <action name="separator" type="separator"/>
   </model>

   <model name="PubSt.informationElementList.contextmenu">
      <action name="viewInfoGWT" type="cat"/>
      <action name="separator" type="separator"/>
	  <action name="openInEditorIE" type="corestruct"/>
	  <action name="openInPartsListEditorIE" type="corestruct"/>
      <action name="separator" type="separator"/>
      <action name="copyToWindchillGWT" type="corestruct" />
      <action name="separator" type="separator"/>
   </model>

</actionmodels>
