<?xml version="1.0"?>
<listofactions>
   <objecttype name="pubst" class="wt.part.WTPart" resourceBundle="com.ptc.arbortext.windchill.pubstruct.pubstActionsRB">

		<action name="removePSGWT">
         <command class="com.ptc.arbortext.windchill.pubstruct.client.action.PubStRemoveAction"/>
         	<includeFilter name="com.ptc.cat.ui.client.internal.action.OneOrMoreSelectionFilter"/>
			<includeFilter name="com.ptc.cat.ui.client.internal.action.HaveParentFilter"/>
			<includeFilter name="com.ptc.cat.ui.client.internal.action.IsNotUnspecifiedIterationFilter"/>
      </action>		
		<action name="pubstCheckoutGWT">
         <command class="com.ptc.cat.ui.client.internal.action.CheckoutAction"/>
			<includeFilter name="com.ptc.cat.ui.client.internal.action.OneOrMoreSelectionFilter"/>
         <includeFilter name="com.ptc.cat.ui.client.internal.action.CheckinFilter"/>
			<includeFilter name="com.ptc.cat.ui.client.internal.action.IsNotUnspecifiedIterationFilter"/>
         <includeFilter name="com.ptc.cat.ui.client.internal.action.WTPartTypeFilter"/>
         <includeFilter name="pubstCheckoutGWT" />
      </action>
      <action name="checkinAndRemoveGWT">
		<command class="com.ptc.arbortext.windchill.corestruct.client.action.CoreStructCheckInDifferentContextsAndRemoveRowAction"/>
			<includeFilter name="com.ptc.cat.ui.client.internal.action.OneOrMoreSelectionFilter"/>
		<includeFilter name="com.ptc.cat.ui.client.internal.action.IsNotUnspecifiedIterationFilter"/>
		<includeFilter name="com.ptc.cat.ui.client.internal.action.CheckoutConsiderSiteAdminFilter"/>
      </action>
		<action name="pubstUndoCheckoutGWT">
         <command class="com.ptc.cat.ui.client.internal.action.UndoCheckoutAction"/>
			<includeFilter name="com.ptc.cat.ui.client.internal.action.OneOrMoreSelectionFilter"/>
         <includeFilter name="com.ptc.cat.ui.client.internal.action.CheckoutConsiderSiteAdminFilter"/>
			<includeFilter name="com.ptc.cat.ui.client.internal.action.IsNotUnspecifiedIterationFilter"/>
      </action>
		<action name="undocheckoutAndRemoveGWT">
			<command class="com.ptc.arbortext.windchill.corestruct.client.action.CoreStructUndoCheckoutsInDifferentContextsAndRemoveRowAction" />
			<includeFilter name="com.ptc.cat.ui.client.internal.action.OneOrMoreSelectionFilter"/>
			<includeFilter name="com.ptc.cat.ui.client.internal.action.IsNotUnspecifiedIterationFilter"/>
			<includeFilter name="com.ptc.cat.ui.client.internal.action.CheckoutConsiderSiteAdminFilter"/>
      </action>
		<action name="replacementsGWT" ajax="true">
         <command class="com.ptc.cat.ui.client.action.ManageReplacementAction"/>
			<includeFilter name="com.ptc.cat.ui.client.internal.action.OneSelectionFilter"/>
			<includeFilter name="com.ptc.cat.ui.client.internal.action.HaveParentFilter"/>
      </action>
      <action name="pubstructStructureGWT" resourceBundle="com.ptc.arbortext.windchill.pubstruct.pubstActionsRB">
         <command url="netmarkets/jsp/pubst/pubst.jsp"/>
      </action>
		<action name="saveAsGWT" uicomponent="SAVE_AS" ajax="component">
			<command class="com.ptc.cat.ui.client.action.SaveAsAction" method="execute" url="/servlet/WindchillAuthGW/wt.enterprise.URLProcessor/URLTemplateAction" windowType="popup"/>
			<includeFilter name="com.ptc.cat.ui.client.internal.action.OneOrMoreSelectionFilter"/>
			<includeFilter name="com.ptc.cat.ui.client.internal.action.IsNotUnspecifiedIterationFilter"/>
            <includeFilter name="com.ptc.arbortext.windchill.pubstruct.client.filters.PubStDivTextOrPartListFilter"/>
      </action>
		<action name="editingGroupGWT">
         <command class="com.ptc.cat.ui.client.action.NoAction"/>
      </action>
		<action name="checkInOutGroupGWT">
         <command class="com.ptc.cat.ui.client.action.NoAction"/>
      </action>
		<action name="findCheckoutItemsGWT">
			<command class="com.ptc.arbortext.windchill.pubstruct.client.action.PubStFindCheckedOutItemsAction"/>
		</action>
       <action name="compareInfoGWT" ajax="row">
           <command class="com.ptc.cat.ui.client.action.CompareInformationAction" method="execute" url="/ptc1/ocmp/common/tailoringDialog?" windowType="popup"/>
           <includeFilter name="com.ptc.cat.ui.client.internal.action.OneSelectionFilter"/>
           <includeFilter name="com.ptc.cat.ui.client.internal.action.IsNotUnspecifiedIterationFilter"/>
       </action>


		<action name="pasteFromClipboardToTableGWT" uicomponent="PASTE">
			<command class="com.ptc.cat.gxt.client.action.PasteAction"/>
			<includeFilter name="com.ptc.cat.ui.client.internal.action.IsNotUnspecifiedIterationFilter"/>
		</action>

		<action name="pasteSelectToTableGWT" uicomponent="PASTE" ajax="row">
			<command class="com.ptc.cat.ui.client.action.PasteSelectPartsAction"/>
			<includeFilter name="com.ptc.cat.ui.client.internal.action.IsNotUnspecifiedIterationFilter"/>
		</action>

		<action name="selectInTreeGWT">
			<command class="com.ptc.cat.gxt.client.action.SelectInStructureTreeAction"/>
            <includeFilter name="com.ptc.cat.ui.client.internal.action.OneSelectionFilter"/>
		</action>

		<action name="selectInTableGWT">
			<command class="com.ptc.cat.gxt.client.action.SelectInUsesTabAction"/>
			<includeFilter name="com.ptc.cat.ui.client.internal.action.OneSelectionFilter"/>
			<includeFilter name="com.ptc.cat.ui.client.internal.action.HaveParentFilter"/>
		</action>

		<action name="viewingGroupGWT">
            <command class="com.ptc.cat.ui.client.action.NoAction"/>
        </action>

		<action name="toolsGroupGWT">
            <command class="com.ptc.cat.ui.client.action.NoAction"/>
        </action>

		<action name="openActionsPubst">
            <command class="com.ptc.cat.ui.client.action.NoAction"/>
        </action>       
        
		<action name="newActionsGWT">
            <command class="com.ptc.cat.ui.client.action.NoAction"/>
        </action>

  		<action name="PublishGroup">
            <command class="com.ptc.cat.ui.client.action.NoAction"/>
        </action>

		<action name="openInPubStructureEditor">
			<command class="com.ptc.arbortext.windchill.pubstruct.client.action.OpenInPubStructEditorAction"/>
            <includeFilter name="com.ptc.cat.ui.client.internal.action.OneSelectionFilter"/>
			<includeFilter name="com.ptc.cat.ui.client.internal.action.IsNotUnspecifiedIterationFilter"/>
			<includeFilter name="com.ptc.arbortext.windchill.pubstruct.client.filters.PubPsDivTypeFilter"/>
			<includeFilter name="com.ptc.arbortext.windchill.corestruct.client.filters.NotRootNodeFilter"/>		
		</action>

        <action name="actionListOpenInPubStructureEditor">
               <command url="/app/#ptc1/tcomp/infoPage?tabAction=pubstructStructureGWT&amp;tabType=pubst" windowType="page"/>
		</action>

		<action name="pubstTableActionsOpenInPubStructureEditor" ajax="page" multiselect="false" selectRequired="true">
			<command windowType="no_content" onClick="goToPubStructEditor(table)"/>
		</action>

		<action name="openContentInArbortextEditor">
			<command class="com.ptc.arbortext.windchill.corestruct.client.action.OpenInEditorAction"/>
			<includeFilter name="com.ptc.cat.ui.client.internal.action.OneSelectionFilter"/>
			<includeFilter name="com.ptc.cat.ui.client.internal.action.IsNotUnspecifiedIterationFilter"/>
            <includeFilter name="openContentInArbortextEditor"/>
		</action>

		<action name="openContentInArbortextEditorJSP">
			<command windowType="page" url="/netmarkets/jsp/corestruct/openInEditor.jsp"/>
			<includeFilter name="com.ptc.cat.ui.client.internal.action.OneSelectionFilter"/>
			<includeFilter name="com.ptc.cat.ui.client.internal.action.IsNotUnspecifiedIterationFilter"/>
			<includeFilter name="psSectionOpenContentInArbortextEditorValidator"/>
		</action>

		<action name="openAllTopicsInArbortextEditor">
		  <command class="com.ptc.arbortext.windchill.pubstruct.client.action.OpenAllTopicsInEditorAction"/>
            <includeFilter name="com.ptc.cat.ui.client.internal.action.OneSelectionFilter"/>
            <includeFilter name="com.ptc.cat.ui.client.internal.action.IsNotUnspecifiedIterationFilter"/>
          	<includeFilter name="com.ptc.arbortext.windchill.pubstruct.client.filters.PubPsDivTypeFilter"/>
            <includeFilter name="openAllTopicsInArbortextEditor"/>
		</action>

		<action name="openAllTopicsInArbortextEditorJSP">
			<command windowType="page" url="/netmarkets/jsp/pubst/openAllTopicsInEditor.jsp"/>
			<includeFilter name="com.ptc.cat.ui.client.internal.action.IsNotUnspecifiedIterationFilter"/>
          	<includeFilter name="com.ptc.arbortext.windchill.pubstruct.client.filters.PubPsDivTypeFilter"/>
		</action>

		<action name="openContentInPartsListEditor">
			<command class="com.ptc.arbortext.windchill.corestruct.client.action.OpenInPartsListEditorAction"/>
			<includeFilter name="com.ptc.cat.ui.client.internal.action.OneSelectionFilter"/>
			<includeFilter name="com.ptc.cat.ui.client.internal.action.IsNotUnspecifiedIterationFilter"/>
          		<includeFilter name="com.ptc.arbortext.windchill.corestruct.client.filters.PartsListTypeFilter"/>
		</action>


		<!-- TODO: Deprecated. Use insertExistingPartStructureGWT instead -->
		<action name="addusage">
			<command class="com.ptc.cat.gxt.client.action.AddAction"/>
			<includeFilter name="com.ptc.cat.ui.client.internal.action.OneSelectionFilter"/>
			<includeFilter name="com.ptc.cat.ui.client.internal.action.IsNotUnspecifiedIterationFilter"/>
		</action>
		<!-- TODO: Deprecated. Use checkinGWT instead -->
		<action name="checkin1">
			<command class="com.ptc.cat.ui.client.internal.action.CheckinAction"/>
			<includeFilter name="com.ptc.cat.ui.client.internal.action.OneOrMoreSelectionFilter"/>
			<includeFilter name="com.ptc.cat.ui.client.internal.action.CheckoutFilter"/>
			<includeFilter name="com.ptc.cat.ui.client.internal.action.IsNotUnspecifiedIterationFilter"/>
		</action>

		<!-- TODO: Deprecated. Use checkoutGWT instead -->
		<action name="checkout">
			<command class="com.ptc.cat.ui.client.internal.action.CheckoutAction"/>
			<includeFilter name="com.ptc.cat.ui.client.internal.action.OneOrMoreSelectionFilter"/>
			<includeFilter name="com.ptc.cat.ui.client.internal.action.CheckinFilter"/>
			<includeFilter name="com.ptc.cat.ui.client.internal.action.IsNotUnspecifiedIterationFilter"/>
		</action>

		<!-- TODO: Deprecated. Use compareActionsGWT instead -->
		<action name="compareActions">
			<command class="com.ptc.cat.ui.client.action.NoAction"/>
		</action>

		<action name="newAddToGroupGWT">
			<command class="com.ptc.cat.ui.client.action.NoAction"/>
		</action>

		<action name="PublishGroup">
			<command class="com.ptc.cat.ui.client.action.NoAction"/>
		</action>


      <!-- Following are actions added specifically to support Publication Structures -->
      <action name="insertExisting">
            <command class="com.ptc.cat.ui.client.action.NoAction"/>
            <includeFilter name="com.ptc.cat.ui.client.internal.action.IsNotUnspecifiedIterationFilter"/>
            <includeFilter name="com.ptc.cat.ui.client.internal.action.OneSelectionFilter"/>
            <includeFilter name="com.ptc.arbortext.windchill.corestruct.client.filters.LatestIterationFilter"/>
            <includeFilter name="com.ptc.arbortext.windchill.corestruct.client.filters.IsPubDivFilter"/>
            <nonSupportedTypes>
 				<type value="wt.part.Placeholder"/>
    		</nonSupportedTypes>
      </action>
      <action name="insertExistingContent">
            <command class="com.ptc.arbortext.windchill.pubstruct.client.action.AddContentAction"/>
            <includeFilter name="com.ptc.cat.ui.client.internal.action.OneSelectionFilter"/>
            <includeFilter name="com.ptc.arbortext.windchill.corestruct.client.filters.LatestIterationFilter"/>
            <includeFilter name="com.ptc.arbortext.windchill.corestruct.client.filters.IsPubDivFilter"/>
            <nonSupportedTypes>
 				<type value="wt.part.Placeholder"/>
    		</nonSupportedTypes>
      </action>
      <action name="insertExistingPublicationSection">
            <command class="com.ptc.arbortext.windchill.pubstruct.client.action.AddPubSectionAction"/>
            <includeFilter name="com.ptc.cat.ui.client.internal.action.OneSelectionFilter"/>
            <includeFilter name="com.ptc.arbortext.windchill.corestruct.client.filters.LatestIterationFilter"/>
            <includeFilter name="com.ptc.arbortext.windchill.corestruct.client.filters.TextInGenericIEFilter" />
            <includeFilter name="com.ptc.arbortext.windchill.pubstruct.client.filters.IsGenericIETopNodeFilter" />
            <includeFilter name="com.ptc.arbortext.windchill.corestruct.client.filters.IsPubDivFilter"/>
            <nonSupportedTypes>
 				<type value="wt.part.Placeholder"/>
    		</nonSupportedTypes>
      </action>
      <action name="insertExistingPublicationStructure">
            <command class="com.ptc.arbortext.windchill.pubstruct.client.action.AddPubStructAction"/>
            <includeFilter name="com.ptc.cat.ui.client.internal.action.OneSelectionFilter"/>
            <includeFilter name="com.ptc.arbortext.windchill.corestruct.client.filters.LatestIterationFilter"/>
            <includeFilter name="com.ptc.arbortext.windchill.corestruct.client.filters.TextInGenericIEFilter" />
            <includeFilter name="com.ptc.arbortext.windchill.pubstruct.client.filters.IsGenericIETopNodeFilter" />
            <includeFilter name="com.ptc.arbortext.windchill.corestruct.client.filters.IsPubDivFilter"/>
            <nonSupportedTypes>
 				<type value="wt.part.Placeholder"/>
    		</nonSupportedTypes>
      </action>
      <action name="insertNew">
            <command class="com.ptc.cat.ui.client.action.NoAction"/>
            <includeFilter name="com.ptc.cat.ui.client.internal.action.IsNotUnspecifiedIterationFilter"/>
            <includeFilter name="com.ptc.cat.ui.client.internal.action.OneSelectionFilter"/>
            <includeFilter name="com.ptc.arbortext.windchill.corestruct.client.filters.LatestIterationFilter"/>            
            <includeFilter name="com.ptc.arbortext.windchill.corestruct.client.filters.IsPubDivFilter"/>
            <nonSupportedTypes>
 				<type value="wt.part.Placeholder"/>
    		</nonSupportedTypes>
      </action>
      <action name="insertNewPublicationSection">
            <command class="com.ptc.arbortext.windchill.pubstruct.client.action.InsertNewPubSectionAction"/>
            <includeFilter name="com.ptc.cat.ui.client.internal.action.OneSelectionFilter"/>
            <includeFilter name="com.ptc.arbortext.windchill.corestruct.client.filters.LatestIterationFilter"/>
            <includeFilter name="com.ptc.arbortext.windchill.corestruct.client.filters.TextInGenericIEFilter" />
            <includeFilter name="com.ptc.arbortext.windchill.pubstruct.client.filters.IsGenericIETopNodeFilter" />
            <includeFilter name="com.ptc.arbortext.windchill.corestruct.client.filters.IsPubDivFilter"/>
            <nonSupportedTypes>
 				<type value="wt.part.Placeholder"/>
    		</nonSupportedTypes>
      </action>
      <action name="insertMultipleNewPublicationSection">
       	    <command class="com.ptc.arbortext.windchill.pubstruct.client.action.InsertMultipleNewPubSectionAction"/>
       	    <includeFilter name="com.ptc.cat.ui.client.internal.action.OneSelectionFilter"/>
       	    <includeFilter name="com.ptc.arbortext.windchill.corestruct.client.filters.LatestIterationFilter"/>
            <includeFilter name="com.ptc.arbortext.windchill.corestruct.client.filters.TextInGenericIEFilter" />
            <includeFilter name="com.ptc.arbortext.windchill.pubstruct.client.filters.IsGenericIETopNodeFilter" />
            <includeFilter name="com.ptc.arbortext.windchill.corestruct.client.filters.IsPubDivFilter"/>
            <nonSupportedTypes>
 				<type value="wt.part.Placeholder"/>
    		</nonSupportedTypes>
      </action>
      <action name="setAttributesWizStepForCreateMultiPart" ajax="row" required="true" preloadWizardPage="false" afterVK="nameNumberValidation">
     	    <command windowType="wizard_step"/>
       </action>
      <action name="insertTableOfContents">
            <command class="com.ptc.arbortext.windchill.pubstruct.client.action.AddPubTocMarkerAction"/>
            <includeFilter name="com.ptc.cat.ui.client.internal.action.OneSelectionFilter"/>
            <includeFilter name="com.ptc.arbortext.windchill.pubstruct.client.filters.PubStDivTextOrPartListFilter"/>
            <includeFilter name="com.ptc.arbortext.windchill.corestruct.client.filters.LatestIterationFilter"/>
            <includeFilter name="com.ptc.arbortext.windchill.corestruct.client.filters.TextInGenericIEFilter" />
            <includeFilter name="com.ptc.arbortext.windchill.corestruct.client.filters.GenericIEFilter" />
            <includeFilter name="com.ptc.arbortext.windchill.corestruct.client.filters.IsPubDivFilter"/>
      </action>
      <action name="insertIndex">
            <command class="com.ptc.arbortext.windchill.pubstruct.client.action.AddPubIndexMarkerAction"/>
            <includeFilter name="com.ptc.cat.ui.client.internal.action.OneSelectionFilter"/>
            <includeFilter name="com.ptc.arbortext.windchill.pubstruct.client.filters.PubStDivTextOrPartListFilter"/>
            <includeFilter name="com.ptc.arbortext.windchill.corestruct.client.filters.LatestIterationFilter"/>
            <includeFilter name="com.ptc.arbortext.windchill.corestruct.client.filters.TextInGenericIEFilter" />
            <includeFilter name="com.ptc.arbortext.windchill.corestruct.client.filters.GenericIEFilter" />
            <includeFilter name="com.ptc.arbortext.windchill.corestruct.client.filters.IsPubDivFilter"/>
      </action>
		<action name="insertNewDynamicDocument">
			<command class="com.ptc.arbortext.windchill.corestruct.client.action.CreateDynamicDocumentAction"
				url="?hideInContainerType=sis.Product"/>
			<includeFilter name="com.ptc.cat.ui.client.internal.action.OneSelectionFilter" />
			<includeFilter name="com.ptc.arbortext.windchill.corestruct.client.filters.IsPubDivFilter"/>
			<includeFilter name="com.ptc.arbortext.windchill.corestruct.client.filters.NotCheckedOutToOtherFilter" />
			<includeFilter name="hideInContainerTypeFilter"/>
			<nonSupportedTypes>
 				<type value="wt.part.Placeholder"/>
    		</nonSupportedTypes>
		</action>
		
		<action name="insertNewPartsList">
			<command class="com.ptc.arbortext.windchill.corestruct.client.action.CreatePartListAction"
				url="?hideInContainerType=sis.Product"/>
			<includeFilter name="com.ptc.arbortext.windchill.corestruct.client.filters.TextInGenericIEFilter" />
			<includeFilter name="com.ptc.cat.ui.client.internal.action.OneSelectionFilter" />
			<includeFilter name="com.ptc.arbortext.windchill.corestruct.client.filters.PartsListInstalledFilter" />
			<includeFilter name="com.ptc.arbortext.windchill.corestruct.client.filters.NotCheckedOutToOtherFilter" />
			<includeFilter name="com.ptc.arbortext.windchill.pubstruct.client.filters.IsGenericIETopNodeFilter" />
			<includeFilter name="com.ptc.arbortext.windchill.corestruct.client.filters.IsPubDivFilter"/>
			<includeFilter name="hideInContainerTypeFilter"/>
			<nonSupportedTypes>
 				<type value="wt.part.Placeholder"/>
    		</nonSupportedTypes>
		</action>
       <action name="replaceWithLocalCopy" uicomponent="REPLACE_WITH_LOCAL_COPY">
            <command class="com.ptc.arbortext.windchill.pubstruct.client.action.ReplaceWithLocalCopyAction"/>
            <includeFilter name="com.ptc.cat.ui.client.internal.action.OneSelectionFilter"/>
      	    <includeFilter name="com.ptc.arbortext.windchill.pubstruct.client.filters.NotCheckedOutFilter"/>
            <includeFilter name="replaceWithLocalCopy"/>
            <!-- Don't allow replace with local copy on IEs until we can enforce copying of content too.  Story 4583609 -->
            <nonSupportedTypes>
                 <type value="com.ptc.sis.ContentRef"/>
            </nonSupportedTypes>

      </action>
      <action name="saveAsMasterCopyGWT" uicomponent="SAVE_AS_MASTER_STRUCTURE">
            <command class="com.ptc.arbortext.windchill.pubstruct.client.action.SaveAsMasterAction"/>
            <includeFilter name="com.ptc.cat.ui.client.internal.action.OneSelectionFilter"/>
       	    <includeFilter name="com.ptc.arbortext.windchill.pubstruct.client.filters.PubStructRootFilter"/>
      </action>
      <action name="insertBeforeIntoPubSt">
      	<command class="com.ptc.arbortext.windchill.pubstruct.client.action.InsertBeforeIntoPubStAction"
      		url="?pubStRootLinkType=sis.s1000D.publicationModuleLink&amp;applyConstraintsInContainerType=sis.Product"/>
      	<!-- filters for ASPS tree -->
      	<includeFilter name="com.ptc.arbortext.windchill.pubstruct.client.filters.PubDocRefExceptIllustrationTypeFilter"/>
      	<!-- filters for Pubstruct tree -->
        <includeFilter name="com.ptc.arbortext.windchill.pubstruct.client.filters.TextInGenericIEPubstTreeFilter" />
      	<includeFilter name="com.ptc.arbortext.windchill.pubstruct.client.filters.NotPubStRootNodeFilter"/>
      	<includeFilter name="com.ptc.arbortext.windchill.pubstruct.client.filters.OneSelectionInPubStTreeFilterForInsertActions"/>
      	<includeFilter name="com.ptc.arbortext.windchill.pubstruct.client.filters.LatestIterationInPubStTreeFilter"/>
      	<includeFilter name="pubStRootLinkFilter"/>
      	<includeFilter name="insertBeforeAfterAssociationConstraintFilter"/>
      </action>
      <action name="insertAfterIntoPubSt">
      	<command class="com.ptc.arbortext.windchill.pubstruct.client.action.InsertIntoPubStAction"
      		url="?pubStRootLinkType=sis.s1000D.publicationModuleLink&amp;applyConstraintsInContainerType=sis.Product"/>
      	<!-- filters for ASPS tree -->
      	<includeFilter name="com.ptc.arbortext.windchill.pubstruct.client.filters.PubDocRefExceptIllustrationTypeFilter"/>
      	<!-- filters for Pubstruct tree -->
        <includeFilter name="com.ptc.arbortext.windchill.pubstruct.client.filters.TextInGenericIEPubstTreeFilter" />
      	<includeFilter name="com.ptc.arbortext.windchill.pubstruct.client.filters.NotPubStRootNodeFilter"/>
      	<includeFilter name="com.ptc.arbortext.windchill.pubstruct.client.filters.OneSelectionInPubStTreeFilterForInsertActions"/>
      	<includeFilter name="com.ptc.arbortext.windchill.pubstruct.client.filters.LatestIterationInPubStTreeFilter"/>
      	<includeFilter name="pubStRootLinkFilter"/>
      	<includeFilter name="insertBeforeAfterAssociationConstraintFilter"/>
      </action>
      <action name="insertAsFirstChildIntoPubSt">
      	<command class="com.ptc.arbortext.windchill.pubstruct.client.action.InsertAsFirstChildIntoPubStAction"
      		url="?pubStRootLinkType=sis.s1000D.publicationModuleLink&amp;applyConstraintsInContainerType=sis.Product"/>
      	<includeFilter name="com.ptc.arbortext.windchill.pubstruct.client.filters.PubDocRefForGenericIETypeFilter"/>
      	<!-- filters for ASPS tree -->
	    <supportedTypes>
			<type value="com.ptc.sis.TextualContentRef"/>
			<type value="com.ptc.sis.PartsListRef"/>
			<type value="com.ptc.sis.IsGroup"/>
			<type value="com.ptc.sis.GenericIE"/>
			<type value="sis.InformationControlNumberHolder"/>
		</supportedTypes>
      	<!-- filters for Pubstruct tree -->
      	<includeFilter name="com.ptc.arbortext.windchill.pubstruct.client.filters.PubPsDivTypeFilterForInsertActions"/>
      	<includeFilter name="com.ptc.arbortext.windchill.pubstruct.client.filters.OneSelectionInPubStTreeFilterForInsertActions"/>
      	<includeFilter name="com.ptc.arbortext.windchill.pubstruct.client.filters.LatestIterationInPubStTreeFilter"/>
      	<includeFilter name="pubStRootLinkFilter"/>
      	<includeFilter name="associationConstraintFilter"/>
      </action>
      <action name="insertAsLastChildIntoPubSt">
      	<command class="com.ptc.arbortext.windchill.pubstruct.client.action.InsertAsLastChildIntoPubStAction"
      		url="?pubStRootLinkType=sis.s1000D.publicationModuleLink&amp;applyConstraintsInContainerType=sis.Product"/>
      	<includeFilter name="com.ptc.arbortext.windchill.pubstruct.client.filters.PubDocRefForGenericIETypeFilter"/>
      	<!-- filters for ASPS tree -->
	    <supportedTypes>
			<type value="com.ptc.sis.TextualContentRef"/>
			<type value="com.ptc.sis.PartsListRef"/>
			<type value="com.ptc.sis.IsGroup"/>
			<type value="com.ptc.sis.GenericIE"/>
			<type value="sis.InformationControlNumberHolder"/>
		</supportedTypes>
      	<!-- filters for Pubstruct tree -->
      	<includeFilter name="com.ptc.arbortext.windchill.pubstruct.client.filters.PubPsDivTypeFilterForInsertActions"/>
      	<includeFilter name="com.ptc.arbortext.windchill.pubstruct.client.filters.OneSelectionInPubStTreeFilterForInsertActions"/>
      	<includeFilter name="com.ptc.arbortext.windchill.pubstruct.client.filters.LatestIterationInPubStTreeFilter"/>
      	<includeFilter name="pubStRootLinkFilter"/>
      	<includeFilter name="associationConstraintFilter"/>
      </action>
      <action name="insertIntoPublicationStructureGroup">
		<command class="com.ptc.cat.ui.client.action.NoAction"/>
	  </action>
      <!-- Override of CAT action to use ServiceContentTypeFilter -->
      <action name="copyToWindchillGWT" uicomponent="COPY">
        <command class="com.ptc.cat.gxt.client.action.CopyAction"/>

        <includeFilter name="com.ptc.arbortext.windchill.pubstruct.client.filters.ServiceContentTypeFilter"/><includeFilter name="com.ptc.cat.ui.client.internal.action.IsNotUnspecifiedIterationFilter"/>
      </action>

      <action name="publishPubstRepresentation" resourceBundle="com.ptc.arbortext.windchill.corestruct.newrep.NewRepResource" uicomponent="PUBLISH_REPRESENTATION">
        <command class="com.ptc.arbortext.windchill.corestruct.newrep.NewRepFormProcessor" method="execute" windowType="popup" url="netmarkets/jsp/corestruct/newrep/newRepWizard.jsp"/>
      </action>

      <action name="publishPubstRepresentationGWT" resourceBundle="com.ptc.arbortext.windchill.corestruct.newrep.NewRepResource" ajax="component" uicomponent="PUBLISH_REPRESENTATION">
        <command class="com.ptc.arbortext.windchill.pubstruct.client.action.PublishPubstRepresentationAction" method="execute" windowType="popup"/>
        <includeFilter name="com.ptc.arbortext.windchill.pubstruct.client.filters.PubStDivTextOrPartListFilter"/>
        <includeFilter name="com.ptc.arbortext.windchill.pubstruct.client.filters.OneSelectionInPubStTreeFilter"/>
      </action>

      <action name="publishPubstRepresentationGWTCM" resourceBundle="com.ptc.arbortext.windchill.corestruct.newrep.NewRepResource" ajax="component" uicomponent="PUBLISH_REPRESENTATION">
        <command class="com.ptc.arbortext.windchill.pubstruct.client.action.PublishPubstRepresentationAction" method="execute" windowType="popup"/>
        <includeFilter name="com.ptc.arbortext.windchill.pubstruct.client.filters.PubStDivTextOrPartListFilter"/>
        <includeFilter name="com.ptc.arbortext.windchill.pubstruct.client.filters.OneSelectionInPubStTreeFilter"/>
      </action>

      <action name="saveAsMasterCopy" uicomponent="SAVE_AS_MASTER_STRUCTURE">
   	<description>Save As Master Copy UI</description>
    	<command class="com.ptc.arbortext.windchill.corestruct.forms.SaveAsMasterCopyFormProcessor" url="/netmarkets/jsp/corestruct/saveAsMasterCopy.jsp" windowType="popup"/>
        <includeFilter name="com.ptc.arbortext.windchill.pubstruct.client.filters.PubStructRootFilter"/>
      </action>

      <action name="generateTranslationDocument" uicomponent="GENERATE_TRANSLATION_DOCUMENT">
      	<command class="com.ptc.arbortext.windchill.corestruct.client.action.GenerateLocalizationFileAction"/>
      	<includeFilter name="com.ptc.cat.ui.client.internal.action.IsRootNodeFilter"/>
      	<includeFilter name="com.ptc.cat.ui.client.internal.action.OneSelectionFilter"/>
      	<includeFilter name="com.ptc.arbortext.windchill.pubstruct.client.filters.PubPsDivTypeFilter"/>
      </action>

      <action name="addToBaselineGWT" ajax="component">
         <command class="com.ptc.cat.ui.client.action.AddToBaselineAction" method="execute" url="/ptc1/baseline/addToBaseline" windowType="popup"/>
         <includeFilter name="com.ptc.cat.ui.client.internal.action.IsNotUnspecifiedIterationFilter"/>
         <includeFilter name="com.ptc.cat.ui.client.internal.action.OneOrMoreSelectionFilter"/>
         <includeFilter name="disableForNewObjectInWorkspace"/>
         <includeFilter name="com.ptc.cat.ui.client.internal.action.CheckinFilter"/>
         <includeFilter name="com.ptc.arbortext.windchill.pubstruct.client.filters.PubStDivTextOrPartListFilter"/>

      </action>

      <action name="addToPackageGWT" uicomponent="ADD_TO_PACKAGE" ajax="component">
         <command class="com.ptc.cat.ui.client.action.AddToPackageAction" method="execute" url="/ptc1/wpcollection/addToPackageSingle" windowType="popup"/>
         <includeFilter name="com.ptc.cat.ui.client.internal.action.OneSelectionFilter"/>
         <includeFilter name="com.ptc.cat.ui.client.internal.action.PackageObjectTypeFilter"/>
         <includeFilter name="com.ptc.cat.ui.client.internal.action.IsNotUnspecifiedIterationFilter"/>
         <includeFilter name="disableForNewObjectInWorkspace"/>
         <includeFilter name="com.ptc.cat.ui.client.internal.action.CheckinFilter"/>
         <includeFilter name="com.ptc.arbortext.windchill.pubstruct.client.filters.PubStDivTextOrPartListFilter"/>
         <includeFilter name="com.ptc.arbortext.windchill.corestruct.client.filters.GenericIEFilter" />
      </action>

      <action name="addToProjectGWT" uicomponent="ADD_TO_PROJECT" ajax="component">
        <command class="com.ptc.arbortext.windchill.pubstruct.client.action.AddToProjectAction" method="execute" url="/servlet/WindchillAuthGW/wt.enterprise.URLProcessor/URLTemplateAction" windowType="popup"/>
        <includeFilter name="isNotInProject"/>
        <includeFilter name="com.ptc.cat.ui.client.internal.action.IsNotUnspecifiedIterationFilter"/>
        <includeFilter name="com.ptc.cat.ui.client.internal.action.OneSelectionFilter"/>
        <includeFilter name="com.ptc.arbortext.windchill.pubstruct.client.filters.PubStructRootFilter"/>
        <includeFilter name="com.ptc.cat.ui.client.internal.action.CheckinFilter"/>
      </action>

             <!-- For displaying Edit Attributes dialog -->
      	   <action name="editSplitGWT" ajax="component">
      			<command class="com.ptc.arbortext.windchill.corestruct.client.action.EditCoreStructAction" method="execute" url="/netmarkets/jsp/corestruct/editCoreStruct?helpContext=PubStruct" windowType="popup"/>
      			<includeFilter name="com.ptc.cat.ui.client.internal.action.WTPartTypeFilter"/>
      			<includeFilter name="com.ptc.cat.ui.client.internal.action.OneSelectionFilter"/>
       		     	<includeFilter name="com.ptc.arbortext.windchill.corestruct.client.filters.LatestIterationFilter"/>
             </action>

             <!-- For displaying Edit Attributes dialog -->
             <action name="editGWT" ajax="component">
      			<command class="com.ptc.arbortext.windchill.corestruct.client.action.EditCoreStructAction" method="execute" url="/netmarkets/jsp/corestruct/editCoreStruct?helpContext=PubStruct" windowType="popup"/>
      			<includeFilter name="com.ptc.cat.ui.client.internal.action.WTPartTypeFilter"/>
      			<includeFilter name="com.ptc.cat.ui.client.internal.action.OneSelectionFilter"/>
                  <includeFilter name="com.ptc.cat.ui.client.internal.action.IsNotUnspecifiedIterationFilter"/>
             </action>

           	<!-- For displaying Edit Attributes dialog from Actions dropdown and the Pub Struct Table -->
              <action name="editJCA" ajax="row">
                <command class="com.ptc.arbortext.windchill.corestruct.forms.EditCoreStructureFormProcessor" method="execute" url="/netmarkets/jsp/corestruct/editCoreStruct?helpContext=PubStruct" windowType="popup"/>
      			<includeFilter name="com.ptc.cat.ui.client.internal.action.WTPartTypeFilter"/>
      			<includeFilter name="com.ptc.cat.ui.client.internal.action.OneSelectionFilter"/>
                  <includeFilter name="com.ptc.cat.ui.client.internal.action.IsNotUnspecifiedIterationFilter"/>
              </action>              

              <!-- Customized Edit Common Attributes dialog that just shows "Name" and
                   "Number", so we use this as our Rename action from within the Info Structure and Pub Struct Editor.
                   We define a new action here that is identical to the editCommonAttrsGWT action. -->
              <action name="renameGWT">
                 <command class="com.ptc.arbortext.windchill.corestruct.client.action.EditCoreStructCommonAttributesAction" method="execute" url="/netmarkets/jsp/corestruct/editCoreStructCommonAttrsWizard?helpContext=PubStruct" windowType="popup"/>
                 <includeFilter name="com.ptc.cat.ui.client.internal.action.OneSelectionFilter"/>
                 <includeFilter name="com.ptc.cat.ui.client.internal.action.IsNotUnspecifiedIterationFilter"/>
              </action>

              <!-- Customized Edit Common Attributes action that just shows "Name" and
                   "Number", so we use this as our Rename action from within the Info Structure and Pub Struct Editor.
                   Here we do similar to above action, but is for use with JCA...Actions dropdown and the Pub Struct Table.  -->
              <action name="renameJCA" ajax="row">
                 <command class="com.ptc.arbortext.windchill.corestruct.forms.EditCoreStructCommonAttrsFormProcessor" method="execute" url="/netmarkets/jsp/corestruct/editCoreStructCommonAttrsWizard?helpContext=PubStruct" windowType="popup"/>
                 <includeFilter name="com.ptc.cat.ui.client.internal.action.OneSelectionFilter"/>
                 <includeFilter name="com.ptc.cat.ui.client.internal.action.IsNotUnspecifiedIterationFilter"/>
              </action>

               <action name="setMultiLanguageGWT">
                 <command class="com.ptc.arbortext.windchill.pubstruct.client.action.SetPSMultiLanguageAction" />
                 <includeFilter name="com.ptc.cat.ui.client.internal.action.OneSelectionFilter"/>
				 <includeFilter name="showForReleaseOptIn_11_0_10" />
				 <includeFilter name="setlangValidator" />
                 <includeFilter name="com.ptc.cat.ui.client.internal.action.IsNotUnspecifiedIterationFilter"/>
                 <supportedTypes>
                    <type value="com.ptc.sis.PsRoot"/>
                 </supportedTypes>
              </action>
              
               <action name="unSetMultiLanguageGWT">
                 <command class="com.ptc.arbortext.windchill.pubstruct.client.action.UnSetPSMultiLanguageAction" />
                 <includeFilter name="com.ptc.cat.ui.client.internal.action.OneSelectionFilter"/>
				 <includeFilter name="showForReleaseOptIn_11_0_10" />
				 <includeFilter name="unSetlangValidator" />
                 <includeFilter name="com.ptc.cat.ui.client.internal.action.IsNotUnspecifiedIterationFilter"/>
                 <supportedTypes>
                    <type value="com.ptc.sis.PsRoot"/>
                 </supportedTypes>
              </action>

		<action name="refreshIE">
			<command class="com.ptc.arbortext.windchill.pubstruct.client.action.RefreshIEListAction" />
		</action>

         <action name="openInISTab">
            <command class="com.ptc.arbortext.windchill.pubstruct.client.action.OpenInISTabAction"/>
            <includeFilter name="com.ptc.cat.ui.client.internal.action.OneSelectionFilter"/>
            <includeFilter name="com.ptc.cat.ui.client.internal.action.IsNotRootStructureModelFilter"/>
            <includeFilter name="com.ptc.cat.ui.client.internal.action.HasChildrenFilter"/>
         </action>

         <action name="displayPrimaryIS">
            <command class="com.ptc.arbortext.windchill.pubstruct.client.action.DisplayPrimaryISAction"/>
         </action>
         
         <action name="openIS">
            <command class="com.ptc.cat.ui.client.action.NoAction"/>
         </action>

         <action name="openISList">
            <command class="com.ptc.arbortext.windchill.pubstruct.client.action.OpenISListAction"/>
         </action>
         
         <action name="findAllCheckoutItemsInInfoStructGWT">
            <command class="com.ptc.arbortext.windchill.pubstruct.client.action.PubstFindCheckedOutInfoStructItemsAction"/>
         </action>
    </objecttype>

    <objecttype name="arbortext" class="wt.part.WTPart" resourceBundle="com.ptc.core.ui.navigationRB">
       <action name="listPubStructures" checkaccess="true" uicomponent="PUBLICATION_STRUCTURES">
          <component name="arbortext.pubStructTable"/>
       </action>
       <action name="createPubStructWizard" ajax="row" checkaccess="true" uicomponent="NEW_PUBLICATION_STRUCTURE" resourceBundle="com.ptc.arbortext.windchill.pubstruct.pubstActionsRB">
          <command class="com.ptc.arbortext.windchill.pubstruct.forms.CreateNewPubStructureFormProcessor"
          	method="execute"
          	url="/netmarkets/jsp/pubst/createPubStructure?invokedfrom=table&amp;hideInContainerType=sis.Product&amp;dialogTypeId=createPubStruct"
          	windowType="popup"/>
          <includeFilter name="hideForNonSIS"/>
          <includeFilter name="hideInContainerTypeFilter"/>
       </action>

   </objecttype>

</listofactions>
