<?xml version="1.0" encoding="UTF-8"?>
<actionmodels resourceBundle="com.ptc.arbortext.windchill.rulespartseditor.RulesPartsEditorActionsRB">

	<model name="partsEditorService.ToolBar">
	  <action name="createServiceGWT" type="rulespartseditor"/>
      <action name="checkinGWT" type="rulespartseditor"/>
      <action name="deleteServiceGWT" type="rulespartseditor"/>
    </model>
	
	<model name="partsEditorModel.ToolBar">
	  <action name="createModelGWT" type="rulespartseditor"/>
      <action name="manageApplicability" type="partseditor"/>
      <action name="deleteModelGWT" type="rulespartseditor"/>
    </model>
    
    <model name="AADPartListInfoPageTabSet" resourceBundle="com.ptc.core.ui.navigationRB">
      <submodel name="partListInfoDetailsTab"/>
      <action name="partsEditorStructureGWT" type="partlist"/>
      <submodel name="changesTab"/>
      <submodel name="partListRepsAndMarkupsTab"/>
      <submodel name="aadpartListRelatedObjectsTab"/>
      <submodel name="partListHistoryTab"/>
      <submodel name="partListWhereUsedTab"/>
   </model>
   
   <!-- Modification of partListRelatedObjectsTab -->
   <model name="aadpartListRelatedObjectsTab" resourceBundle="com.ptc.arbortext.windchill.rulespartseditor.RulesPartsEditorActionsRB">
   	  <action name="illustratedPartDocs" type="rulespartseditor"/>
   	  
   	  <action name="illustrations" type="partlist"/>
      <action name="boms" type="partlist"/>
      <!--  use the object publishedContent action.  The tables now appear if published content has been generated -->
      <action name="plPublishedContent" type="partlist"/>
   </model>
   
   <model name="third_level_nav_aadpartlist" resourceBundle="com.ptc.arbortext.windchill.partlist.partListActionsRB">>
      <submodel name="partListGeneral"/>
      <submodel name="changes"/>
      <submodel name="aadpartListRelatedObjects"/>
      <submodel name="partListHistory"/>
      <submodel name="partListCollaboration"/>
   </model> 
   
   <model name="aadpartListRelatedObjects" resourceBundle="com.ptc.arbortext.windchill.partlist.partListActionsRB">
      <action name="partListRelatedActionItems" type="partlist"/> 			   <!-- Action Items -->
      <action name="relatedBaselines" type="object"/>					   <!-- Baselines -->
      <action name="partListRelatedContexts" type="partlist" />                      <!-- Contexts -->
      <action name="partListRelatedManagedCollection" type="partlist" />  <!-- Managed Collections -->
      <action name="separator" type="separator" /> 
      <action name="illustratedPartDocs" type="rulespartseditor"/>
      <action name="illustrations" type="partlist"/>
      <action name="boms" type="partlist"/>
      <!--  The Published Content table should appear all the time, so use our version of the action that doesn't use a validator,
      see spr 2078192 -->
      <action name="plPublishedContent" type="partlist"/>
      <action name="partListRelatedDeliverables" type="partlist" />             <!-- Deliverables -->
   </model>  
   
   <model name="illustratedPartDocsTableActions">
   	  <action name="generateContent" type="rulespartseditor" shortcut="true"/>
   	  <action name="showRelatedIPDHelp" type="rulespartseditor" shortcut="true"/>
   </model>
   
</actionmodels>
