<?xml version="1.0"?>
<!DOCTYPE listofactions SYSTEM 'actions.dtd'>
<listofactions>
	<objecttype name="rulespartseditor" resourceBundle="com.ptc.arbortext.windchill.rulespartseditor.RulesPartsEditorActionsRB">
	
	<action name="deleteServiceGWT" ajax="row">
			<command class="com.ptc.arbortext.windchill.rulespartseditor.structure.client.action.DeleteServiceAction"/>
			<includeFilter name="com.ptc.cat.ui.client.internal.action.OneOrMoreSelectionFilter"/>
		</action>
				
		<action name="createServiceGWT" ajax="row">
			<command class="com.ptc.arbortext.windchill.rulespartseditor.structure.client.action.AddServiceAction"/>
			<includeFilter name="com.ptc.arbortext.windchill.rulespartseditor.structure.client.action.TreePartListItemSelectedFilter"/>
			<includeFilter name="com.ptc.arbortext.windchill.rulespartseditor.structure.client.action.OneTreeNodeSelectionFilter"/>
		</action>
		
		<action name="deleteModelGWT" ajax="row">
			<command class="com.ptc.arbortext.windchill.rulespartseditor.structure.client.action.DeleteModelAction"/>
			<includeFilter name="com.ptc.cat.ui.client.internal.action.OneOrMoreSelectionFilter"/>
		</action>
		
		<action name="createModelGWT" ajax="row">
			<command class="com.ptc.arbortext.windchill.rulespartseditor.structure.client.action.AddModelAction" />
			<includeFilter name="com.ptc.arbortext.windchill.rulespartseditor.structure.client.action.OneServiceSelectedFilter"/>
		</action>
	
		<action name="illustratedPartDocs">
        	<component name="aadpartListRelatedObjects.illustratedPartDocs"/>
      	</action>
      	
      	<action name="generateContent" ajax="component">
        	<command class="com.ptc.arbortext.windchill.rulespartseditor.commands.RulesPartsEditorCommands" method="generateContent" onClick="changeIconToLoading(event)" />
        	<includeFilter name="generateContentValidator"/>
        </action>
        
        <action name="showRelatedIPDHelp">
        	<command url="/netmarkets/jsp/rulespartseditor/showHelp.jsp?helpId=s1000d310" windowType="popup" />
        </action>
		
		<action name="checkinGWT">
			<command class="com.ptc.arbortext.windchill.rulespartseditor.structure.client.action.TableCheckInAction"/>
			<includeFilter name="com.ptc.cat.ui.client.internal.action.OneOrMoreSelectionFilter"/>
			<includeFilter name="com.ptc.cat.ui.client.internal.action.IsNotUnspecifiedIterationFilter"/>
			<includeFilter name="com.ptc.cat.ui.client.internal.action.CheckoutConsiderSiteAdminFilter"/>
		</action>
		
		<action name="createICNToIllustrationLink" ajax="component" selectRequired="true" multiselect="false">
       		<command 	class="com.ptc.arbortext.windchill.rulespartseditor.forms.delegates.CreateIllustrationLinkFormProcessorDelegate"
						method="execute" 
						windowType="popup"
						onClick="onClickValidation(event,&apos;rulesCreate_IllustrationWizardRequest&apos;)"
						url="/netmarkets/jsp/rulespartseditor/createICNToIllustrationLink.jsp?type=sisaad.PartList" />
			<includeFilter name="enableOnTypeFilter"/>
    	</action>
	
		<action name="createICNToIllustrationLinkWizStep" id="createICNToIllustrationLinkWizStep" required="true" multiselect="false" >
			<command windowType="wizard_step" />
		</action>
				
	</objecttype>
</listofactions>
