<?xml version="1.0"?>
<listofactions>

    <objecttype name="sapsb" resourceBundle="com.ptc.arbortext.windchill.sapsb.sapsbActionsRB">

        <action name="launchInSAPSB" uicomponent="SAPSB">
            <command url="netmarkets/jsp/sapsb/launchInSAPSB.jsp" windowType="popup" />
            <includeFilter name="hideForNewObjectInWorkspace" />
        </action>
    			 
       <action name="removeAllEquivalenceLinkSAPSB"  >
         <command class="com.ptc.windchill.enterprise.associativity.asb.client.action.RemoveAllEquivalenceLinkAction"/>
         <includeFilter name="com.ptc.cat.ui.client.internal.action.OneOrMoreSelectionFilter"/>
         <includeFilter name="com.ptc.cat.ui.client.internal.action.IsNotUnspecifiedIterationFilter"/>
      </action>
      
       <action name="insertNewSAPSBDescDocGWT" uicomponent="CREATE_DOC" ajax="row">
          <command class="com.ptc.windchill.enterprise.associativity.part.apsb.client.action.APSBInsertNewDescDocAction" method="execute" url="/ptc1/document/create?invokedfrom=sapsb" windowType="popup" />
          <includeFilter name="com.ptc.windchill.baseclient.client.internal.filter.IsTreeModelCheckedOutAnotherUser" />
          <includeFilter name="disableForTableContextAdminLocked" />
       </action>
	
       <action name="insertNewSAPSBRefDocGWT" uicomponent="CREATE_DOC" ajax="row">
          <command class="com.ptc.windchill.enterprise.associativity.part.apsb.client.action.APSBInsertNewRefDocAction" method="execute" url="/ptc1/document/create?invokedfrom=sapsb" windowType="popup" />
          <includeFilter name="com.ptc.windchill.baseclient.client.internal.filter.IsTreeModelCheckedOutAnotherUser" />
          <includeFilter name="disableForTableContextAdminLocked" />
       </action>
       
       <action name="insertNewAPSBPartUsesGWT" uicomponent="CREATE_PART" ajax="row">
          <command class="com.ptc.cat.ui.client.action.InsertNewPartAction" method="execute" url="/ptc1/part/createPartWizard?revisionMode=create&amp;invokedfrom=sapsb&amp;showNewCADDocStep=true&amp;&amp;hideAssociatePart=true" windowType="popup"/>
          <includeFilter name="com.ptc.windchill.baseclient.client.internal.filter.IsTreeModelCheckedOutAnotherUser" />
          <includeFilter name="com.ptc.cat.ui.client.internal.action.ParentOriginalCopyFilter"/>
          <includeFilter name="disableForNewObjectInWorkspace"/>
          <includeFilter name="disableForTableContextAdminLocked"/>
          <includeFilter name="disableForPartToCadBuildTableContextAdminLocked"/>
          <supportedTypes>
              <type value="wt.part.WTPart"/>
              <type value="wt.part.WTPartMaster"/>
              <type value="wt.part.WTPartUsageLink"/>
              <type value="wt.part.PartUsesOccurrence"/>
              <type value="wt.part.RTPartPathOccurrence"/>
           </supportedTypes>	
       </action>
      
    </objecttype>

</listofactions>
