<?xml version="1.0"?>
<!DOCTYPE actionmodels SYSTEM '../../actionmodels.dtd'>

<actionmodels>

    <model name="sapsbPanelContextMenu">
    </model>

    <model name="sapsbTreePanelContextMenu">
    </model>

    <!-- ******* Tree Tool Bar Definitions ******* -->

    <model name="sapsbUpstreamSideToolBar">
		<!-- Begin Editing Group -->
        <action name="editingGroupASB" type="asb">
            <ribbonInfo buttonType="menu" buttonScale="small" />
        </action>
        <action name="insertExistingAPSBPartTreeGWT" type="apsb">
            <ribbonInfo buttonType="menuitem" />
        </action>
        <action name="insertPartStructureAPSB" type="apsb">
            <ribbonInfo buttonType="menuitem" />
        </action>
        <action name="insertMultiPartStructureAPSB" type="apsb">
            <ribbonInfo buttonType="menuitem" />
        </action>
        <action name="separator" type="separator"/>
		<action name="duplicatePartAPSB" type="apsb">
			<ribbonInfo buttonType="menuitem" />
		</action>
		<action name="separator" type="separator" />
		<action name="removePartsAPSB" type="apsb">
            <ribbonInfo buttonType="menuitem" />
        </action>
		<action name="separator" type="separator"/>
        <action name="assignOccurrencesOptionalityAPSBGWT" type="apsb">
            <ribbonInfo buttonType="menuitem" />
        </action>
        <action name="assignItemOptionalityAPSBGWT" type="apsb">
            <ribbonInfo buttonType="menuitem" />
        </action>
		<action name="mpmViewAssignedOccurrencesExpressionGWT" type="baseclient" >
            <ribbonInfo buttonType="menuitem" />
        </action>	
        <action name="mpmViewAssignedExpressionGWT" type="baseclient" >
            <ribbonInfo buttonType="menuitem" />
        </action>
        <action name="mpmCopyAssignedExpressionGWT" type="apsb">
            <ribbonInfo buttonType="menuitem" />
        </action>  
		
		<action name="mpmCopyAssignedOccurrencesExpressionGWT" type="apsb">
            <ribbonInfo buttonType="menuitem" />
        </action>
		
        <action name="separator" type="separator"/>
		<action name="editPartAPSB" type="apsb">
            <ribbonInfo buttonType="menuitem" />
        </action>
        <action name="editCommonAttrsGWT" type="psb">
            <ribbonInfo buttonType="menuitem" />
        </action>
        <!-- End Editing Group -->
        <!-- Begin Version Control Menu -->
        <action name="versionControlGroupASB" type="asb">
            <ribbonInfo buttonType="menu" buttonScale="small" />
        </action>
        <action name="asbCheckoutGWT" type="asb">
            <ribbonInfo buttonType="menuitem" />
        </action>
        <action name="asbCheckinGWT" type="asb">
            <ribbonInfo buttonType="menuitem" />
        </action>
        <action name="asbUndoCheckoutGWT" type="asb">
            <ribbonInfo buttonType="menuitem" />
        </action>
        <action name="separator" type="separator"/>
        <action name="findCheckoutItemsASPB" type="apsb">
            <ribbonInfo buttonType="menuitem" />
        </action>
        <!-- End Version Control Menu -->
		<!-- Begin Clipboard Control Menu -->
        <action name="clipboardGroupAPSB" type="apsb">
            <ribbonInfo buttonType="menu" buttonScale="small" />
        </action>
		<action name="upstreamPartCutAPSB" type="apsb">
			<ribbonInfo buttonType="menuitem" />
        </action>
        <action name="upstreamPartCopyAPSB" type="apsb">
			<ribbonInfo buttonType="menuitem" />
        </action>
        <action name="upstreamPasteAPSB" type="apsb">
			<ribbonInfo buttonType="menuitem" />
        </action>
		<!-- End Clipboard Control Menu -->
		<!-- Begin Viewing Control Menu -->
		<action name="viewingGroupAPSB" type="apsb">
            <ribbonInfo buttonType="menu" buttonScale="small" />
        </action>
		<action name="asbViewInfoInNewWindowGWT" type="asb" >
			<ribbonInfo buttonType="menuitem" />
        </action>
		<action name="emphasizeSelectionASB" type="asb">
            <ribbonInfo buttonType="menuitem" />
        </action>
        <action name="clearEmphasizeASB" type="asb">
            <ribbonInfo buttonType="menuitem" />
        </action>
		<action name="separator" type="separator"/>
		<action name="expandSubmenuAPSB" type="apsb">
			<ribbonInfo buttonType="submenu" />
		</action>
		<action name="expandOneLevelGWT" type="cat" >
			<ribbonInfo buttonType="submenuitem" />
		</action>
        <action name="expandTwoLevelsGWT" type="cat" >
			<ribbonInfo buttonType="submenuitem" />
		</action>
        <action name="expandThreeLevelsGWT" type="cat" >
			<ribbonInfo buttonType="submenuitem" />
		</action>
        <action name="expandFourLevelsGWT" type="cat" >
			<ribbonInfo buttonType="submenuitem" />
		</action>
        <action name="expandFiveLevelsGWT" type="cat" >
			<ribbonInfo buttonType="submenuitem" />
		</action>
        <action name="separator" type="separator" />
        <action name="expandAllSelectedLevelsGWT" type="cat" >
			<ribbonInfo buttonType="submenuitem" />
		</action>
        <action name="expandNLevelsGWT" type="cat" >
			<ribbonInfo buttonType="submenuitem" />
		</action>
		<action name="endExpandSubmenuAPSB" type="apsb">
			<ribbonInfo buttonType="endsubmenu" />
		</action>
		<!-- End Viewing Control Menu -->
		<!-- Begin New/Add Control Menu -->
		<action name="newAddGroupAPSB" type="apsb">
            <ribbonInfo buttonType="menu" buttonScale="small" />
        </action>
		<action name="newDownstreamViewUpstreamVersionAPSB" type="apsb">
			<ribbonInfo buttonType="menuitem" />
        </action>
        <action name="newDownstreamPartUpstreamVersionAPSB" type="apsb">
			<ribbonInfo buttonType="menuitem" />
        </action>
		<action name="separator" type="separator"/>
		<action name="addToBaselineGWT" type="cat">
            <ribbonInfo buttonType="menuitem" />
        </action>
		<action name="newPromotionRequestGWT" type="psb">
			<ribbonInfo buttonType="menuitem" />
        </action>
		<action name="setStateActionGWT" type="baseclient">
			<ribbonInfo buttonType="menuitem" />
        </action>
		<!-- End New/Add Control Menu -->
        <!-- Begin Filter Menu -->
        <action name="filterGroupASB" type="asb">
            <ribbonInfo buttonType="menu" buttonScale="small" />
        </action>
        <action name="baseWTPartInfoFilterAction" type="baseclient">
            <ribbonInfo buttonType="menuitem" />
        </action>
        <action name="setAPSBPathFilterGWT" type="apsb">
            <ribbonInfo buttonType="menuitem" />
        </action>
        <action name="disablePathFilterGWT" type="baseclient">
            <ribbonInfo buttonType="menuitem" />
        </action>
        <action name="baseWTPartEditFilterAction" type="baseclient">
            <ribbonInfo buttonType="menuitem" />
        </action>
        <action name="baseWTPartSaveFilterAction" type="baseclient">
            <ribbonInfo buttonType="custommenu" buttonScale="small" />
        </action>
        <!-- End Filter Menu -->
        <!-- Begin Tools Control Menu -->
		<action name="toolsGroupAPSB" type="apsb">
            <ribbonInfo buttonType="menu" buttonScale="small" />
        </action>
		<action name="openPartAsUpstreamBOMActionAPSB" type="apsb">
            <ribbonInfo buttonType="menuitem"/>
        </action>
		<action name="openInProductViewGWT" type="apsb">
			<ribbonInfo buttonType="menuitem"/>
        </action>
		<action name="separator" type="separator"/>
		<action name="selectEquivalentPartsAPSB" type="apsb">
            <ribbonInfo buttonType="menuitem"/>
        </action>
		<!-- End Tools Control Menu -->
        <action name="refreshASBGWT" type="asb">
            <ribbonInfo buttonType="button" buttonScale="small" />
        </action>
    </model>
    
    <model name="sapsbDownstreamSideToolBar">
		<!-- Begin Editing Group -->
        <action name="editingGroupASB" type="asb">
            <ribbonInfo buttonType="menu" buttonScale="small" />
        </action>
        <action name="insertExistingAPSBPartTreeGWT" type="apsb">
            <ribbonInfo buttonType="menuitem" />
        </action>
        <action name="insertPartStructureAPSB" type="apsb">
            <ribbonInfo buttonType="menuitem" />
        </action>
        <action name="insertMultiPartStructureAPSB" type="apsb">
            <ribbonInfo buttonType="menuitem" />
        </action>
        <action name="separator" type="separator"/>
		<action name="duplicatePartAPSB" type="apsb">
			<ribbonInfo buttonType="menuitem" />
		</action>
		<action name="replacePartDownstreamVersionAPSB" type="apsb">
			<ribbonInfo buttonType="menuitem" />
		</action>
		<action name="separator" type="separator" />
		<action name="removePartsAPSB" type="apsb">
            <ribbonInfo buttonType="menuitem" />
        </action>
		<action name="removeAllEquivalenceLinkSAPSB" type="sapsb">
			<ribbonInfo buttonType="menuitem" />
		</action>
		<action name="separator" type="separator"/>
		<action name="updateEquivalenceLinkASB" type="asb">
            <ribbonInfo buttonType="menuitem" />
        </action>
		<action name="separator" type="separator"/>
        <action name="assignOccurrencesOptionalityAPSBGWT" type="apsb">
            <ribbonInfo buttonType="menuitem" />
        </action>
        <action name="assignItemOptionalityAPSBGWT" type="apsb">
            <ribbonInfo buttonType="menuitem" />
        </action>
		<action name="mpmViewAssignedOccurrencesExpressionGWT" type="baseclient" >
            <ribbonInfo buttonType="menuitem" />
        </action>	
        <action name="mpmViewAssignedExpressionGWT" type="baseclient" >
            <ribbonInfo buttonType="menuitem" />
        </action>
        <action name="mpmCopyAssignedExpressionGWT" type="apsb">
            <ribbonInfo buttonType="menuitem" />
        </action>  
		
		<action name="mpmCopyAssignedOccurrencesExpressionGWT" type="apsb">
            <ribbonInfo buttonType="menuitem" />
        </action> 
        <action name="separator" type="separator"/>
		<action name="editPartAPSB" type="apsb">
            <ribbonInfo buttonType="menuitem" />
        </action>
        <action name="editCommonAttrsGWT" type="psb">
            <ribbonInfo buttonType="menuitem" />
        </action>
        <!-- End Editing Group -->
        <!-- Begin Version Control Menu -->
        <action name="versionControlGroupASB" type="asb">
            <ribbonInfo buttonType="menu" buttonScale="small" />
        </action>
        <action name="asbCheckoutGWT" type="asb">
            <ribbonInfo buttonType="menuitem" />
        </action>
        <action name="asbCheckinGWT" type="asb">
            <ribbonInfo buttonType="menuitem" />
        </action>
        <action name="asbUndoCheckoutGWT" type="asb">
            <ribbonInfo buttonType="menuitem" />
        </action>
        <action name="separator" type="separator"/>
        <action name="findCheckoutItemsASPB" type="apsb">
            <ribbonInfo buttonType="menuitem" />
        </action>
        <action name="separator" type="separator"/>
		<action name="reviseWithCurrentLinkASB" type="asb">
            <ribbonInfo buttonType="menuitem" />
        </action>
        <!-- End Version Control Menu -->
		<!-- Begin Clipboard Control Menu -->
        <action name="clipboardGroupAPSB" type="apsb">
            <ribbonInfo buttonType="menu" buttonScale="small" />
        </action>
		<action name="downstreamPartCutAPSB" type="apsb">
            <ribbonInfo buttonType="menuitem" />
        </action>
        <action name="downstreamPartCopyAPSB" type="apsb">
            <ribbonInfo buttonType="menuitem" />
        </action>
        <action name="pasteAsIsAPSB" type="apsb">
            <ribbonInfo buttonType="menuitem" />
        </action>
		<action name="separator" type="separator"/>
		<action name="pasteAsNewViewAPSB" type="apsb">
			<ribbonInfo buttonType="menuitem" />
        </action>
        <action name="pasteAsNewPartAPSB" type="apsb">
			<ribbonInfo buttonType="menuitem" />
        </action>
		<!-- End Clipboard Control Menu -->
		<!-- Begin Viewing Control Menu -->
		<action name="viewingGroupAPSB" type="apsb">
            <ribbonInfo buttonType="menu" buttonScale="small" />
        </action>
		<action name="asbViewInfoInNewWindowGWT" type="asb" >
			<ribbonInfo buttonType="menuitem" />
        </action>
		<action name="emphasizeSelectionASB" type="asb">
            <ribbonInfo buttonType="menuitem" />
        </action>
        <action name="clearEmphasizeASB" type="asb">
            <ribbonInfo buttonType="menuitem" />
        </action>
		<action name="separator" type="separator"/>
		<action name="expandSubmenuAPSB" type="apsb">
			<ribbonInfo buttonType="submenu" />
		</action>
		<action name="expandOneLevelGWT" type="cat" >
			<ribbonInfo buttonType="submenuitem" />
		</action>
        <action name="expandTwoLevelsGWT" type="cat" >
			<ribbonInfo buttonType="submenuitem" />
		</action>
        <action name="expandThreeLevelsGWT" type="cat" >
			<ribbonInfo buttonType="submenuitem" />
		</action>
        <action name="expandFourLevelsGWT" type="cat" >
			<ribbonInfo buttonType="submenuitem" />
		</action>
        <action name="expandFiveLevelsGWT" type="cat" >
			<ribbonInfo buttonType="submenuitem" />
		</action>
        <action name="separator" type="separator" />
        <action name="expandAllSelectedLevelsGWT" type="cat" >
			<ribbonInfo buttonType="submenuitem" />
		</action>
        <action name="expandNLevelsGWT" type="cat" >
			<ribbonInfo buttonType="submenuitem" />
		</action>
		<action name="endExpandSubmenuAPSB" type="apsb">
			<ribbonInfo buttonType="endsubmenu" />
		</action>
		<!-- End Viewing Control Menu -->
		<!-- Begin New/Add Control Menu -->
		<action name="newAddGroupAPSB" type="apsb">
            <ribbonInfo buttonType="menu" buttonScale="small" />
        </action>
		<action name="newDownstreamViewUpstreamVersionAPSB" type="apsb">
			<ribbonInfo buttonType="menuitem" />
        </action>
        <action name="newDownstreamPartUpstreamVersionAPSB" type="apsb">
			<ribbonInfo buttonType="menuitem" />
        </action>
		<action name="separator" type="separator"/>
		<action name="addToBaselineGWT" type="cat">
            <ribbonInfo buttonType="menuitem" />
        </action>
		<action name="newPromotionRequestGWT" type="psb">
			<ribbonInfo buttonType="menuitem" />
        </action>
		<action name="setStateActionGWT" type="baseclient">
			<ribbonInfo buttonType="menuitem" />
        </action>
		<!-- End New/Add Control Menu -->
        <!-- Begin Filter Menu -->
        <action name="filterGroupASB" type="asb">
            <ribbonInfo buttonType="menu" buttonScale="small" />
        </action>
        <action name="baseWTPartInfoFilterAction" type="baseclient">
            <ribbonInfo buttonType="menuitem" />
        </action>
        <action name="setAPSBPathFilterGWT" type="apsb">
            <ribbonInfo buttonType="menuitem" />
        </action>
        <action name="disablePathFilterGWT" type="baseclient">
            <ribbonInfo buttonType="menuitem" />
        </action>
        <action name="baseWTPartEditFilterAction" type="baseclient">
            <ribbonInfo buttonType="menuitem" />
        </action>
        <action name="baseWTPartSaveFilterAction" type="baseclient">
            <ribbonInfo buttonType="custommenu" />
        </action>
        <!-- End Filter Menu -->
		<!-- Begin Tools Control Menu -->
		<action name="toolsGroupAPSB" type="apsb">
            <ribbonInfo buttonType="menu" buttonScale="small" />
        </action>
		<action name="openPartAsDownstreamBOMActionAPSB" type="apsb">
            <ribbonInfo buttonType="menuitem"/>
        </action>
		<action name="openInProductViewGWT" type="apsb">
			<ribbonInfo buttonType="menuitem"/>
        </action>
		<action name="separator" type="separator"/>
		<action name="selectEquivalentPartsAPSB" type="apsb">
            <ribbonInfo buttonType="menuitem"/>
        </action>
		<action name="separator" type="separator"/>
		<!-- End Tools Control Menu -->
        <action name="refreshASBGWT" type="asb">
            <ribbonInfo buttonType="button" buttonScale="small" />
        </action>
    </model>

    <!-- ******* Context Menu Definitions ******* -->

    <model name="sapsbUpstreamSideTreeContextMenu">
		<action name="asbViewInfoInNewWindowGWT" type="asb" />
        <action name="openInProductViewGWT" type="apsb" />
        <action name="selectEquivalentPartsAPSB" type="apsb"/>
        <action name="separator" type="separator"/>
		<action name="upstreamPartCutAPSB" type="apsb"/>
        <action name="upstreamPartCopyAPSB" type="apsb"/>
        <action name="upstreamPasteAPSB" type="apsb"/>
		<action name="removePartsAPSB" type="apsb"/>
		<action name="separator" type="separator"/>
		<action name="newDownstreamViewUpstreamVersionAPSB" type="apsb"/>
        <action name="newDownstreamPartUpstreamVersionAPSB" type="apsb"/>
		<action name="separator" type="separator"/>
		<action name="duplicatePartAPSB" type="apsb"/>
		<action name="separator" type="separator"/>
		<submodel name="apsbCheckOutInContextSubMenu"/>
		<action name="separator" type="separator"/>
		<submodel name="insertSubMenuUpstreamSAPSB"/>
		<submodel name="editingSubMenuUpstreamSAPSB"/>
		<action name="separator" type="separator"/>
		<submodel name="apsbExpandContextSubmenuGWT"/>
    </model>

    <model name="sapsbDownstreamSideTreeContextMenu">
		<action name="asbViewInfoInNewWindowGWT" type="asb" />
		<action name="openInProductViewGWT" type="apsb" />
		<action name="selectEquivalentPartsAPSB" type="apsb"/>
		<action name="separator" type="separator"/>
		<action name="reviseWithCurrentLinkASB" type="asb"/>
		<action name="updateEquivalenceLinkASB" type="asb"/>
		<action name="separator" type="separator"/>
		<action name="downstreamPartCutAPSB" type="apsb"/>
		<action name="downstreamPartCopyAPSB" type="apsb"/>
		<action name="pasteAsIsAPSB" type="apsb"/>
        <action name="pasteAsNewViewAPSB" type="apsb"/>
        <action name="pasteAsNewPartAPSB" type="apsb"/>
		<action name="removePartsAPSB" type="apsb"/>
		<action name="separator" type="separator"/>
		<action name="newDownstreamViewUpstreamVersionAPSB" type="apsb"/>
        <action name="newDownstreamPartDownstreamVersionAPSB" type="apsb"/>
		<action name="separator" type="separator"/>
		<action name="duplicatePartAPSB" type="apsb"/>
		<action name="replacePartDownstreamVersionAPSB" type="apsb"/>
		<action name="separator" type="separator"/>
		<submodel name="apsbCheckOutInContextSubMenu"/>
		<action name="separator" type="separator"/>
		<submodel name="insertSubMenuDownstreamSAPSB"/>
		<submodel name="editingSubMenuDownstreamSAPSB"/>
		<action name="separator" type="separator"/>
		<submodel name="apsbExpandContextSubmenuGWT"/>
    </model>

    <model name="versionControlSubMenuSAPSB" resourceBundle="com.ptc.arbortext.windchill.sapsb.sapsbActionsRB">
        <action name="asbCheckoutGWT" type="asb"/>
        <action name="asbCheckinGWT" type="asb"/>
        <action name="asbUndoCheckoutGWT" type="asb"/>
        <action name="separator" type="separator"/>
        <action name="findCheckoutItemsASPB" type="apsb"/>
        <action name="separator" type="separator"/>
        <action name="addToBaselineGWT" type="cat"/>
    </model>

    <model name="editingSubMenuUpstreamSAPSB" resourceBundle="com.ptc.arbortext.windchill.sapsb.sapsbActionsRB">
        <action name="assignOccurrencesOptionalityAPSBGWT" type="apsb"/>
        <action name="assignItemOptionalityAPSBGWT" type="apsb"/>
        <action name="mpmViewAssignedOccurrencesExpressionGWT" type="baseclient" />    	
        <action name="mpmViewAssignedExpressionGWT" type="baseclient" />     
        <action name="mpmCopyAssignedExpressionGWT" type="apsb"/>
		<action name="mpmCopyAssignedOccurrencesExpressionGWT" type="apsb"/>   
        <action name="separator" type="separator"/>
		<action name="editPartAPSB" type="apsb"/>
        <action name="editCommonAttrsGWT" type="psb"/>
    </model>

    <model name="editingSubMenuDownstreamSAPSB" resourceBundle="com.ptc.arbortext.windchill.sapsb.sapsbActionsRB">
        <action name="assignOccurrencesOptionalityAPSBGWT" type="apsb"/>
        <action name="assignItemOptionalityAPSBGWT" type="apsb"/>
        <action name="mpmViewAssignedOccurrencesExpressionGWT" type="baseclient" />    	
        <action name="mpmViewAssignedExpressionGWT" type="baseclient" />     
        <action name="mpmCopyAssignedExpressionGWT" type="apsb"/>
		<action name="mpmCopyAssignedOccurrencesExpressionGWT" type="apsb"/>  
        <action name="separator" type="separator"/>
		<action name="editPartAPSB" type="apsb"/>
        <action name="editCommonAttrsGWT" type="psb"/>
    </model>

    <model name="insertSubMenuUpstreamSAPSB" resourceBundle="com.ptc.arbortext.windchill.sapsb.sapsbActionsRB">
        <action name="insertExistingAPSBPartTreeGWT" type="apsb"/>
        <action name="insertPartStructureAPSB" type="apsb"/>
        <action name="insertMultiPartStructureAPSB" type="apsb"/>
    </model>

    <model name="insertSubMenuDownstreamSAPSB" resourceBundle="com.ptc.arbortext.windchill.sapsb.sapsbActionsRB">
        <action name="insertExistingAPSBPartTreeGWT" type="apsb"/>
        <action name="insertPartStructureAPSB" type="apsb"/>
        <action name="insertMultiPartStructureAPSB" type="apsb"/>
    </model>

    <model name="newSubMenuDownstreamSAPSB" resourceBundle="com.ptc.arbortext.windchill.sapsb.sapsbActionsRB">
        <action name="newDownstreamViewDownstreamVersionAPSB" type="apsb"/>
        <action name="newDownstreamPartDownstreamVersionAPSB" type="apsb"/>
    </model>

    <!-- ******* Visualization Tool Bar Definitions ******* -->

    <model name="sapsbUpstreamSideVizToolBar">
        <action name="zoomAllGWT" type="cat">
            <ribbonInfo buttonType="button" buttonScale="small" />
        </action>
        <action name="zoomSelectedGWT" type="cat">
            <ribbonInfo buttonType="button" buttonScale="small" />
        </action>
        <action name="separator" type="separator" />
        <action name="setSpinCenterGWT" type="cat">
            <ribbonInfo buttonType="toggle" buttonScale="small" />
        </action>
        <action name="separator" type="separator" />
         <action name="defaultOrientationGWT" type="baseclient">
            <ribbonInfo buttonType="menu" buttonScale="small" />
        </action>
        <action name="iso1OrientationGWT" type="baseclient">
            <ribbonInfo buttonType="menuitem" buttonScale="small" />
        </action>
        <action name="iso2OrientationGWT" type="baseclient">
            <ribbonInfo buttonType="menuitem" buttonScale="small" />
        </action>
        <action name="topOrientationGWT" type="baseclient">
            <ribbonInfo buttonType="menuitem" buttonScale="small" />
        </action>
        <action name="bottomOrientationGWT" type="baseclient">
            <ribbonInfo buttonType="menuitem" buttonScale="small" />
        </action>
        <action name="leftOrientationGWT" type="baseclient">
            <ribbonInfo buttonType="menuitem" buttonScale="small" />
        </action>
        <action name="rightOrientationGWT" type="baseclient">
            <ribbonInfo buttonType="menuitem" buttonScale="small" />
        </action>
        <action name="frontOrientationGWT" type="baseclient">
            <ribbonInfo buttonType="menuitem" buttonScale="small" />
        </action>
        <action name="backOrientationGWT" type="baseclient">
            <ribbonInfo buttonType="menuitem" buttonScale="small" />
        </action>
        <action name="separator" type="separator" />
        <action name="toggleAutoSelectionGWT" type="cat">
            <ribbonInfo buttonType="menu" buttonScale="small" />
        </action>
        <action name="toggleAutoSelectionFromStructToVIZGWT" type="cat">
            <ribbonInfo buttonType="check" />
        </action>
        <action name="toggleAutoSelectionFromVIZToStructGWT" type="cat">
            <ribbonInfo buttonType="check" />
        </action>
        <action name="setVizPathFilterGWT" type="baseclient">
            <ribbonInfo buttonType="button" buttonScale="small" />
        </action>
        <action name="disablePathFilterVizGWT" type="baseclient">
            <ribbonInfo buttonType="button" buttonScale="small" />
        </action>
        <action name="selectModeGWT" type="baseclient">
            <ribbonInfo buttonType="button" buttonScale="small" />
        </action>
        <action name="separator" type="separator" />
        <action name="defaultRenderModeGWT" type="baseclient">
            <ribbonInfo buttonType="menu" buttonScale="small" />
        </action>
        <action name="shadedRenderModeGWT" type="baseclient">
            <ribbonInfo buttonType="menuitem" buttonScale="small" />
        </action>
        <action name="shadedWithEdgesRenderModeGWT" type="baseclient">
            <ribbonInfo buttonType="menuitem" buttonScale="small" />
        </action>
        <action name="hiddenLineRemovalGWT" type="baseclient">
            <ribbonInfo buttonType="menuitem" buttonScale="small" />
        </action>
        <action name="wireframeRenderModeGWT" type="baseclient">
            <ribbonInfo buttonType="menuitem" buttonScale="small" />
        </action>
        <action name="meshRenderModeGWT" type="baseclient">
            <ribbonInfo buttonType="menuitem" buttonScale="small" />
        </action>
        <action name="separator" type="separator" />
        <action name="hideInstanceGWT" type="baseclient">
            <ribbonInfo buttonType="button" buttonScale="small" />
        </action>
        <action name="isolateSelectedGWT" type="baseclient">
            <ribbonInfo buttonType="button" buttonScale="small" />
        </action>
        <action name="showAllInstancesGWT" type="baseclient">
            <ribbonInfo buttonType="button" buttonScale="small" />
        </action>
        <action name="separator" type="separator" />
        <action name="translateModeGWT" type="baseclient">
            <ribbonInfo buttonType="toggle" buttonScale="small" />
        </action>
        <action name="rotateModeGWT" type="baseclient">
            <ribbonInfo buttonType="toggle" buttonScale="small" />
        </action>
        <action name="restoreAllSplitGWT" type="baseclient">
            <ribbonInfo buttonType="menu" buttonScale="small" />
        </action>
        <action name="restoreAllGWT" type="baseclient">
            <ribbonInfo buttonType="menuitem" buttonScale="small" />
        </action>
        <action name="resetInstanceGWT" type="baseclient">
            <ribbonInfo buttonType="menuitem" buttonScale="small" />
        </action>
        <action name="defaultAssignExpressionGroupAPSB" type="apsb">
            <ribbonInfo buttonType="menu" buttonScale="small" />
        </action>
        <action name="assignExpressionToOccurrenceGWT" type="apsb">
            <ribbonInfo buttonType="menuitem" buttonScale="small" />
        </action>
        <action name="assignExpressionToUsageGWT" type="apsb">
            <ribbonInfo buttonType="menuitem" buttonScale="small" />
        </action>
        <action name="vizCopyActionASB" type="asb">
            <ribbonInfo buttonType="button" buttonScale="small" />
        </action>
    </model>

    <model name="sapsbDownstreamSideVizToolBar">
         <action name="zoomAllGWT" type="cat">
            <ribbonInfo buttonType="button" buttonScale="small" />
        </action>
        <action name="zoomSelectedGWT" type="cat">
            <ribbonInfo buttonType="button" buttonScale="small" />
        </action>
        <action name="separator" type="separator" />
        <action name="setSpinCenterGWT" type="cat">
            <ribbonInfo buttonType="toggle" buttonScale="small" />
        </action>
        <action name="separator" type="separator" />
        <action name="defaultOrientationGWT" type="baseclient">
            <ribbonInfo buttonType="menu" buttonScale="small" />
        </action>
        <action name="iso1OrientationGWT" type="baseclient">
            <ribbonInfo buttonType="menuitem" buttonScale="small" />
        </action>
        <action name="iso2OrientationGWT" type="baseclient">
            <ribbonInfo buttonType="menuitem" buttonScale="small" />
        </action>
        <action name="topOrientationGWT" type="baseclient">
            <ribbonInfo buttonType="menuitem" buttonScale="small" />
        </action>
        <action name="bottomOrientationGWT" type="baseclient">
            <ribbonInfo buttonType="menuitem" buttonScale="small" />
        </action>
        <action name="leftOrientationGWT" type="baseclient">
            <ribbonInfo buttonType="menuitem" buttonScale="small" />
        </action>
        <action name="rightOrientationGWT" type="baseclient">
            <ribbonInfo buttonType="menuitem" buttonScale="small" />
        </action>
        <action name="frontOrientationGWT" type="baseclient">
            <ribbonInfo buttonType="menuitem" buttonScale="small" />
        </action>
        <action name="backOrientationGWT" type="baseclient">
            <ribbonInfo buttonType="menuitem" buttonScale="small" />
        </action>
        <action name="separator" type="separator" />
        <action name="toggleAutoSelectionGWT" type="cat">
            <ribbonInfo buttonType="menu" buttonScale="small" />
        </action>
        <action name="toggleAutoSelectionFromStructToVIZGWT" type="cat">
            <ribbonInfo buttonType="check" />
        </action>
        <action name="toggleAutoSelectionFromVIZToStructGWT" type="cat">
            <ribbonInfo buttonType="check" />
        </action>
        <action name="setVizPathFilterGWT" type="baseclient">
            <ribbonInfo buttonType="button" buttonScale="small" />
        </action>
        <action name="disablePathFilterVizGWT" type="baseclient">
            <ribbonInfo buttonType="button" buttonScale="small" />
        </action>
        <action name="selectModeGWT" type="baseclient">
            <ribbonInfo buttonType="button" buttonScale="small" />
        </action>
        <action name="separator" type="separator" />
        <action name="defaultRenderModeGWT" type="baseclient">
            <ribbonInfo buttonType="menu" buttonScale="small" />
        </action>
        <action name="shadedRenderModeGWT" type="baseclient">
            <ribbonInfo buttonType="menuitem" buttonScale="small" />
        </action>
        <action name="shadedWithEdgesRenderModeGWT" type="baseclient">
            <ribbonInfo buttonType="menuitem" buttonScale="small" />
        </action>
        <action name="hiddenLineRemovalGWT" type="baseclient">
            <ribbonInfo buttonType="menuitem" buttonScale="small" />
        </action>
        <action name="wireframeRenderModeGWT" type="baseclient">
            <ribbonInfo buttonType="menuitem" buttonScale="small" />
        </action>
        <action name="meshRenderModeGWT" type="baseclient">
            <ribbonInfo buttonType="menuitem" buttonScale="small" />
        </action>
        <action name="separator" type="separator" />
        <action name="hideInstanceGWT" type="baseclient">
            <ribbonInfo buttonType="button" buttonScale="small" />
        </action>
        <action name="isolateSelectedGWT" type="baseclient">
            <ribbonInfo buttonType="button" buttonScale="small" />
        </action>
        <action name="showAllInstancesGWT" type="baseclient">
            <ribbonInfo buttonType="button" buttonScale="small" />
        </action>
        <action name="separator" type="separator" />
        <action name="translateModeGWT" type="baseclient">
            <ribbonInfo buttonType="toggle" buttonScale="small" />
        </action>
        <action name="rotateModeGWT" type="baseclient">
            <ribbonInfo buttonType="toggle" buttonScale="small" />
        </action>
        <action name="restoreAllSplitGWT" type="baseclient">
            <ribbonInfo buttonType="menu" buttonScale="small" />
        </action>
        <action name="restoreAllGWT" type="baseclient">
            <ribbonInfo buttonType="menuitem" buttonScale="small" />
        </action>
        <action name="resetInstanceGWT" type="baseclient">
            <ribbonInfo buttonType="menuitem" buttonScale="small" />
        </action>
        <action name="defaultAssignExpressionGroupAPSB" type="apsb">
            <ribbonInfo buttonType="menu" buttonScale="small" />
        </action>
        <action name="assignExpressionToOccurrenceGWT" type="apsb">
            <ribbonInfo buttonType="menuitem" buttonScale="small" />
        </action>
        <action name="assignExpressionToUsageGWT" type="apsb">
            <ribbonInfo buttonType="menuitem" buttonScale="small" />
        </action>
    </model>

    <!-- ******* Other Definitions ******* -->

    <model name="sapsbMiddleToolBar">
    	<action name="apsbOpenReconciliationPanelGWT" type="apsb"/>
        <action name="createEquivalenceLinkASB" type="asb"/>
		<action name="updateStructureAssociativityAPSB" type="apsb"/>
        <action name="apsbDisplayOccurrencesGWT" type="apsb"/>
        <action name="apsbNewDownstreamBranchVariant" type="apsb"/>
        <action name="apsbNewDownstreamPartVariant" type="apsb"/>
        <!-- <action name="bomReconciliationAPSB" type="apsb"/> -->
    </model>

    <model name="sapsbUpstreamEqPartsToolBar">
    	<action name="openEquivalentPartOnUpstreamSide" type="apsb"/>
        <action name="removeEquivalenceLinkASB" type="asb"/>
    </model>
    
    <model name="sapsbUpstreamEqPartsContextMenu">
    	<action name="openEquivalentPartOnUpstreamSide" type="apsb"/>
    </model>

	<model name="sapsbUpstreamOutdatedEquivalanceToolBar">
		<action name="openEquivalentPartOnUpstreamSide" type="apsb"/>
    </model>

    <model name="sapsbUpstreamOutdatedEquivalanceContextMenu">
    	<action name="openEquivalentPartOnUpstreamSide" type="apsb"/>
    </model>

    <model name="sapsbDownstreamEqPartsToolBar">
    	<action name="openEquivalentPartOnDownstreamSide" type="apsb"/>
    </model>
    
    <model name="sapsbDownstreamEqPartsContextMenu">
    	<action name="openEquivalentPartOnDownstreamSide" type="apsb"/>
    </model>

	<model name="sapsbDownstreamOutdatedEquivalenceToolBar">
		<action name="openEquivalentPartOnDownstreamSide" type="apsb"/>
    </model>
    
    <model name="sapsbDownstreamOutdatedEquivalenceContextMenu">
    	<action name="openEquivalentPartOnDownstreamSide" type="apsb"/>
    </model>

    <!--  action model for MAPSB Uses tab [start]-->

    <model name="sapsbUsesContextMenu">
       <action name="removeAPSBChildPartGWT" type="apsb" />
       <action name="assignOptionalityAPSBGWT" type="apsb" />
       <action name="mpmViewAssignedUsesExpressionGWT" type="baseclient" />
	   <action name="copyAssignedUsesExpressionGWT" type="expressionAssignable" /> 
    </model>
    <model name="sapsbUsesToolBar">
       <action name="insertExistingAPSBPartUsesGWT" type="apsb"/>
       <action name="insertNewAPSBPartUsesGWT" type="sapsb"/>
       <action name="removeAPSBChildPartGWT" type="apsb" />
    </model>
    <model name="sapsbIndicatorActionModel">
    </model>

    <!--  action model for MAPSB Uses tab [End]-->
   <!--  action model for SAPSB described by documents table [start]-->
    <model name="sapsbDescribedByContextMenu">
        <action name="removeAPSBDescDocGWT" type="apsb"/>
    </model>

    <model name="sapsbDescribedByToolBar">
        <action name="insertExistingAPSBDescDocGWT" type="apsb"/>
		<action name="insertNewSAPSBDescDocGWT" type="sapsb"/>
		<action name="removeAPSBDescDocGWT" type="apsb"/>
    </model>
    <!--  action model SAPSB described by documents table  [end]-->

    <!--  action model for SAPSB references documents table [start]-->
    <model name="sapsbReferencesContextMenu">
        <action name="removeAPSBRefDocGWT" type="apsb"/>
    </model>

    <model name="sapsbReferencesToolBar">
        <action name="insertExistingAPSBRefDocGWT" type="apsb"/>
		<action name="insertNewSAPSBRefDocGWT" type="sapsb"/>
		<action name="removeAPSBRefDocGWT" type="apsb"/>
    </model>
    <!--  action model SAPSB references documents table  [end]-->

    <!--  action model for SAPSB EPM documents table [start]-->
    <model name="sapsbEpmContextMenu">
        <action name="removeAPSBEPMDocGWT" type="apsb" />
    </model>

    <model name="sapsbEpmToolBar">
        <action name="insertExistingAPSBEPMDocGWT" type="apsb" />
        <action name="removeAPSBEPMDocGWT" type="apsb" />
    </model>
    <!--  action model SAPSB EPM documents table  [end]-->

    <!--  action model for SAPSB Alternates table [start]-->
    <model name="sapsbAlternatesContextMenu">
    </model>

    <model name="sapsbAlternatesToolBar">
    </model>
    <!--  action model SAPSB Alternates table  [end]-->

    <!--  action model for SAPSB Substitutes table [start]-->
    <model name="sapsbSubstitutesContextMenu">
    </model>

    <model name="sapsbSubstitutesToolBar">
    </model>
    <!--  action model SAPSB Substitutes table  [end]-->
</actionmodels>
