<?xml version="1.0" encoding="UTF-8"?>
<!DOCTYPE listofactions SYSTEM 'actions.dtd'>
<listofactions>
    <objecttype name="explorer">
        <action name="launchSBE" resourceBundle="com.ptc.arbortext.windchill.serviceexplorer.ServiceBomExplorerResource" uicomponent="SIS_PSE">
        	<command url="netmarkets/jsp/explorer/launchExplorer.jsp?appId=ptc.cust.sis.ProductStructureExplorer" windowType="popup"/>
     		<includeFilter name="sandboxSharingValidationSimple" />
                <includeFilter name="hideForNewObjectInWorkspace" />
        </action>
        <action name="launchEmptySBE" resourceBundle="com.ptc.arbortext.windchill.serviceexplorer.ServiceBomExplorerResource" uicomponent="SIS_PSE">
            <command url="netmarkets/jsp/explorer/launchExplorer.jsp?appId=ptc.cust.sis.ProductStructureExplorer&amp;launchEmpty=true" windowType="popup"/>
        </action>
    </objecttype>
        
    <objecttype name="psb">
        <action name="openInSPSEGWT" resourceBundle="com.ptc.arbortext.windchill.serviceexplorer.ServiceBomExplorerResource" uicomponent="SIS_PSE">
            <command class="com.ptc.cat.gxt.client.action.OpenProductStructureExplorerAction" url="/ptc1/explorer/launchExplorer?appId=ptc.cust.sis.ProductStructureExplorer"/>
            <includeFilter name="isNotInProject" />
            <includeFilter name="com.ptc.cat.ui.client.internal.action.OneSelectionFilter" />
            <includeFilter name="com.ptc.cat.ui.client.internal.action.WTPartTypeFilter"/>
            <nonSupportedTypes>
            	<type value="wt.part.WTPartMaster"/>
            </nonSupportedTypes>
        </action>
    </objecttype>
    
</listofactions>
