<?xml version="1.0" encoding="UTF-8"?>
<!DOCTYPE listofactions SYSTEM "actions.dtd">

<listofactions>

    <objecttype name="simTranslation" class="wt.fc.Persistable">
        <action name="createPSTranslationPackage" ajax="component" uicomponent="CREATE_TRANSLATION_PACKAGE" resourceBundle="com.ptc.tml.TMLResource">
            <command windowType="popup" class="com.ptc.tml.ui.SIMTranslationSetUpProcessor" method="execute" url="netmarkets/jsp/translation/prepareTranslationPackage.jsp"/>
        </action>
        <action name="createISTranslationPackage" ajax="component" uicomponent="CREATE_TRANSLATION_PACKAGE" resourceBundle="com.ptc.tml.TMLResource">
            <command windowType="popup" class="com.ptc.tml.ui.SIMTranslationSetUpProcessor" method="execute" url="netmarkets/jsp/translation/prepareTranslationPackage.jsp"/>
        </action>
        <action name="cancelPSTranslationPackage" ajax="component" uicomponent="CANCEL_TRANSLATION_PACKAGE" resourceBundle="com.ptc.tml.TMLResource">
            <command windowType="popup" class="com.ptc.tml.ui.TranslationCancelProcessor" method="execute" url="netmarkets/jsp/translation/cancelTranslationPackage.jsp"/>
        </action>
        <action name="cancelISTranslationPackage" ajax="component" uicomponent="CANCEL_TRANSLATION_PACKAGE" resourceBundle="com.ptc.tml.TMLResource">
            <command windowType="popup" class="com.ptc.tml.ui.TranslationCancelProcessor" method="execute" url="netmarkets/jsp/translation/cancelTranslationPackage.jsp"/>
        </action>
        <action name="translationPreferenceValidator" ajax="component" resourceBundle="com.ptc.tml.TMLResource">
            <command windowType="popup" url="netmarkets/jsp/translation/translationPreferenceValidator.jsp"/>
        </action>
    </objecttype>

    <objecttype name="translation" class="wt.fc.Persistable">
        <action name="translationSummary" resourceBundle="com.ptc.tml.NewTmlResource" uicomponent="THIRD_LEVEL_RELATED_TRANSLATIONS">
            <command  url="netmarkets/jsp/translation/showTranslations.jsp"/>
        </action>
        
        <action name="translationContent" resourceBundle="com.ptc.tml.NewTmlResource">
        	<command  url="netmarkets/jsp/translation/showTranslatableContent.jsp"/> 
            <!--<component name="RelatedObjects.TranslatableContentTable"/>  -->
        </action>
        <action name="prepareTranslationPackage" ajax="component" uicomponent="CREATE_TRANSLATION_PACKAGE" resourceBundle="com.ptc.tml.TMLResource">
            <command windowType="popup" class="com.ptc.tml.ui.TranslationSetUpProcessor" method="execute"/>
        </action>

        <action name="setUpTranslation" afterJS="validateSelections" resourceBundle="com.ptc.tml.TMLResource">
            <command windowType="wizard_step"/>
        </action>

        <action name="showTranslations" ajax="component" resourceBundle="com.ptc.tml.TMLResource"/>		
        <action name="showMasterLanguageDocument" ajax="component" resourceBundle="com.ptc.tml.TMLResource"/>		

        <action name="translatableContent" resourceBundle="com.ptc.tml.NewTmlResource">
            <component name="RelatedObjects.TranslatableContentTable"/>
        </action>

        <action name="cancelTranslationPackage" ajax="component" uicomponent="CANCEL_TRANSLATION_PACKAGE" resourceBundle="com.ptc.tml.TMLResource">
            <command windowType="popup" class="com.ptc.tml.ui.TranslationCancelProcessor" method="execute"/>
        </action>

        <action name="showPackageIDs" resourceBundle="com.ptc.tml.TMLResource" preloadWizardPage="false" required="true">
            <command windowType="wizard_step"/>
        </action>

        <action name="setUpCancelTranslation" afterJS="validateBeforeNext" resourceBundle="com.ptc.tml.TMLResource">
            <command windowType="wizard_step"/>
        </action>
    </objecttype>
    
     <objecttype name="translationSummaryActions" resourceBundle="com.ptc.tml.NewTmlResource">
       <action name="refresh" ajax="row" >
             <command class="com.ptc.tml.ui.TranslationSummaryDocuments" onClick="populateProcessTable()" method="refreshRow" /> 
          <!-- <command class="com.ptc.tml.ui.RelatedTranslationRowProcessor" method="execute" /> -->
           
       </action>
     </objecttype>
     <objecttype name="simtranslationTable" resourceBundle="com.ptc.tml.TMLResource">
       <action name="contextRefresh" ajax="row" >
           <command class="com.ptc.tml.ui.TranslationSummaryDocuments" onClick="populateProcessTableContextMenu()" method="refreshRow" />
       </action>

       <action name="createTranslationPackageForTable"   resourceBundle="com.ptc.tml.TMLResource" >
           <command windowType="popup" class="com.ptc.tml.ui.SIMTranslationSetUpProcessor" onClick="setIdBeforeContextAction()" method="execute" url="netmarkets/jsp/translation/prepareTranslationPackage.jsp"/>
       </action>
       <action name="createTranslationPackageForTablePreProcess" uicomponent="CREATE_TRANSLATION_PACKAGE" resourceBundle="com.ptc.tml.TMLResource" >
           <command windowType="popup" class="com.ptc.tml.ui.SIMTranslationSetUpProcessor" method="execute" url="netmarkets/jsp/translation/processOids.jsp"/>
       </action>
       <action name="createTranslationPackageForTableEPMPreProcess"   resourceBundle="com.ptc.tml.TMLResource" >
           <command windowType="popup" class="com.ptc.tml.ui.TranslationSetUpProcessor" method="execute" url="netmarkets/jsp/translation/processOids.jsp"/>
       </action>
        <action name="createTranslationPackageForTableEPM"   resourceBundle="com.ptc.tml.TMLResource" >
           <command windowType="popup" class="com.ptc.tml.ui.TranslationSetUpProcessor" onClick="setIdBeforeContextAction()" method="execute" url="netmarkets/jsp/translation/prepareTranslationPackage.jsp"/>
       </action>
       
        
       <action name="cancelTranslationPackageForTablePreProcess" ajax="component" uicomponent="CANCEL_TRANSLATION_PACKAGE" resourceBundle="com.ptc.tml.TMLResource">
           <command windowType="popup" class="com.ptc.tml.ui.TranslationCancelProcessor" method="execute" url="netmarkets/jsp/translation/processOids.jsp"/>
       </action>
       <action name="cancelTranslationPackage" ajax="component" uicomponent="CANCEL_TRANSLATION_PACKAGE" resourceBundle="com.ptc.tml.TMLResource">
           <command windowType="popup" class="com.ptc.tml.ui.TranslationCancelProcessor" method="execute" url="netmarkets/jsp/translation/cancelTranslationPackage.jsp"/>
       </action>
       
       <action name="publishTranslationPackageForTablePreProcess" ajax="component" resourceBundle="com.ptc.tml.TMLResource">
           <command windowType="popup" class="com.ptc.arbortext.windchill.corestruct.newrep.NewRepFormProcessor" method="execute"  url="netmarkets/jsp/translation/processOids.jsp"/>
       </action>
       <action name="publishPubstRepresentation" resourceBundle="com.ptc.tml.TMLResource" uicomponent="PUBLISH_REPRESENTATION">
           <command class="com.ptc.arbortext.windchill.corestruct.newrep.NewRepFormProcessor" method="execute" windowType="popup" url="netmarkets/jsp/corestruct/newrep/newRepWizardWithLanguageChoice.jsp"/>
       </action>
       <action name="publishTranslationPackageForTableEPMPreProcess" resourceBundle="com.ptc.tml.TMLResource" uicomponent="PUBLISH_REPRESENTATION">
           <command windowType="popup" class="com.ptc.arbortext.windchill.techpubs.newrep.forms.NewRepFormProcessor" method="execute"  url="netmarkets/jsp/translation/processOids.jsp"/>
       </action>
       <action name="publishPubstRepresentationEPMDocument" resourceBundle="com.ptc.tml.TMLResource" uicomponent="PUBLISH_REPRESENTATION">
           <command class="com.ptc.arbortext.windchill.techpubs.newrep.forms.NewRepFormProcessor" method="execute" windowType="popup" url="netmarkets/jsp/techPubs/newrep/newRepWizard.jsp"/>
       </action>

     </objecttype>
</listofactions>
