<?xml version="1.0"?>
<!DOCTYPE actionmodels SYSTEM "../../actionmodels.dtd">
<!-- define the actions on the UI components -->

<actionmodels resourceBundle="com.ptc.tml.NewTmlResource">

    <model name="translation_summary_actions">
       <action name="refresh" type="translationSummaryActions" shortcut="true"/>
       <submodel name="exportlisttofile_submenu"/>
    </model>
    
    <model name="translation_content_actions">
         <submodel name="exportlisttofile_submenu" />
    </model>
    <model name="translation_content_row_actions_model" resourceBundle="com.ptc.tml.NewTmlResource">
       <action name="createTranslationPackageForTablePreProcess" type="simtranslationTable" />
       <action name="createTranslationPackageForTableEPMPreProcess" type="simtranslationTable" />
       <action name="cancelTranslationPackageForTablePreProcess" type="simtranslationTable" />
       <action name="publishTranslationPackageForTablePreProcess" type="simtranslationTable"/>
       <action name="publishTranslationPackageForTableEPMPreProcess" type="simtranslationTable"/>
       <action name="contextRefresh" type="simtranslationTable" />
    </model>

</actionmodels>

