<?xml version="1.0"?>
<!DOCTYPE actionmodels SYSTEM 'actionmodels.dtd'>
<!-- define the actions on the UI components -->
<actionmodels resourceBundle="com.ptc.windchill.uwgm.util.uwgmutilResource">

   <model name="epmdocuments details page actions" menufor="wt.epm.EPMDocument">
      <action name="prepareTranslationPackage" type="translation"/>     <!-- Prepare Translation Package -->
      <action name="cancelTranslationPackage" type="translation"/>     <!-- Cancel Translation Package -->
      <action name="view" type="object"/>                               <!-- View Information -->
      <action name="separator" type="separator"/>                       <!-- ===================== -->
      <submodel name="thingworxActionsMenu"/>
      <action name="separator" type="separator"/>                       <!-- ===================== -->
      <submodel name="epm docs actions open"/>                          <!-- Open In => -->
      <action name="separator" type="separator"/>                       <!-- ===================== -->
      <action name="OPEN_WITH" type="pdmObject"/>                      <!-- Open With -->
      <action name="WFDOWNLOAD" type="epmdocument"/>                    <!-- Add To Workspace -->
      <submodel name="epm docs actions add"/>                           <!-- Add To => -->
      <action name="separator" type="separator"/>                       <!-- ===================== -->
      <action name="WFCHECKOUT" type="epmdocument"/>                    <!-- Check Out -->
      <action name="BOMNOTECHECKOUT" type="pdmObject"/>                 <!-- Check Out -->
      <action name="ManageDLD" type="pdmObject"/>                       <!-- Manage Design Local Directory -->
      <action name="WFCHECKIN" type="pdmObject"/>                       <!-- Check In -->
      <action name="BOMNOTECHECKIN" type="pdmObject"/>                  <!-- Check In -->
      <action name="ecadAdvancedCheckin" type="pdmObject"/>             <!-- Advanced Check In -->
      <action name="WFUPLOAD" type="pdmObject"/>                        <!-- Upload -->
      <action name="WFCANCELCHECKOUT" type="pdmObject"/>                <!-- Undo Check Out -->
      <action name="BOMNOTECANCELCHECKOUT" type="pdmObject"/>           <!-- Unco Check Out -->
      <action name="edit" type="note"/>                                 <!-- Edit -->
      <action name="MULTIEDITATTR" type="pdmObject"/>                   <!-- Edit Attributes -->
      <action name="EDITATTACHMENTS" type="pdmObject"/>                 <!-- Edit Attachments -->
      <action name="separator" type="separator"/>                       <!-- ===================== -->
      <submodel name="edit ecad definitions"/>                          <!-- Edit Definitions => -->
      <action name="separator" type="separator"/>                       <!-- ===================== -->
      <action name="editRelationships" type="pdmObject"/>               <!-- Edit Relationships -->
      <action name="syncWithBoard" type="pdmObject"/>                   <!-- Synchronize with Board -->
      <action name="publishRepresentation" type="techPubs"/>            <!-- Publish Representation -->
      <action name="viewRepresentations" type="techPubs"/>              <!-- View Representations -->
      <action name="EDIT_CAR" type="epmdocument"/>                      <!-- Edit Design Context Definition -->
      <action name="updateImageDesignContext" type="epmdocument"/>      <!-- Update Image Design Context -->
      <action name="REFRESH_MEMBERS" type="epmdocument"/>               <!-- Refresh Members -->
      <action name="REVISEITEMS" type="pdmObject"/>                     <!-- Revise -->
      <action name="separator" type="separator"/>                       <!-- ===================== -->
      <action name="AUTO_ASSOCIATE" type="pdmObject"/>                  <!-- Auto Associate Parts -->
      <action name="EDITASSOCIATION" type="pdmObject"/>                 <!-- Edit Association -->
      <action name="WFBUILD" type="pdmObject"/>                         <!-- Build Associated Part -->
      <action name="separator" type="separator"/>                       <!-- ===================== -->
      <submodel name="epm docs actions new"/>                           <!-- New => -->
      <action name="separator" type="separator"/>                       <!-- ===================== -->
      <action name="copy" type="object"/>                               <!-- Copy -->
      <action name="WFSAVEAS" type="pdmObject"/>                        <!-- Save As -->
      <action name="MULTIRENAME" type="pdmObject"/>                     <!-- Rename -->
      <action name="route" type="workflow"/>                            <!-- Route -->
      <action name="CONTAINERMOVE" type="pdmObject"/>                   <!-- Move -->
      <action name="SETSTATE" type="pdmObject"/>                        <!-- Set State -->
      <action name="export" type="object"/>                             <!-- Export -->
      <action name="WSEXPORT" type="pdmObject"/>                        <!-- Export from Workspace -->
      <action name="ADDPLACEHOLDER" type="pdmObject"/>                  <!-- Add Place Holder -->
      <action name="REPLACEMISSDEP" type="pdmObject"/>                  <!-- Replace -->
      <action name="MULTI_OBJ_DELETE" type="pdmObject"/>                <!-- Delete -->
      <action name="MULTI_OBJ_DELETE_DETAILS" type="pdmObject"/>        <!-- Delete -->
	  <action name="deleteIterations" type="object"/> 					<!-- Delete Non-latest Iterations -->
      <action name="resetTeam" type="team"/>                            <!-- Reset Team -->
      <action name="enableTemplate" type="note"/>                       <!-- Enable -->
      <action name="disableTemplate" type="note"/>                      <!-- Disable -->
      <action name="userInitiatedReplication"   type="replication"/>    <!-- Use Initiated Replication -->
      <action name="reassignLC" type="lifecycle"/>                      <!-- Reassign Life Cycles -->
      <action name="separator" type="separator"/>                       <!-- ===================== -->
      <action name="replaceAsSource" type="corestruct" />               <!-- Replace As Translation Source -->
      <action name="separator" type="separator"/>                       <!-- ===================== -->
      <action name="SBSendToPdm" type="sandbox"/>                       <!-- Send to PDM -->
      <action name="sandboxUndoCheckoutDetails" type="object"/>         <!-- Undo PDM Check Out -->
      <action name="updateShare" type="sandbox"/>                       <!-- Update -->
      <action name="sandboxCheckoutShare" type="object"/>               <!-- Convert To PDM Check Out -->
      <action name="convertToShare" type="sandbox"/>                    <!-- Convert to Share -->
      <action name="removeShare" type="object"/>                        <!-- Remove Share -->
      <action name="separator" type="separator"/>                       <!-- ===================== -->
      <submodel name="epm docs actions compare"/>                       <!-- Compare => -->
      <action name="separator" type="separator"/>                       <!-- ===================== -->
      <action name="batchPrint" type="wvs"/>                            <!-- Batch Print -->
      <action name="separator" type="separator"/>                       <!-- ===================== -->
      <action name="ecadImport" type="pdmObject"/>                      <!-- Import Data -->
      <action name="ecadUpdate" type="pdmObject"/>                      <!-- Generate Data -->
      <action name="variantBOMEditor" type="pdmObject"/>                <!-- Manage BOMs -->
      <action name="ViewHookDefinitions" type="pdmObject"/>             <!-- View Hook Definition -->
      <action name="ecadExport" type="pdmObject"/>                      <!-- Export Design Data -->
      <action name="ViewBOMFilterDefinitions" type="pdmObject"/>        <!-- View BOM Filter Definition-->
      <action name="ViewBOMDefinitions" type="pdmObject"/>              <!-- View BOM Attributes Mapping  -->
      <action name="viewContDef" type="pdmObject"/>                     <!-- View Content Definition -->
      <action name="separator" type="separator"/>                       <!-- ===================== -->
      <action name="listRepresentations" type="wvs"/>                   <!-- List Representations -->
      <action name="separator" type="separator"/>                       <!-- ===================================== -->
      <action name="associateDistributionTarget" type="tgt"/>           <!-- ESI Associate distribution Targets    -->
      <action name="sendToDistributionTarget" type="tgt"/>              <!-- ESI Send to distribution target-->
      <action name="separator" type="separator"/>                       <!-- ===================== -->
      <action name="ManageSecurity" type="accessPermission"/>           <!-- Edit Access Control-->
      <action name="EDITSECURITYLABELS" type="object"/>                 <!-- Edit Security Labels-->
      <action name="createSubscription" type="subscription"/>           <!-- Subscribe -->
   </model>

  <model name="epm docs actions open">
      <action name="OPENINARBORTEXT" type="epmdocument"/>
      <action name="OPENINPROE" type="pdmObject"/>
      <action name="OPENINCADTOOL" type="pdmObject"/>
      <action name="OPEN_COCRDRAFT_IN_COCRMOD" type="pdmObject"/> 
      <action name="OPEN_COCRMOD_IN_COCRDRAFT" type="pdmObject"/> 
      <action name="openProductView" type="wvs"/>
      <action name="ecadValidate" type="ecadcompare"/>
      <action name="openInMobileApp" type="object"/>
      <action name="sysnavTabShortcut" type="sysnav"/>   <!-- Open Info Page in Relationship Eplorer Tab-->
  </model>

  <model name="epm docs actions compare">
      <action name="wtObjCompare" type="ocmp"/>
      <action name="launchDsvC2P" type="dsv"/>           <!-- Part Structure Compare -->
  </model>

  <model name="epm docs actions new">
      <action name="create" type="problemReport"/>
      <action name="create" type="changeRequest"/>
      <action name="create" type="variance"/>
      <action name="create" type="changeNotice"/>
      <action name="create" type="promotionRequest"/>
      <action name="defineClashJobWizard" type="clashDefinition"/>
      <action name="newImageDesignContext" type="epmdocument"/>
  </model>

  <model name="epm docs actions add">
      <action name="addToBaselineSingle" type="baseline"/> <!-- Add To Baseline  -->
      <action name="addToManagedCollectionSingle" type="managedcollection"/> <!-- Add To Managed Collection  -->
      <action name="bookmarkIt" type="bookmark"/> <!--  Add To My Notebook -->
      <action name="addToPackageSingle" type="wpcollection"/> <!--  Add To Package -->
      <action name="SBAddToPrj" type="sandbox"/> <!-- Add To Project  -->
  </model>

<!-- define the 3rd level nav Bar components -->

   <model name="third_level_nav_cad" defaultActionName="cadMoreAttributeTable" defaultActionType="object">
      <submodel name="generalCADDoc"/>
      <submodel name="relatedItemsCADDoc"/>
      <submodel name="changes"/>
      <submodel name="history"/>
      <submodel name="collaboration"/>
      <submodel name="security3rdnav"/>                <!-- Security -->
      <submodel name="thingworxCustomizeMenu"/>
   </model>

   <!-- "General" 3rd level nav menu -->
   <model name="generalCADDoc" resourceBundle="com.ptc.core.ui.navigationRB">
      <action name="cadVisualizationAndAttributes" type="object"/>
      <action name="primaryAttributes" type="object"/>
      <action name="cadMoreAttributeTable" type="object"/>
      <action name="CDPPContentTableSubTemplate_WF" type="object"/>
      <action name="CDPPAttachment" type="object"/>
      <action name="separator" type="separator"/>
      <action name="WHEREUSEDREPORT" type="object"/>
      <action name="RELATIONSHIPREPORT" type="object"/>
      <action name="separator" type="separator"/>
      <action name="partConfigurations" type="configuration"/>
      <action name="partInstances" type="instance"/>
      <action name="reference" type="notebook"/>
      <action name="separator" type="separator"/>
      <action name="repsAndMarkups" type="wvs"/>
      <action name="markups" type="wvs"/>
   </model>

   <!-- Related Items 3rd level nav menu -->
   <model name="relatedItemsCADDoc" resourceBundle="com.ptc.core.ui.navigationRB">
      <action name="relatedActionItems" type="actionitem"/>
      <action name="relatedParts" type="note"/>
      <action name="relatedBOM" type="note"/>
      <action name="CDPPRelatedPartsSubTemplate_WF" type="object"/>
      <action name="CDPPReference" type="object"/>
      <action name="relatedDeliverables" type="deliverable"/>
      <action name="relatedTranslations" type="translation"/>
	  <action name="translationSummary" type="translation"/>             <!-- Translation Summary -->
      <action name="translationContent" type="translation"/>             <!-- Translation Content -->
      <action name="baseLanguage" type="translation"/>
      <action name="publishedContent" type="object"/>
      <!-- Related Parts Lists table for Dynamic Documents.  Only enabled if SIS Parts is installed -->
      <action name="docRelatedPartsLists" type="techPubs"/>
      <!-- Impact Analysis table for Dynamic Documents. Only enabled if SISAAD is installed -->
      <action name="impactAnalysis" type="rules"/>
      <action name="separator" type="separator"/>
      <action name="annotationSets" type="object"/>
      <action name="separator" type="separator"/>
      <action name="affectedDataTable" type="change"/>
      <action name="affectedEndItemsTable" type="change"/>
      <action name="affectedAndResultingItems" type="changeTask"/>
      <action name="promotionItemsTable" type="promotionRequest"/>
      <action name="separator" type="separator"/>
      <action name="relatedContexts" type="object"/>
      <action name="separator" type="separator"/>
      <action name="implementationPlanTable" type="changeNotice"/>
      <action name="relatedWorkSets" type="workSet"/>
      <action name="separator" type="separator"/>
      <action name="relatedBaselines" type="object"/>
      <action name="separator" type="separator"/>
      <action name="FAMILYTABLEREPORT" type="object"/>
      <action name="separator" type="separator"/>
      <action name="variants" type="generic"/>
      <action name="generics" type="variant"/>
      <action name="variantspecs_all" type="generic"/>
      <action name="mc_content" type="managedcollection"/>
      <action name="relatedPackages" type="wp"/>
      <action name="relatedManagedCollection" type="managedcollection"/>
      <action name="separator" type="separator"/>
      <action name="TraceabilityLinksTable" type="requirement"/>
      <action name="singleLevelTraceability" type="object"/>
      <action name="SpecificationsTable" type="requirement"/>
      <action name="relatedClashes" type="clashReport"/>
      <action name="distributionList" type="tgt"/>
      <action name="separator" type="separator"/>
      <action name="relatedMeetings" type="meeting"/>
   </model>

   <!-- For object type "com.ptc.windchill.cadx.NewEPMDocument" Local Cache Object Actions Menu and 3rd Level Nav bar -->
   <model name="third_level_nav_LocalCache" defaultActionName="cadMoreAttributeTable" defaultActionType="object">
      <submodel name="generalCADDoc_LocalCache"/>
      <submodel name="relatedItemsCADDoc_LocalCache"/>
   </model>

   <!-- "General" 3rd level nav menu -->
   <model name="generalCADDoc_LocalCache" resourceBundle="com.ptc.core.ui.navigationRB">
      <action name="cadVisualizationAndAttributes" type="object"/>
      <action name="primaryAttributes" type="object"/>
      <action name="cadMoreAttributeTable" type="object"/>
      <action name="CDPPContentTableSubTemplate_WF" type="object"/>
      <action name="CDPPAttachment" type="object"/>
       <action name="separator" type="separator"/>
      <action name="WHEREUSEDREPORT" type="object"/>
      <action name="RELATIONSHIPREPORT" type="object"/>
   </model>

   <!-- Related Items 3rd level nav menu -->
   <model name="relatedItemsCADDoc_LocalCache" resourceBundle="com.ptc.core.ui.navigationRB">
       <action name="CDPPReference" type="object"/>
       <action name="separator" type="separator"/>
     <action name="FAMILYTABLEREPORT" type="object"/>
   </model>

   <model name="epmdocuments_LocalCache" menufor="com.ptc.windchill.cadx.NewEPMDocument">
      <action name="OPENINPROE" type="pdmObject"/>
      <action name="OPENINCADTOOL" type="pdmObject"/>
      <action name="OPEN_COCRDRAFT_IN_COCRMOD" type="pdmObject"/> 
      <action name="OPEN_COCRMOD_IN_COCRDRAFT" type="pdmObject"/> 
      <action name="REPLACEMISSDEP" type="pdmObject"/>
      <action name="separator" type="separator"/>
      <action name="WFCHECKIN" type="pdmObject"/>
      <action name="WFUPLOAD" type="pdmObject"/>
      <action name="MULTIEDITATTR" type="pdmObject"/>
      <action name="EDITATTACHMENTS" type="pdmObject"/>      
      <action name="separator" type="separator"/>
      <action name="MULTIRENAME" type="pdmObject"/>
      <action name="WSEXPORT" type="pdmObject"/>
   </model>

<!-- Cad Info Page Tabset -->

   <model name="cadInfoPageTabSet">
     <submodel name="infoDetails_cadx"/>
     <action name="modelStructureGWT" type="msr"/>
     <submodel name="content_cadx" />
     <submodel name="related_cadx" />
     <submodel name="changesTab"/>
     <submodel name="history_cadx" />
     <submodel name="requirementTraceabilityTab" />
     <action name="sysnavTab" type="sysnav"/>
   </model>

<!-- NewEPMDocument (local cache object) Info page tabset -->
   <model name="localCacheObjectCadInfoPageTabSet">
     <submodel name="infoDetails_cadx"/>
     <action name="modelStructureGWT" type="msr"/>
     <submodel name="content_cadx" />
     <submodel name="related_cadx" />
   </model>

<!-- CAR Info Page Tabset -->

   <model name="carInfoPageTabSet">
     <submodel name="infoDetails_cadx"/>
     <action name="carStructure" type="car"/>
     <submodel name="content_cadx" />
     <submodel name="related_cadx" />
     <submodel name="changesTab"/>
     <submodel name="history_cadx" />
     <action name="sysnavTab" type="sysnav"/>
   </model>

   <model name="exportTable" resourceBundle="com.ptc.core.ui.actionsRB">
     <action   name="exportTableCSV"                             type="object" />                                                 <!-- Export List to CSV -->
     <action   name="exportTableHTML"                            type="object" />                                                 <!-- Export List to HTML -->
     <action   name="exportTableTEXT"                            type="object" />                                                 <!-- Export List to Text -->
     <action   name="exportTableXLS"                             type="object"/>                                                  <!-- Export List to XLS -->
     <action   name="exportTableXLSX"                            type="object"/>                                                  <!-- Export List to XLSX -->
     <action   name="exportTableXLSReport"                       type="object"/>                                                  <!-- Export List to XLS Report -->
     <action   name="exportTableXML"                             type="object"/>                                                  <!-- Export List to XML -->
   </model>

<!-- Start: All the entries below this are the Tabset entries. These reports will be seen OOTB in each tabset mentioned below -->

    <model name="infoDetails_cadx" resourceBundle="com.ptc.core.ui.navigationRB">
        <action name="cadVisualizationAndAttributes" type="object"/>
        <action name="primaryAttributes" type="object"/>
        <action name="cadMoreAttributeTable" type="object"/>
    </model>

    <model name="history_cadx" resourceBundle="com.ptc.core.ui.navigationRB">
        <action name="versionHistory" type="history"/>
        <action name="timelineHistory" type="history"/>
    </model>

    <model name="related_cadx" resourceBundle="com.ptc.core.ui.navigationRB">
      <action name="WHEREUSEDREPORT" type="object"/>
      <action name="relatedParts" type="note"/>
      <action name="relatedBOM" type="note"/>
      <action name="CDPPRelatedPartsSubTemplate_WF" type="object"/>
      <action name="CDPPReference" type="object"/>
      <action name="distributionList" type="tgt"/>
    </model>

    <model name="content_cadx" resourceBundle="com.ptc.core.ui.navigationRB">
      <action name="CDPPContentTableSubTemplate_WF" type="object"/>
      <action name="CDPPAttachment" type="object"/>
      <action name="repsAndMarkups" type="wvs"/>
    </model>

<!-- End: All the entries above this are the Tabset entries. These reports will be seen OOTB in each tabset mentioned below -->

    <!-- The following toolbar is defined and not used; we do this so that the icons for the associated actions will appear in menus
         See http://rdwiki.ptcnet.ptc.com/mediawiki/index.php?title=DR129_New_Naming_Conventions_for_Toolbar_and_Menubar_Action_Model
         See SPR 2043906
    -->
    <model name="toolbar to enable some OPENIN icons">
        <action name="OPENINPROE" type="pdmObject"/>
        <action name="OPENINARBORTEXT" type="epmdocument"/>
        
        <action name="OPENINCADTOOL" type="pdmObject"/>
        <action name="OPENINCADTOOL_ACAD" type="pdmObject"/>
        <action name="OPENINCADTOOL_CADDS5" type="pdmObject"/>
        <action name="OPENINCADTOOL_COCRMOD" type="pdmObject"/>
        <action name="OPENINCADTOOL_COCRDRAFT" type="pdmObject"/>
        <action name="OPENINCADTOOL_ECADBRD" type="pdmObject"/>
        <action name="OPENINCADTOOL_ECADSCH" type="pdmObject"/>
        <action name="OPENINCADTOOL_ECADDOC" type="pdmObject"/>
        <action name="OPENINCADTOOL_ECADMANUFACT" type="pdmObject"/>
        <action name="OPENINCADTOOL_INVENTOR" type="pdmObject"/>
        <action name="OPENINCADTOOL_ISODRAW" type="pdmObject"/>
        <action name="OPENINCADTOOL_MATHCAD" type="pdmObject"/>
        <action name="OPENINCADTOOL_RSDSCH" type="pdmObject"/>
        <action name="OPENINCADTOOL_GALAXY" type="pdmObject"/>
        
        <action name="OPEN_COCRDRAFT_IN_COCRMOD" type="pdmObject"/>  <!-- open drawing in modeling -->
        <action name="OPEN_COCRMOD_IN_COCRDRAFT" type="pdmObject"/>  
    </model>
<!-- this dummy action added to show the upload icon in Action drop down in details page. If any other Icon need to be display,please make dummy action entry here-->
    <model name="toolbar for upload">
        <action name="WFUPLOAD" type="pdmObject"/> 
    </model>

    <model name="edit ecad definitions">
      <action name="selectHooks" type="pdmObject"/>                     <!-- Select Hooks -->
      <action name="EditBOMDefinitions" type="pdmObject"/>              <!-- Edit BOM Attributes Mapping -->
      <action name="EditBOMFilterDefinitions" type="pdmObject"/>    <!-- Edit BOM Filter Definition-->
      <action name="AttachmentsDefinitions" type="pdmObject"/>          <!-- Select Attachment Definitions -->
      <action name="EditHookDefinitions" type="pdmObject"/>             <!-- Edit Hook Definition -->
      <action name="editBomDefinition" type="pdmObject"/>               <!-- Edit BOM Definition -->
      <action name="editContDef" type="pdmObject"/>                     <!-- Edit Content Definition -->
    </model>

</actionmodels>

