<?xml version="1.0"?>
<!DOCTYPE actionmodels SYSTEM '../../actionmodels.dtd'>

  <!-- define the actions on the UI components -->
<actionmodels>
  <model name="wsbToolBar">
    <action name="editingGroupGWT" type="psb"/>
    <action name="editSplitGWT" type="wsb"/>
    <action name="editAttributesGWT" type="wsb"/>
    <action name="editAssociationsGWT" type="wsb"/>
    <action name="autoAssociateGWT" type="wsb"/>
    <action name="setStateGWT" type="wsb"/>
    <action name="addGWT" type="wsb"/>
    <action name="removeGWT" type="wsb"/>
    
     <action name="checkInOutGroupGWT" type="psb"/>
     <action name="checkoutGWT" type="wsb"/>
     <action name="checkinGWT" type="wsb"/>
     <action name="undocheckoutGWT" type="wsb"/>
     
     <action name="newGroupGWT" type="wsb" />
     <action name="newActionsGWT" type="psb" />
     <action name="newCadDocGWT" type="wsb" />
     <action name="newPartGWT" type="wsb" />
     <action name="newDataGWT" type="wsb" />
     <action name="newGraphicsGWT" type="wsb"/>
     <action name="newRevisionGWT" type="wsb"/>
     <action name="saveAsGWT" type="wsb" />
     <action name="renameGWT" type="wsb" />
     
     <action name="toolsGroupGWT" type="psb" />
     <action name="openActionsGWT" type="psb" />
     <action name="openInCreoGWT" type="wsb" />
     <action name="openInCreoViewGWT" type="wsb" />
     <action name="refreshGWT" type="wsb" />
     <action name="updateGWT" type="wsb" />
     

     <action name="psbReportsGroupGWT" type="psb" />
     <action name="exportActionsGWT" type="cat"/>
     <action name="exportCsvGWT" type="cat"/>
     <action name="exportHtmlGWT" type="cat"/>
     <action name="exportPdfGWT" type="cat" />
     <action name="exportTextGWT" type="cat"/>
     <action name="exportXlsGWT" type="cat"/>
     <action name="exportXlsxGWT" type="cat"/>
     <action name="exportXlsReportGWT" type="cat"/>
     <action name="exportXmlGWT" type="cat"/>
    
  </model>>
</actionmodels>
